Id,Name,MapId,DifficultyId,OrderIndex,Unknown5,Bit,CreatureDisplayId,Flags,SpellIconFileId,Unknown1
"227","High Interrogator Gerstahn","230","1","0","4625","0","0","4","0","-1"
"228","Lord Roccor","230","1","1000","4626","1","0","4","0","-1"
"229","Houndmaster Grebmar","230","1","2000","4627","2","0","4","0","-1"
"230","Ring of Law","230","1","3000","4628","3","0","4","0","-1"
"231","Pyromancer Loregrain","230","1","4000","4629","4","0","4","0","-1"
"232","Lord Incendius","230","1","5000","4630","5","0","4","0","-1"
"233","Warder Stilgiss","230","1","6000","4633","6","0","4","0","-1"
"234","Fineous Darkvire","230","1","7000","4634","7","0","4","0","-1"
"235","Bael'Gar","230","1","8000","4635","8","0","4","0","-1"
"236","General Angerforge","230","1","9000","4636","9","0","4","0","-1"
"237","Golem Lord Argelmach","230","1","10000","4637","10","0","4","0","-1"
"238","Hurley Blackbreath","230","1","11000","4638","11","0","4","0","-1"
"239","Phalanx","230","1","12000","4639","12","0","4","0","-1"
"240","Ribbly Screwspigot","230","1","13000","4640","13","0","4","0","-1"
"241","Plugger Spazzring","230","1","14000","4641","14","0","4","0","-1"
"242","Ambassador Flamelash","230","1","15000","4642","15","0","4","0","-1"
"243","The Seven","230","1","16000","4643","16","0","4","0","-1"
"244","Magmus","230","1","17000","4644","17","0","4","0","-1"
"245","Emperor Dagran Thaurissan","230","1","18000","4645","18","0","4","0","-1"
"250","Yor","557","2","1500","4607","3","0","4","0","-1"
"267","Highlord Omokk","229","1","0","4646","0","0","4","0","-1"
"268","Shadow Hunter Vosh'gajin","229","1","1000","4647","1","0","4","0","-1"
"269","War Master Voone","229","1","2000","4648","2","0","4","0","-1"
"270","Mother Smolderweb","229","1","3000","4649","3","0","4","0","-1"
"271","Urok Doomhowl","229","1","4000","4650","4","0","4","0","-1"
"272","Quartermaster Zigris","229","1","5000","4651","5","0","4","0","-1"
"273","Gizrul the Slavener","229","1","6000","4652","6","0","4","0","-1"
"274","Halycon","229","1","5500","4653","7","0","4","0","-1"
"275","Overlord Wyrmthalak","229","1","8000","4654","8","0","4","0","-1"
"343","Zevrim Thornhoof","429","1","0","4669","0","0","4","0","-1"
"344","Hydrospawn","429","1","1000","4670","1","0","4","0","-1"
"345","Lethtendris","429","1","2000","4671","2","0","4","0","-1"
"346","Alzzin the Wildshaper","429","1","3000","4672","3","0","4","0","-1"
"347","Illyanna Ravenoak","429","1","4000","4676","4","0","4","0","-1"
"348","Magister Kalendris","429","1","5000","4675","5","0","4","0","-1"
"349","Immol'thar","429","1","6000","4676","6","0","4","0","-1"
"350","Tendris Warpwood","429","1","3500","4673","7","0","4","0","-1"
"361","Prince Tortheldrin","429","1","7000","4677","8","0","4","0","-1"
"362","Guard Mol'dar","429","1","8000","4678","9","0","4","0","-1"
"363","Stomper Kreeg","429","1","9000","4679","10","0","4","0","-1"
"364","Guard Fengus","429","1","10000","4680","11","0","4","0","-1"
"365","Guard Slip'kik","429","1","11000","4681","12","0","4","0","-1"
"366","Captain Kromcrush","429","1","12000","4682","13","0","4","0","-1"
"367","Cho'Rush the Observer","429","1","13000","4683","14","0","4","0","-1"
"368","King Gordok","429","1","14000","1544","15","0","4","0","-1"
"378","Viscous Fallout","90","1","2500","4693","1","0","4","0","-1"
"379","Grubbis","90","1","2000","4694","2","0","4","0","-1"
"380","Electrocutioner 6000","90","1","3000","4695","3","0","4","0","-1"
"381","Crowd Pummeler 9-60","90","1","4000","4696","4","0","4","0","-1"
"382","Mekgineer Thermaplugg","90","1","5000","4697","5","0","4","0","-1"
"422","Noxxion","349","1","0","4703","0","0","4","0","-1"
"423","Razorlash","349","1","1000","4704","1","0","4","0","-1"
"424","Lord Vyletongue","349","1","2000","4705","2","0","4","0","-1"
"425","Celebras the Cursed","349","1","3000","4706","3","0","4","0","-1"
"426","Landslide","349","1","4000","4707","4","0","4","0","-1"
"427","Tinkerer Gizlock","349","1","1500","4708","5","0","4","0","-1"
"428","Rotgrip","349","1","6000","4709","6","0","4","0","-1"
"429","Princess Theradras","349","1","7000","4710","7","0","4","0","-1"
"438","Roogug","47","1","375","8591","0","0","0","0","-1"
"444","Interrogator Vishas","189","1","0","4567","0","0","0","0","-1"
"446","Houndmaster Loksey","189","1","2000","4569","2","0","0","0","-1"
"447","Arcanist Doan","189","1","3000","4570","3","0","0","0","-1"
"448","Herod","189","1","4000","4571","4","0","0","0","-1"
"449","High Inquisitor Fairbanks","189","1","5000","4572","5","0","0","0","-1"
"450","High Inquisitor Whitemane","189","1","6000","1201","6","0","0","0","-1"
"451","Kirtonos the Herald","289","1","0","4573","0","0","0","0","-1"
"452","Jandice Barov","289","1","1000","4574","1","0","0","0","-1"
"453","Rattlegore","289","1","2000","4575","2","0","0","0","-1"
"454","Marduk Blackpool","289","1","3000","4576","3","0","0","0","-1"
"455","Vectus","289","1","4000","4577","4","0","0","0","-1"
"456","Ras Frostwhisper","289","1","5000","4578","5","0","0","0","-1"
"457","Instructor Malicia","289","1","6000","4588","6","0","0","0","-1"
"458","Doctor Theolen Krastinov","289","1","7000","4589","7","0","0","0","-1"
"459","Lorekeeper Polkelt","289","1","8000","4590","8","0","0","0","-1"
"460","The Ravenian","289","1","9000","4591","9","0","0","0","-1"
"461","Lord Alexei Barov","289","1","10000","4592","10","0","0","0","-1"
"462","Lady Illucia Barov","289","1","11000","4593","11","0","0","0","-1"
"463","Darkmaster Gandling","289","1","12000","4594","12","0","0","0","-1"
"472","The Unforgiven","329","1","6500","4719","0","0","4","0","-1"
"473","Hearthsinger Forresten","329","1","1000","4720","1","0","4","0","-1"
"474","Timmy the Cruel","329","1","2000","4721","2","0","4","0","-1"
"475","Willey Hopebreaker","329","1","3000","4723","3","0","4","0","-1"
"476","Commander Malor","329","1","2500","4722","4","0","4","0","-1"
"477","Instructor Galford","329","1","5000","4724","5","0","4","0","-1"
"478","Balnazzar","329","1","6000","4725","6","0","4","0","-1"
"479","Baroness Anastari","329","1","7000","4726","7","0","4","0","-1"
"480","Nerub'enkan","329","1","8000","4727","8","0","4","0","-1"
"481","Maleki the Pallid","329","1","9000","4728","9","0","4","0","-1"
"482","Magistrate Barthilas","329","1","10000","4729","10","0","4","0","-1"
"483","Ramstein the Gorger","329","1","11000","4730","11","0","4","0","-1"
"484","Lord Aurius Rivendare","329","1","12000","4731","12","0","4","0","-1"
"486","Dreamscythe","109","1","1000","4734","1","0","4","0","-1"
"487","Weaver","109","1","2000","4735","2","0","4","0","-1"
"488","Jammal'an the Prophet","109","1","500","121","3","0","4","0","-1"
"490","Morphaz","109","1","5000","4737","5","0","4","0","-1"
"491","Hazzas","109","1","6000","4738","6","0","4","0","-1"
"492","Avatar of Hakkar","109","1","-500","4739","7","0","4","0","-1"
"493","Shade of Eranikus","109","1","8000","4740","8","0","4","0","-1"
"519","Frozen Commander","576","2","0","3685","0","0","0","0","-1"
"520","Grand Magus Telestra","576","1","0","3691","1","0","4","0","-1"
"521","Grand Magus Telestra","576","2","1000","3691","1","0","0","0","-1"
"522","Anomalus","576","1","1000","3692","2","0","0","0","-1"
"523","Anomalus","576","2","2000","3692","2","0","0","0","-1"
"524","Ormorok the Tree-Shaper","576","1","2000","3693","3","0","0","0","-1"
"525","Ormorok the Tree-Shaper","576","2","3000","3693","3","0","0","0","-1"
"526","Keristrasza","576","1","3000","3694","4","0","0","0","-1"
"527","Keristrasza","576","2","4000","3694","4","0","0","0","-1"
"528","Drakos the Interrogator","578","1","0","3869","0","0","0","0","-1"
"529","Drakos the Interrogator","578","2","1000","3869","0","0","0","0","-1"
"530","Varos Cloudstrider","578","1","1000","3871","1","0","0","0","-1"
"531","Varos Cloudstrider","578","2","2000","3871","1","0","0","0","-1"
"532","Mage-Lord Urom","578","1","2000","3872","2","0","0","0","-1"
"533","Mage-Lord Urom","578","2","3000","3872","2","0","0","0","-1"
"534","Ley-Guardian Eregos","578","1","3000","3873","3","0","0","0","-1"
"535","Ley-Guardian Eregos","578","2","4000","3873","3","0","0","0","-1"
"547","Revelosh","70","1","0","4758","0","0","4","0","-1"
"548","The Lost Dwarves","70","1","1000","4761","1","0","4","0","-1"
"549","Ironaya","70","1","2000","4762","2","0","4","0","-1"
"551","Ancient Stone Keeper","70","1","4000","4764","4","0","4","0","-1"
"552","Galgann Firehammer","70","1","5000","4765","5","0","4","0","-1"
"553","Grimlok","70","1","6000","4766","6","0","4","0","-1"
"554","Archaedas","70","1","7000","4767","7","0","4","0","-1"
"585","Lady Anacondra","43","1","0","4776","0","0","4","0","-1"
"586","Lord Cobrahn","43","1","1000","4777","1","0","4","0","-1"
"587","Kresh","43","1","2000","4778","2","0","4","0","-1"
"588","Lord Pythas","43","1","3000","4779","3","0","4","0","-1"
"589","Skum","43","1","4000","4780","4","0","4","0","-1"
"590","Lord Serpentis","43","1","5000","4781","5","0","4","0","-1"
"591","Verdan the Everliving","43","1","6000","4782","6","0","4","0","-1"
"592","Mutanus the Devourer","43","1","7000","4783","7","0","4","0","-1"
"593","Hydromancer Velratha","209","1","0","4784","0","0","4","0","-1"
"594","Ghaz'rilla","209","1","1000","4785","1","0","4","0","-1"
"595","Antu'sul","209","1","2000","4786","2","0","4","0","-1"
"596","Theka the Martyr","209","1","3000","4787","3","0","4","0","-1"
"597","Witch Doctor Zum'rah","209","1","4000","4788","4","0","4","0","-1"
"598","Nekrum Gutchewer","209","1","5000","4789","5","0","4","0","-1"
"599","Shadowpriest Sezz'ziz","209","1","6000","4790","6","0","4","0","-1"
"600","Chief Ukorz Sandscalp","209","1","7000","4791","7","0","4","0","-1"
"601","High Warlord Naj'entus","564","0","0","3013","0","21174","6","0","-1"
"602","Supremus","564","0","1000","3012","1","21145","6","0","-1"
"603","Shade of Akama","564","0","2000","3058","2","21357","6","0","-1"
"604","Teron Gorefiend","564","0","3000","4792","3","21254","6","0","-1"
"605","Gurtogg Bloodboil","564","0","4000","3014","4","21443","6","0","-1"
"606","Reliquary of Souls","564","0","5000","4793","5","21483","6","0","-1"
"607","Mother Shahraz","564","0","6000","12150","6","21252","6","0","-1"
"608","The Illidari Council","564","0","7000","3030","7","21416","6","0","-1"
"609","Illidan Stormrage","564","0","8000","4794","8","21135","7","0","-1"
"610","Razorgore the Untamed","469","0","0","4795","0","10115","6","0","-1"
"611","Vaelastrasz the Corrupt","469","0","1000","4796","1","13992","6","0","-1"
"612","Broodlord Lashlayer","469","0","2000","4797","2","14308","6","0","-1"
"613","Firemaw","469","0","3000","4798","3","6377","6","0","-1"
"614","Ebonroc","469","0","4000","4799","4","6377","6","0","-1"
"615","Flamegor","469","0","5000","4800","5","6377","6","0","-1"
"616","Chromaggus","469","0","6000","4801","6","14367","6","0","-1"
"617","Nefarian","469","0","7000","1641","7","11380","7","0","-1"
"618","Rage Winterchill","534","0","0","2519","0","17444","6","0","-1"
"619","Anetheron","534","0","1000","2464","1","21069","6","0","-1"
"620","Kaz'rogal","534","0","2000","2523","2","17886","6","0","-1"
"621","Azgalor","534","0","3000","2487","3","18526","6","0","-1"
"622","Archimonde","534","0","4000","2530","4","20939","7","0","-1"
"623","Hydross the Unstable","548","0","0","2853","0","20162","6","0","-1"
"624","The Lurker Below","548","0","1000","2855","1","20216","6","0","-1"
"625","Leotheras the Blind","548","0","2000","2857","2","20514","6","0","-1"
"626","Fathom-Lord Karathress","548","0","3000","2856","3","20662","6","0","-1"
"627","Morogrim Tidewalker","548","0","4000","2854","4","20739","6","0","-1"
"628","Lady Vashj","548","0","5000","4802","5","20748","7","0","-1"
"649","High King Maulgar","565","0","0","2778","0","18649","2","0","-1"
"650","Gruul the Dragonkiller","565","0","1000","4804","1","18698","3","0","-1"
"651","Magtheridon","544","0","0","4805","0","18527","7","0","-1"
"652","Attumen the Huntsman","532","0","0","2315","0","16416","4","0","-1"
"653","Moroes","532","0","1000","2309","1","16540","4","0","-1"
"654","Maiden of Virtue","532","0","2000","4806","2","16198","4","0","-1"
"655","Opera Hall","532","0","3000","2381","3","17053","4","0","-1"
"656","The Curator","532","0","4000","2501","4","16958","4","0","-1"
"657","Terestian Illhoof","532","0","5000","2336","5","11343","4","0","-1"
"658","Shade of Aran","532","0","6000","2910","6","16621","4","0","-1"
"659","Netherspite","532","0","7000","2865","7","15363","4","0","-1"
"660","Chess Event","532","0","8000","2517","8","16293","4","0","-1"
"661","Prince Malchezaar","532","0","9000","4807","9","19274","4","0","-1"
"662","Nightbane","532","0","10000","4808","10","18062","4","0","-1"
"663","Lucifron","409","0","0","4809","0","13031","6","0","-1"
"664","Magmadar","409","0","1000","847","1","10193","6","0","-1"
"665","Gehennas","409","0","2000","848","2","13030","6","0","-1"
"666","Garr","409","0","3000","846","3","12110","6","0","-1"
"667","Shazzrah","409","0","4000","850","4","13032","6","0","-1"
"668","Baron Geddon","409","0","5000","845","5","12129","6","0","-1"
"669","Sulfuron Harbinger","409","0","6000","761","6","13030","6","0","-1"
"670","Golemagg the Incinerator","409","0","7000","741","7","11986","6","0","-1"
"671","Majordomo Executus","409","0","8000","1502","8","12029","6","0","-1"
"672","Ragnaros","409","0","9000","1666","9","11121","7","0","-1"
"709","The Prophet Skeram","531","0","0","4821","0","15345","6","0","-1"
"710","Silithid Royalty","531","0","1000","4822","1","15656","6","0","-1"
"711","Battleguard Sartura","531","0","2000","4823","2","15583","6","0","-1"
"712","Fankriss the Unyielding","531","0","3000","4824","3","15743","6","0","-1"
"713","Viscidus","531","0","4000","4825","4","15686","6","0","-1"
"714","Princess Huhuran","531","0","5000","4826","5","15739","6","0","-1"
"715","Twin Emperors","531","0","6000","4827","6","15761","6","0","-1"
"716","Ouro","531","0","7000","2296","7","15509","6","0","-1"
"717","C'Thun","531","0","8000","4828","8","15787","7","0","-1"
"718","Kurinnaxx","509","0","0","4811","0","15742","6","0","-1"
"719","General Rajaxx","509","0","1000","2174","1","15376","6","0","-1"
"720","Moam","509","0","2000","4812","2","15392","6","0","-1"
"721","Buru the Gorger","509","0","3000","4813","3","15654","6","0","-1"
"722","Ayamiss the Hunter","509","0","4000","4814","4","15431","6","0","-1"
"723","Ossirian the Unscarred","509","0","5000","4815","5","15432","7","0","-1"
"724","Kalecgos","580","0","0","3434","0","23345","6","0","-1"
"725","Brutallus","580","0","1000","3336","1","22711","6","0","-1"
"726","Felmyst","580","0","2000","3337","2","22838","6","0","-1"
"727","Eredar Twins","580","0","3000","3435","3","23334","6","0","-1"
"728","M'uru","580","0","4000","3423","4","23404","6","0","-1"
"729","Kil'jaeden","580","0","5000","4816","5","23200","7","0","-1"
"730","Al'ar","550","0","0","4817","0","18945","6","0","-1"
"731","Void Reaver","550","0","1000","4818","1","18951","6","0","-1"
"732","High Astromancer Solarian","550","0","2000","4819","2","18239","6","0","-1"
"733","Kael'thas Sunstrider","550","0","3000","4820","3","20023","7","0","-1"
"784","High Priest Venoxis","309","1","0","1967","0","0","0","0","-1"
"785","High Priestess Jeklik","309","1","-1000","1968","1","0","0","0","-1"
"786","High Priestess Mar'li","309","1","2000","1969","2","0","0","0","-1"
"787","Bloodlord Mandokir","309","1","3000","4839","3","0","0","0","-1"
"788","Edge of Madness","309","1","4000","4850","4","0","0","0","-1"
"789","High Priest Thekal","309","1","5000","1970","5","0","0","0","-1"
"790","Gahz'ranka","309","1","6000","4840","6","0","0","0","-1"
"791","High Priestess Arlokk","309","1","7000","1971","7","0","0","0","-1"
"792","Jin'do the Hexxer","309","1","8000","4841","8","0","0","0","-1"
"793","Hakkar","309","1","9000","4844","9","0","0","0","-1"
"1022","Atramedes","669","0","0","5182","0","34547","6","0","-1"
"1023","Chimaeron","669","0","1000","5318","1","33308","6","0","-1"
"1024","Magmaw","669","0","-500","5301","2","35496","14","0","-1"
"1025","Maloriak","669","0","3000","5315","3","33186","6","0","-1"
"1026","Nefarian's End","669","0","4000","5203","4","32716","7","0","-1"
"1027","Omnotron Defense System","669","0","-1000","5303","5","32688","6","0","-1"
"1028","Ascendant Council","671","0","2000","5339","0","35064","10","0","-1"
"1029","Cho'gall","671","0","2500","5494","1","34576","11","0","-1"
"1030","Halfus Wyrmbreaker","671","0","-1000","5380","2","34816","10","0","-1"
"1032","Theralion and Valiona","671","0","1500","5517","4","34812","10","0","-1"
"1033","Argaloth","757","0","0","5575","0","35426","14","0","-1"
"1034","Al'Akir","754","0","0","5565","0","35248","11","0","-1"
"1035","Conclave of Wind","754","0","-1000","5563","1","35232","6","0","-1"
"1036","Ascendant Lord Obsidius","645","0","0","5131","0","36465","4","0","-1"
"1037","Beauty","645","0","-1000","5129","1","34433","4","0","-1"
"1038","Corla, Herald of Twilight","645","0","-2000","5112","2","31546","4","0","-1"
"1039","Karsh Steelbender","645","0","-1500","5119","3","31710","4","0","-1"
"1040","Rom'ogg Bonecrusher","645","0","-3000","5127","4","33147","4","0","-1"
"1041","Altairus","657","0","0","5497","0","34265","4","0","-1"
"1042","Asaad","657","0","1000","5496","1","35388","4","0","-1"
"1043","Grand Vizier Ertan","657","0","-1000","5500","2","35181","4","0","-1"
"1044","Commander Ulthok","643","0","0","5325","0","33792","4","0","-1"
"1045","Lady Naz'jar","643","0","-1000","5125","1","34342","4","0","-1"
"1046","Mindbender Ghur'sha","643","0","1000","5326","2","32259","4","0","-1"
"1047","Ozumat","643","0","2000","5557","3","34135","4","0","-1"
"1048","Drahga Shadowburner","670","0","0","5098","0","31792","4","0","-1"
"1049","Erudax","670","0","1000","5175","1","33428","4","0","-1"
"1050","Forgemaster Throngus","670","0","-1000","5077","2","33429","4","0","-1"
"1051","General Umbriss","670","0","-2000","5065","3","31498","4","0","-1"
"1052","General Husam","755","0","0","5389","0","34743","4","0","-1"
"1053","High Prophet Barim","755","0","1000","5382","1","34744","4","0","-1"
"1054","Lockmaw","755","0","2000","5562","2","33438","4","0","-1"
"1055","Siamat","755","0","3000","5476","3","35388","4","0","-1"
"1056","Corborus","725","0","0","5569","0","33477","4","0","-1"
"1057","High Priestess Azil","725","0","1000","5572","1","26448","4","0","-1"
"1058","Ozruk","725","0","500","5571","2","36475","4","0","-1"
"1059","Slabhide","725","0","250","5570","3","36476","4","0","-1"
"1060","""Captain"" Cookie","36","0","0","5556","0","1305","4","0","-1"
"1062","Admiral Ripsnarl","36","0","-1000","5555","1","35739","4","0","-1"
"1063","Foe Reaper 5000","36","0","-2000","5554","2","35606","4","0","-1"
"1064","Glubtok","36","0","-3000","5538","3","32914","4","0","-1"
"1065","Helix Gearbreaker","36","0","-2500","5549","4","33002","4","0","-1"
"1069","Baron Ashbury","33","0","0","5551","0","34609","4","0","-1"
"1070","Baron Silverlaine","33","0","1000","4597","1","3222","4","0","-1"
"1071","Commander Springvale","33","0","2000","4598","2","3223","4","0","-1"
"1072","Lord Godfrey","33","0","3000","5553","3","33824","4","0","-1"
"1073","Lord Walden","33","0","2500","5552","4","34612","4","0","-1"
"1074","Ammunae","644","0","0","5166","0","32943","4","0","-1"
"1075","Anraphet","644","0","-1000","5107","1","34580","4","0","-1"
"1076","Earthrager Ptah","644","0","-2000","5165","2","31450","4","0","-1"
"1077","Isiset","644","0","-500","5002","3","33465","4","0","-1"
"1078","Rajh","644","0","1000","5168","4","33177","4","0","-1"
"1079","Setesh","644","0","500","5167","5","33055","4","0","-1"
"1080","Temple Guardian Anhuur","644","0","-3000","4985","6","35067","4","0","-1"
"1081","Vanessa VanCleef","36","2","1000","5613","5","32806","4","0","-1"
"1082","Sinestra","671","5","3500","5523","3","34335","11","0","-1"
"1083","Sinestra","671","6","3500","5523","3","34335","11","0","-1"
"1084","Onyxia","249","0","0","4810","0","8570","7","0","-1"
"1085","Anub'arak","649","0","5000","4241","0","29268","11","0","-1"
"1086","Faction Champions","649","0","3000","4803","1","33909","10","0","-1"
"1087","Lord Jaraxxus","649","0","2000","4272","2","29615","10","0","-1"
"1088","Northrend Beasts","649","0","0","4370","3","21601","10","0","-1"
"1089","Val'kyr Twins","649","0","4000","4334","4","29240","10","0","-1"
"1090","Sartharion","615","0","4000","4833","0","27035","7","0","-1"
"1091","Shadron","615","0","3000","4831","1","0","4","0","-1"
"1092","Tenebron","615","0","2000","4830","2","0","4","0","-1"
"1093","Vesperon","615","0","0","4832","3","0","4","0","-1"
"1094","Malygos","616","0","0","4829","0","26752","2","0","-1"
"1095","Blood Council","631","0","7000","4733","0","25338","10","0","-1"
"1096","Deathbringer Saurfang","631","0","3000","4519","1","30790","2","0","-1"
"1097","Festergut","631","0","5000","4870","2","31006","10","0","-1"
"1098","Valithria Dreamwalker","631","0","10000","4855","3","30318","6","0","-1"
"1099","Icecrown Gunship Battle","631","0","2000","4492","4","29489","10","0","-1"
"1100","Lady Deathwhisper","631","0","1000","4869","5","30893","10","0","-1"
"1101","Lord Marrowgar","631","0","0","4471","6","31119","10","0","-1"
"1102","Professor Putricide","631","0","6000","4871","7","30881","10","0","-1"
"1103","Queen Lana'thel","631","0","9000","4868","8","31093","10","0","-1"
"1104","Rotface","631","0","4000","4435","9","31005","10","0","-1"
"1105","Sindragosa","631","0","12000","4842","10","30362","10","0","-1"
"1106","The Lich King","631","0","14000","4910","11","30721","7","0","-1"
"1107","Anub'Rekhan","533","0","0","2255","0","15931","14","0","-1"
"1108","Gluth","533","0","1000","2242","1","16064","14","0","-1"
"1109","Gothik the Harvester","533","0","500","2238","2","16279","14","0","-1"
"1110","Grand Widow Faerlina","533","0","250","2256","3","15940","14","0","-1"
"1111","Grobbulus","533","0","750","2247","4","16035","14","0","-1"
"1112","Heigan the Unclean","533","0","375","2258","5","16309","14","0","-1"
"1113","Instructor Razuvious","533","0","437","2307","6","16582","14","0","-1"
"1114","Kel'Thuzad","533","0","2000","2269","7","15945","7","0","-1"
"1115","Loatheb","533","0","406","2245","8","16110","14","0","-1"
"1116","Maexxna","533","0","312","2253","9","15928","14","0","-1"
"1117","Noth the Plaguebringer","533","0","343","2257","10","16590","14","0","-1"
"1118","Patchwerk","533","0","625","2244","11","16174","14","0","-1"
"1119","Sapphiron","533","0","1500","2268","12","16033","14","0","-1"
"1120","Thaddius","533","0","1250","2243","13","16137","14","0","-1"
"1121","The Four Horsemen","533","0","562","4012","14","10729","6","0","-1"
"1126","Archavon the Stone Watcher","624","0","0","4836","0","26967","10","0","-1"
"1127","Emalon the Storm Watcher","624","0","1000","4837","1","27108","10","0","-1"
"1128","Koralon the Flame Watcher","624","0","2000","4838","2","29524","10","0","-1"
"1129","Toravon the Ice Watcher","624","0","3000","4895","3","31089","10","0","-1"
"1130","Algalon the Observer","603","0","0","4093","0","28641","66","0","-1"
"1131","Auriaya","603","0","-1000","4140","1","28651","6","0","-1"
"1132","Flame Leviathan","603","0","-2000","4114","2","28875","6","0","-1"
"1133","Freya","603","0","-500","4059","3","28777","6","0","-1"
"1134","General Vezax","603","0","-250","4067","4","28548","6","0","-1"
"1135","Hodir","603","0","-750","4050","5","28743","6","0","-1"
"1136","Ignis the Furnace Master","603","0","-1500","4834","6","29185","6","0","-1"
"1137","Kologarn","603","0","-1250","4089","7","28638","6","0","-1"
"1138","Mimiron","603","0","-375","4060","8","28578","6","0","-1"
"1139","Razorscale","603","0","-1375","4835","9","28787","6","0","-1"
"1140","The Assembly of Iron","603","0","-1312","4091","10","28324","6","0","-1"
"1141","Thorim","603","0","-625","4057","11","28977","6","0","-1"
"1142","XT-002 Deconstructor","603","0","-1343","4138","12","28611","6","0","-1"
"1143","Yogg-Saron","603","0","-125","4121","13","28817","7","0","-1"
"1144","Hogger","34","1","1000","5509","3","501","4","0","-1"
"1145","Lord Overheat","34","1","2000","5510","4","1204","4","0","-1"
"1146","Randolph Moloch","34","1","3000","5511","5","35068","4","0","-1"
"1147","Baltharus the Warborn","724","0","0","5031","0","31761","4","0","-1"
"1148","General Zarithrian","724","0","1000","5033","1","32179","4","0","-1"
"1149","Saviana Ragefire","724","0","500","5032","2","31577","4","0","-1"
"1150","Halion","724","0","2000","5048","3","31952","6","0","-1"
"1164","Elder Brightleaf","603","0","-562","5630","14","29174","0","0","-1"
"1165","Elder Ironbranch","603","0","-531","5631","15","29175","0","0","-1"
"1166","Elder Stonebark","603","0","-515","5632","16","29176","0","0","-1"
"1178","High Priest Venoxis","859","0","0","5779","0","37788","12","0","-1"
"1179","Bloodlord Mandokir","859","0","1000","5810","1","11288","12","0","-1"
"1180","High Priestess Kilnara","859","0","2000","5780","2","37805","4","0","-1"
"1181","Zanzil","859","0","3000","5769","3","37813","12","0","-1"
"1182","Jin'do the Godbreaker","859","0","4000","5778","4","37789","4","0","-1"
"1185","Majordomo Staghelm","720","0","0","5827","0","37953","14","0","-1"
"1188","Cache of Madness","859","0","1500","5824","5","37831","4","0","-1"
"1189","Akil'zon","568","0","0","3122","0","21630","12","0","-1"
"1190","Nalorakk","568","0","1000","3077","1","21631","12","0","-1"
"1191","Jan'alai","568","0","2000","3153","2","21633","12","0","-1"
"1192","Halazzi","568","0","3000","3152","3","21632","12","0","-1"
"1193","Hex Lord Malacrass","568","0","4000","3146","4","22332","12","0","-1"
"1194","Daakara","568","0","5000","3148","5","38118","12","0","-1"
"1197","Beth'tilac","720","0","-4000","5882","1","38227","14","0","-1"
"1200","Baleroc","720","0","-1000","5898","2","38621","14","0","-1"
"1203","Ragnaros","720","0","2000","5911","3","37875","15","0","-1"
"1204","Lord Rhyolith","720","0","-3000","5872","4","38414","6","0","-1"
"1205","Shannox","720","0","-2375","5919","5","38448","14","0","-1"
"1206","Alysrazor","720","0","-1750","5942","6","38044","14","0","-1"
"1250","Occu'thar","757","0","1000","5821","1","37876","14","0","-1"
"1271","Murozond","938","0","8000","6048","4","38931","4","0","-1"
"1272","Peroth'arn","939","0","0","6067","0","39182","4","0","-1"
"1273","Queen Azshara","939","0","1000","6038","1","38863","4","0","-1"
"1274","Mannoroth","939","0","2000","6055","2","38996","4","0","-1"
"1291","Spine of Deathwing","967","0","0","6097","0","35361","6","0","-1"
"1292","Morchok","967","0","-1000","6082","1","34255","2","0","-1"
"1294","Warlord Zon'ozz","967","0","-500","6084","2","39138","2","0","-1"
"1295","Yor'sahj the Unsleeping","967","0","-250","6102","3","32501","2","0","-1"
"1296","Hagara","967","0","-125","6106","4","39318","2","0","-1"
"1297","Ultraxion","967","0","-62","6128","5","39099","2","0","-1"
"1298","Warmaster Blackhorn","967","0","-31","6134","6","39399","2","0","-1"
"1299","Madness of Deathwing","967","0","1000","6142","7","40087","7","0","-1"
"1303","Gu Cloudstrike","959","0","0","6585","0","39489","0","0","-1"
"1304","Master Snowdrift","959","0","1000","6117","1","0","0","0","-1"
"1305","Sha of Violence","959","0","2000","6138","2","18083","0","0","-1"
"1306","Taran Zhu","959","0","3000","6151","3","27920","0","0","-1"
"1332","Alizabal","757","0","2000","6158","2","21252","14","0","-1"
"1337","Arcurion","940","0","0","6161","0","39397","4","0","-1"
"1339","Archbishop Benedictus","940","0","1000","6088","1","38991","4","0","-1"
"1340","Asira Dawnslayer","940","0","500","6062","2","38995","4","0","-1"
"1348","Omar the Test Dragon","598","1","0","6215","0","30356","0","0","-1"
"1390","Feng the Accursed","1008","0","0","6428","0","41192","6","306868","-1"
"1395","The Stone Guard","1008","0","-1000","6431","1","41155","6","0","-1"
"1397","Saboteur Kip'tilak","962","0","0","6153","0","11097","4","0","-1"
"1405","Striker Ga'dok","962","0","1000","6465","1","43274","0","0","-1"
"1406","Commander Ri'mok","962","0","2000","6466","2","43286","0","0","-1"
"1407","Will of the Emperor","1008","0","3000","6470","2","41391","7","0","-1"
"1409","Protectors of the Endless","996","0","0","6473","0","41503","6","0","-1"
"1412","Ook-Ook","961","0","0","6143","0","39498","4","0","-1"
"1413","Hoptallus","961","0","1000","6375","1","40339","4","0","-1"
"1414","Yan-Zhu the Uncasked","961","0","2000","6378","2","14503","4","0","-1"
"1416","Liu Flameheart","960","0","1000","6141","1","39487","4","0","-1"
"1417","Lorewalker Stonestep","960","0","0","6295","2","0","4","0","-1"
"1418","Wise Mari","960","0","-1000","6400","3","41125","4","0","-1"
"1419","Raigonn","962","0","3000","6293","3","0","0","0","-1"
"1420","Flameweaver Koegler","1001","0","0","6330","0","40597","4","0","-1"
"1421","Armsmaster Harlan","1001","0","-500","6542","1","40293","4","0","-1"
"1422","Houndmaster Braun","1001","0","-1000","6521","2","42264","4","0","-1"
"1423","Thalnos the Soulrender","1004","0","0","4568","0","27705","4","0","-1"
"1424","Brother Korloff","1004","0","1000","6444","1","41154","4","0","-1"
"1425","High Inquisitor Whitemane","1004","0","2000","6450","2","2043","4","0","-1"
"1426","Instructor Chillheart","1007","0","0","6321","0","40301","0","0","-1"
"1427","Jandice Barov","1007","0","1000","6331","1","40639","0","0","-1"
"1428","Rattlegore","1007","0","2000","6335","2","31092","0","0","-1"
"1429","Lilian Voss","1007","0","3000","6334","3","40256","0","0","-1"
"1430","Darkmaster Gandling","1007","0","4000","6319","4","40322","0","0","-1"
"1431","Sha of Fear","996","0","1000","6525","1","45065","7","0","-1"
"1434","Gara'jal the Spiritbinder","1008","0","500","6463","3","41256","6","0","-1"
"1436","The Spirit Kings","1008","0","2000","6529","4","41812","6","0","-1"
"1439","Sha of Doubt","960","0","3000","6125","0","40904","4","0","-1"
"1441","Xin the Weaponmaster","994","0","1000","6579","1","41987","0","0","-1"
"1442","Trial of the King","994","0","-1000","6586","2","42059","4","0","-1"
"1443","Adarogg","389","0","0","6580","0","38759","4","0","-1"
"1444","Dark Shaman Koranthal","389","0","1000","6583","1","42101","4","0","-1"
"1445","Slagmaw","389","0","2000","6589","2","38773","4","0","-1"
"1446","Lava Guard Gordoth","389","0","3000","6592","3","42100","4","0","-1"
"1447","General Pa'valak","1011","0","1500","6594","0","42105","0","0","-1"
"1463","Garalon","1009","0","-1250","6649","0","42368","6","0","-1"
"1464","Wing Leader Ner'onok","1011","0","2500","6658","1","23915","0","0","-1"
"1465","Vizier Jin'bak","1011","0","0","6625","2","23915","0","0","-1"
"1498","Wind Lord Mel'jarak","1009","0","-1000","6677","1","42645","6","0","-1"
"1499","Amber-Shaper Un'sok","1009","0","1000","6700","2","43126","7","0","-1"
"1500","Elegon","1008","0","2500","6786","5","41399","6","368365","-1"
"1501","Grand Empress Shek'zeer","1009","0","2000","6729","3","42730","7","237143","-1"
"1502","Commander Vo'jak","1011","0","1250","6735","3","42169","0","0","-1"
"1504","Blade Lord Ta'yak","1009","0","-1500","6944","5","43141","6","0","-1"
"1505","Tsulong","996","0","500","6747","2","42533","6","0","-1"
"1506","Lei Shi","996","0","750","6738","3","40357","6","0","-1"
"1507","Imperial Vizier Zor'lok","1009","0","-2500","6741","6","42807","6","0","-1"
"1509","Gekkan","994","1","0","6558","3","41920","0","0","-1"
"1510","Gekkan","994","2","500","6558","3","41920","4","0","-1"
"1559","Iron Qon","1098","0","0","7329","0","46627","7","646675","-1"
"1560","Twin Consorts","1098","0","1000","7502","1","46974","7","133886","-1"
"1563","Galleon","870","0","0","0","0","0","8","0","-1"
"1564","Sha of Anger","870","0","1000","0","1","0","8","0","-1"
"1565","Tortos","1098","0","-1000","7507","2","46559","6","0","-1"
"1570","Council of Elders","1098","0","-1500","7543","3","47505","6","0","-1"
"1571","Nalak","870","0","2000","0","2","0","8","0","-1"
"1572","Durumu the Forgotten","1098","0","-250","7563","4","0","6","0","-1"
"1573","Ji-Kun","1098","0","-500","7565","5","0","6","0","-1"
"1574","Primordius","1098","0","-125","7571","6","47009","6","0","-1"
"1575","Horridon","1098","0","-2000","7570","7","47325","6","0","-1"
"1576","Dark Animus","1098","0","-62","7582","8","47527","6","0","-1"
"1577","Jin'rokh the Breaker","1098","0","-3000","7575","9","47552","6","0","-1"
"1578","Megaera","1098","0","-750","7577","10","0","6","0","-1"
"1579","Lei Shen","1098","0","2000","7603","11","46770","6","0","-1"
"1580","Ra-den","1098","5","3000","7605","12","47739","38","0","-1"
"1581","Ra-den","1098","6","3000","7605","12","47739","38","0","-1"
"1587","Oondasta","870","0","3000","0","3","0","8","0","-1"
"1593","Paragons of the Klaxxi","1136","0","3500","8109","0","48677","6","897697","-1"
"1594","Spoils of Pandaria","1136","0","1500","8202","1","51173","6","897406","-1"
"1595","Malkorok","1136","0","1000","8225","2","49070","6","897029","-1"
"1598","Fallen Protectors","1136","0","-2000","8253","3","48918","6","897027","-1"
"1599","Thok the Bloodthirsty","1136","0","2000","8258","4","49023","6","896625","-1"
"1600","Iron Juggernaut","1136","0","-1500","8260","5","49844","6","896624","-1"
"1601","Siegecrafter Blackfuse","1136","0","3000","8236","6","51657","6","897633","-1"
"1602","Immerseus","1136","0","-3000","8268","7","49056","6","896623","-1"
"1603","General Nazgrim","1136","0","-1250","8272","8","48995","6","897144","-1"
"1604","Sha of Pride","1136","0","-1750","8276","9","49098","6","651086","-1"
"1605","Omar's Test Encounter (Cosmetic only) DNT","1136","0","4000","6215","10","0","16","0","-1"
"1606","Kor'kron Dark Shaman","1136","0","-1375","8285","11","49176","6","897028","-1"
"1622","Galakras","1136","0","-1625","8415","12","49337","6","896665","-1"
"1623","Garrosh Hellscream","1136","0","3750","8356","13","49585","6","896622","-1"
"1624","Norushen","1136","0","-1875","8299","14","48860","6","897064","-1"
"1652","Roltall","1175","0","0","8565","0","54259","4","0","-1"
"1653","Slave Watcher Crushto","1175","0","-1000","8563","1","52893","4","0","-1"
"1654","Gug'rokk","1175","0","1000","8566","2","52902","4","0","-1"
"1655","Magmolatus","1175","0","-2000","8586","3","52033","4","0","-1"
"1656","Hunter Bonetusk","47","1","250","8592","6","0","0","0","-1"
"1659","Warlord Ramtusk","47","1","500","8595","7","0","0","0","-1"
"1660","Groyat, the Blind Hunter","47","1","625","8620","8","0","0","0","-1"
"1661","Charlga Razorflank","47","1","687","8597","9","0","0","0","-1"
"1662","Aaurx","129","1","4000","8622","4","0","0","0","-1"
"1663","Mordresh Fire Eye","129","1","5000","8623","5","0","0","0","-1"
"1664","Mushlump","129","1","6000","8624","6","0","0","0","-1"
"1665","Death Speaker Blackthorn","129","1","7000","8625","7","0","0","0","-1"
"1666","Amnennar the Coldbringer","129","1","8000","8626","8","0","0","0","-1"
"1667","Ghamoo-ra","48","1","-500","4617","4","52010","4","0","-1"
"1668","Domina","48","1","500","8615","8","52034","4","0","-1"
"1669","Subjugator Kor'ul","48","1","750","8614","9","52173","4","0","-1"
"1670","Executioner Gore","48","1","875","4623","10","52084","4","0","-1"
"1671","Twilight Lord Bathiel","48","1","937","4623","11","52283","4","0","-1"
"1672","Aku'mai","48","1","968","4624","12","52541","4","0","-1"
"1675","Thruk","48","1","812","8653","0","52057","4","0","-1"
"1676","Guardian of the Deep","48","1","843","8655","1","75359","4","0","-1"
"1677","Sadana Bloodfury","1176","0","0","8661","0","52985","4","0","-1"
"1678","Azzakel, Vanguard of the Legion","1182","0","0","8665","0","52964","4","0","-1"
"1679","Bonemaw","1176","0","1000","8678","1","59273","4","0","-1"
"1682","Ner'zhul","1176","0","2000","8691","2","52769","4","0","-1"
"1685","Soulbinder Nyami","1182","0","-1000","8667","1","53089","4","0","-1"
"1686","Vigilant Kaathar","1182","0","-2000","8669","2","58263","4","0","-1"
"1688","Nhallish","1176","0","500","8705","3","59978","4","0","-1"
"1689","Flamebender Ka'graz","1205","0","3250","8720","0","53471","6","0","-1"
"1690","Blast Furnace","1205","0","3812","8724","1","53456","6","0","-1"
"1691","Gruul","1205","0","-1000","8731","2","55050","6","236412","-1"
"1692","Operator Thogar","1205","0","3750","8733","3","53519","6","0","-1"
"1693","Hans'gar & Franzok","1205","0","3000","8738","4","53575","6","0","-1"
"1694","Beastlord Darmac","1205","0","3125","8746","5","53499","6","1004898","-1"
"1695","The Iron Maidens","1205","0","4000","8755","6","53876","6","0","-1"
"1696","Oregorger the Devourer","1205","0","-2000","8761","7","54317","6","1003743","-1"
"1698","Ranjit","1209","0","0","8770","0","56015","4","0","-1"
"1699","Araknath","1209","0","1000","8771","1","54006","4","0","-1"
"1700","Rukhran","1209","0","2000","8772","2","59008","4","0","-1"
"1701","High Sage Viryx","1209","0","3000","8773","3","56016","4","0","-1"
"1704","Blackhand","1205","0","5000","8874","8","53791","7","0","-1"
"1705","Imperator Mar'gok","1228","0","0","8800","0","54329","7","1030796","-1"
"1706","The Butcher","1228","0","-1000","8806","1","53855","6","1006454","-1"
"1713","Kromog, Legend of the Mountain","1205","0","3875","8831","9","56214","6","0","-1"
"1714","Teron'gor","1182","0","1000","8843","3","54036","4","0","-1"
"1715","Rocketspark and Borka","1208","0","0","8848","0","60108","4","0","-1"
"1719","Twin Ogron","1228","0","-500","8866","2","55849","6","1019377","-1"
"1720","Brackenspore","1228","0","-625","8884","3","58539","6","1019378","-1"
"1721","Kargath Bladefist","1228","0","-2000","8903","4","54674","6","1005701","-1"
"1722","Tectus, The Living Mountain","1228","0","-562","8923","5","54793","6","1006111","-1"
"1723","Ko'ragh","1228","0","-250","8930","6","54825","6","841221","-1"
"1732","Nitrogg Thundertower","1208","0","1000","8948","1","55162","4","0","-1"
"1736","Skylord Tovra","1208","0","2000","9038","2","55630","4","0","-1"
"1745","Ashran","1191","0","0","0","0","0","16","0","-1"
"1746","Witherbark","1279","0","0","9175","0","56613","4","0","-1"
"1747","Ken's Test Encounter [DNT]","605","0","0","0","0","0","0","0","-1"
"1748","Grimrail Enforcers","1195","0","0","9219","0","56017","4","0","-1"
"1749","Fleshrender Nok'gar","1195","0","-1000","9233","1","56351","4","0","-1"
"1750","Oshir","1195","0","1000","9235","2","55352","4","0","-1"
"1751","Archmage Sol","1279","0","1000","9297","1","57193","4","0","-1"
"1752","Xeri'tac","1279","0","2000","9298","2","58398","4","0","-1"
"1754","Skulloc, Son of Gruul","1195","0","2000","9341","3","57836","4","0","-1"
"1755","Rukhmar, Sun-God of the Arakkoa","1116","0","0","0","0","0","8","0","-1"
"1756","Yalnu","1279","0","3000","9354","3","57231","4","0","-1"
"1757","Ancient Protectors","1279","0","500","9356","4","59767","4","0","-1"
"1758","Kyrak","1358","0","0","9020","0","53005","4","0","-1"
"1759","Commander Tharbek","1358","0","1000","9060","1","54712","4","0","-1"
"1760","Ragewing the Untamed","1358","0","2000","8703","2","53315","4","0","-1"
"1761","Orebender Gor'ashan","1358","0","-1000","8699","3","53177","4","0","-1"
"1762","Warlord Zaela","1358","0","3000","9373","4","54683","4","0","-1"
"1770","Tarlna the Ageless","1116","0","1000","0","1","0","8","0","-1"
"1777","Fel Lord Zakuun","1448","0","2250","10004","0","61830","6","1113433","-1"
"1778","Hellfire Assault","1448","0","-1000","10010","1","0","6","0","-1"
"1783","Gorefiend","1448","0","1000","10039","2","61913","6","1113437","-1"
"1784","Tyrant Velhari","1448","0","4500","10041","3","62479","6","1113430","-1"
"1785","Iron Reaver","1448","0","-500","10043","4","0","6","0","-1"
"1786","Kilrogg Deadeye","1448","0","-250","10048","5","62425","6","970886","-1"
"1787","Kormrok","1448","0","-375","10051","6","61990","6","1113434","-1"
"1788","Shadow-Lord Iskar","1448","0","1500","10060","7","61932","6","0","-1"
"1790","Rokmora","1458","0","0","10092","0","62386","4","0","-1"
"1791","Ularogg Cragshaper","1458","0","500","10094","1","62390","4","0","-1"
"1792","Naraxas","1458","0","750","10097","2","62391","4","0","-1"
"1793","Dargrul the Underking","1458","0","875","10099","3","62392","4","0","-1"
"1794","Socrethar the Eternal","1448","0","1875","10101","8","62937","6","1113441","-1"
"1795","Mannoroth","1448","0","5000","10141","9","62417","6","1113439","-1"
"1798","Hellfire High Council","1448","0","-312","10177","10","62826","6","970886","-1"
"1799","Archimonde","1448","0","6000","10179","11","62423","7","1113431","-1"
"1800","Xhul'horac","1448","0","3125","10208","12","63415","6","1113442","-1"
"1801","Supreme Lord Kazzak","1116","0","2000","0","2","0","8","0","-1"
"1805","Hymdall","1477","0","0","10335","0","0","4","0","-1"
"1806","Hyrja","1477","0","1000","10365","1","0","0","0","-1"
"1807","Fenryr","1477","0","2000","10367","2","0","0","0","-1"
"1808","God-King Skovald","1477","0","3000","10369","3","0","0","0","-1"
"1809","Odyn","1477","0","4000","10371","4","0","4","0","-1"
"1810","Warlord Parjesh","1456","0","0","10382","0","61401","4","0","-1"
"1811","Lady Hatecoil","1456","0","1000","10384","1","62605","4","0","-1"
"1812","King Deepbeard","1456","0","2000","10388","2","67254","4","0","-1"
"1813","Serpentrix","1456","0","3000","10386","3","62615","4","0","-1"
"1814","Wrath of Azshara","1456","0","4000","10390","4","32743","4","0","-1"
"1815","Tirathon Saltheril","1493","0","0","10392","0","65074","4","0","-1"
"1816","Ash'Golm","1493","0","1000","10397","1","65155","4","0","-1"
"1817","Glazer","1493","0","2000","10398","2","66204","4","0","-1"
"1818","Cordana Felsong","1493","0","3000","10401","3","66480","4","0","-1"
"1822","Ymiron, the Fallen King","1492","0","0","10479","0","0","4","0","-1"
"1823","Harbaron","1492","0","1000","10482","1","0","4","0","-1"
"1824","Helya","1492","0","2000","10484","2","0","4","0","-1"
"1825","Corstilax","1516","0","0","10562","0","65791","4","0","-1"
"1826","Nal'tira","1516","0","1000","10566","1","65793","4","0","-1"
"1827","Ivanyr","1516","0","2000","10563","2","65741","4","0","-1"
"1828","General Xakal","1516","0","3000","10564","3","65792","4","0","-1"
"1829","Advisor Vandros","1516","0","4000","10565","4","65794","4","0","-1"
"1832","Amalgam of Souls","1501","0","0","10580","0","0","4","0","-1"
"1833","Ilysanna Ravencrest","1501","0","1000","10582","1","0","4","0","-1"
"1834","Smashspite the Hateful","1501","0","2000","10584","2","0","4","0","-1"
"1835","Lord Kur'talos Ravencrest","1501","0","3000","10586","3","0","4","0","-1"
"1836","Archdruid Glaidalis","1466","0","0","10381","0","0","0","0","-1"
"1837","Oakheart","1466","0","1000","10592","1","0","0","0","-1"
"1838","Dresaron","1466","0","2000","10593","2","0","0","0","-1"
"1839","Shade of Xavius","1466","0","3000","10594","3","0","0","0","-1"
"1841","Ursoc","1520","0","0","10640","0","66676","6","1413870","-1"
"1842","Krosus","1530","0","1875","10668","0","66482","6","0","-1"
"1845","Shivermaw","1544","0","0","10707","0","24193","4","0","-1"
"1846","Mindflayer Kaahrj","1544","0","1000","10713","1","67433","4","0","-1"
"1847","Millificent Manastorm","1544","0","2000","10718","2","67422","4","0","-1"
"1848","Festerface","1544","0","3000","10721","3","31006","4","0","-1"
"1849","Skorpyron","1530","0","-1000","10728","1","67087","6","0","-1"
"1850","Inquisitor Tormentorum","1493","0","500","10730","4","63526","4","0","-1"
"1851","Sael'orn","1544","0","4000","10737","4","0","4","0","-1"
"1852","Anub'esset","1544","0","5000","10742","5","0","4","0","-1"
"1853","Nythendra","1520","0","-1000","10758","1","68077","6","1413869","-1"
"1854","Dragons of Nightmare","1520","0","2000","10762","2","67748","6","1413866","-1"
"1855","Blood-Princess Thal'ena","1544","0","6000","10767","6","67638","4","0","-1"
"1856","Fel Lord Betrug","1544","0","7000","10771","7","65330","4","0","-1"
"1862","Tichondrius","1530","0","1000","10906","2","68320","6","0","-1"
"1863","Star Augur Etraeus","1530","0","2000","11101","3","66861","6","0","-1"
"1864","Xavius","1520","0","6000","10922","3","65636","7","1413871","-1"
"1865","Chronomatic Anomaly","1530","0","-500","10953","4","68970","6","0","-1"
"1866","Gul'dan","1530","0","3000","11037","5","68500","6","0","-1"
"1867","Trilliax","1530","0","-250","11083","6","68567","6","0","-1"
"1868","Patrol Captain Gerdo","1571","0","0","11089","0","68521","4","0","-1"
"1869","Talixae Flamewreath","1571","0","1000","11091","1","69267","4","0","-1"
"1870","Advisor Melandrus","1571","0","2000","11093","2","70592","4","0","-1"
"1871","Spellblade Aluriel","1530","0","-125","11377","7","68819","6","0","-1"
"1872","Grand Magistrix Elisande","1530","0","2500","11442","8","69082","6","0","-1"
"1873","Il'gynoth, The Heart of Corruption","1520","0","1500","11476","4","69115","6","1413868","-1"
"1874","Raid Boss Dummy (5min)","1457","0","0","0","0","0","0","0","-1"
"1875","Raid Boss Dummy (10min)","1457","0","1000","0","1","0","0","0","-1"
"1876","Elerethe Renferal","1520","0","4000","11502","5","70187","6","1413867","-1"
"1877","Cenarius","1520","0","5000","11498","6","68656","6","1413865","-1"
"1879","The Soultakers","1220","0","0","0","0","0","8","0","-1"
"1880","Nithogg","1220","0","1000","0","1","0","8","0","-1"
"1881","Echo of Baine","938","0","1000","6072","0","38791","4","0","-1"
"1882","Echo of Sylvanas","938","0","5000","6072","3","39559","4","0","-1"
"1883","Echo of Jaina","938","0","6000","6073","2","17369","4","0","-1"
"1884","Echo of Tyrande","938","0","7000","6073","5","38918","4","0","-1"
"1885","Postmaster Malown","329","1","13000","4725","13","0","4","0","-1"
"1886","High Botanist Tel'arn","1530","0","1750","11887","9","68963","6","0","-1"
"1887","Obsidian Sentinel","70","1","8000","4761","3","0","4","0","-1"
"1888","Shar'thos","1220","0","2000","0","2","0","8","0","-1"
"1889","Exarch Maladaar","558","0","0","2702","0","0","4","0","-1"
"1890","Shirrak the Dead Watcher","558","0","1000","4603","1","0","4","0","-1"
"1891","Omor the Unscarred","543","0","0","4699","0","0","4","0","-1"
"1892","Vazruden the Herald","543","0","1000","4700","1","0","4","0","-1"
"1893","Watchkeeper Gargolmar","543","0","2000","4698","2","0","4","0","-1"
"1894","Kael'thas Sunstrider","585","0","1000","4702","0","0","4","0","-1"
"1895","Priestess Delrissa","585","0","3000","3450","1","0","4","0","-1"
"1897","Selin Fireheart","585","0","4000","3448","2","0","4","0","-1"
"1898","Vexallus","585","0","5000","3449","3","0","4","0","-1"
"1899","Nexus-Prince Shaffar","557","0","0","4606","0","0","4","0","-1"
"1900","Pandemonius","557","0","1000","4604","1","0","4","0","-1"
"1901","Tavarok","557","0","2000","4605","2","0","4","0","-1"
"1902","Talon King Ikiss","556","0","0","2818","0","0","4","0","-1"
"1903","Darkweaver Syth","556","0","1000","4608","1","0","4","0","-1"
"1904","Anzu","556","0","2000","3022","2","0","4","0","-1"
"1905","Lieutenant Drake","560","0","0","4659","0","0","4","0","-1"
"1906","Epoch Hunter","560","0","1000","4660","1","0","4","0","-1"
"1907","Captain Skarloc","560","0","2000","2711","2","0","4","0","-1"
"1908","Ambassador Hellmaw","555","0","0","4609","0","0","4","0","-1"
"1909","Blackheart the Inciter","555","0","1000","2802","1","0","4","0","-1"
"1910","Murmur","555","0","2000","4610","2","0","4","0","-1"
"1911","Grandmaster Vorpil","555","0","3000","2803","3","0","4","0","-1"
"1913","Dalliah the Doomsayer","552","0","0","4742","0","0","4","0","-1"
"1914","Harbinger Skyriss","552","0","1000","4744","1","0","4","0","-1"
"1915","Wrath-Scryer Soccothrates","552","0","2000","4743","2","0","4","0","-1"
"1916","Zereketh the Unbound","552","0","3000","4741","3","0","4","0","-1"
"1917","Humongris","1220","0","3000","0","3","0","8","0","-1"
"1918","Timed Damage Dummy","1148","0","0","0","0","0","0","0","-1"
"1919","Aeonus","269","0","0","2819","0","0","4","0","-1"
"1920","Chrono Lord Deja","269","0","1000","2820","1","0","4","0","-1"
"1921","Temporus","269","0","2000","2821","2","0","4","0","-1"
"1922","The Maker","542","0","0","2400","0","0","4","0","-1"
"1923","Keli'dan the Breaker","542","0","1000","2403","1","0","4","0","-1"
"1924","Broggok","542","0","2000","4854","2","0","4","0","-1"
"1925","Commander Sarannis","553","0","0","4745","0","0","4","0","-1"
"1926","High Botanist Freywinn","553","0","1000","4746","1","0","4","0","-1"
"1927","Laj","553","0","2000","4748","2","0","4","0","-1"
"1928","Thorngrin the Tender","553","0","3000","4747","3","0","4","0","-1"
"1929","Warp Splinter","553","0","4000","4749","4","0","4","0","-1"
"1930","Nethermancer Sepethrea","554","0","0","4751","0","0","4","0","-1"
"1931","Pathaleon the Calculator","554","0","1000","4752","1","0","4","0","-1"
"1932","Mechano-Lord Capacitus","554","0","2000","4750","2","0","4","0","-1"
"1933","Gatewatcher Gyro-Kill","554","0","3000","12051","3","0","4","0","-1"
"1934","Gatewatcher Iron-Hand","554","0","4000","12053","4","0","4","0","-1"
"1935","Blood Guard Porung","540","0","0","4701","0","0","4","0","-1"
"1936","Grand Warlock Nethekurse","540","0","1000","2804","1","0","4","0","-1"
"1937","Warbringer O'mrogg","540","0","2000","2844","2","0","4","0","-1"
"1938","Warchief Kargath Bladefist","540","0","3000","2907","3","0","4","0","-1"
"1939","Mennu the Betrayer","547","0","0","4661","0","0","4","0","-1"
"1940","Quagmirran","547","0","1000","2532","1","0","4","0","-1"
"1941","Rokmar the Crackler","547","0","2000","4662","2","0","4","0","-1"
"1942","Hydromancer Thespia","545","0","0","4663","0","0","4","0","-1"
"1943","Mekgineer Steamrigger","545","0","1000","4664","1","0","4","0","-1"
"1944","Warlord Kalithresh","545","0","2000","4665","2","0","4","0","-1"
"1945","Ghaz'an","546","0","0","4667","0","0","4","0","-1"
"1946","Hungarfen","546","0","1000","4666","1","0","4","0","-1"
"1947","Swamplord Musel'ek","546","0","2000","2448","2","0","4","0","-1"
"1948","The Black Stalker","546","0","3000","4668","3","0","4","0","-1"
"1949","Drugon the Frostblood","1220","0","8000","0","4","0","8","0","-1"
"1950","Na'zak the Fiend","1220","0","4000","0","5","0","8","0","-1"
"1951","Flotsam","1220","0","5000","0","6","0","8","0","-1"
"1952","Calamir","1220","0","6000","0","7","0","8","0","-1"
"1953","Levantus","1220","0","7000","0","8","0","8","0","-1"
"1954","Maiden of Virtue","1651","0","-1000","12521","0","0","4","0","-1"
"1957","Opera Hall","1651","0","-3000","12534","1","0","4","0","-1"
"1958","Odyn","1648","0","-2000","12546","0","0","6","0","-1"
"1959","Mana Devourer","1651","0","7000","12548","2","73157","4","0","-1"
"1960","Attumen the Huntsman","1651","0","-250","12542","3","0","4","0","-1"
"1961","Moroes","1651","0","-500","12554","4","0","4","0","-1"
"1962","Guarm","1648","0","-1000","12556","1","0","6","0","-1"
"1964","The Curator","1651","0","0","12560","5","0","4","0","-1"
"1965","Shade of Medivh","1651","0","6000","12566","8","0","4","0","-1"
"1966","Prince Taldaram","619","0","0","3870","0","0","4","0","-1"
"1967","Jedoga Shadowseeker","619","0","1000","4612","1","0","4","0","-1"
"1968","Herald Volazj","619","0","5000","4613","2","0","4","0","-1"
"1969","Elder Nadox","619","0","-1000","4611","3","0","4","0","-1"
"1971","Krik'thir the Gatewatcher","601","0","0","3874","0","0","4","0","-1"
"1972","Hadronox","601","0","1000","4615","1","0","4","0","-1"
"1973","Anub'arak","601","0","2000","4616","2","0","4","0","-1"
"1974","Trollgore","600","0","0","4684","0","0","4","0","-1"
"1975","The Prophet Tharon'ja","600","0","4000","4687","1","0","4","0","-1"
"1976","Novos the Summoner","600","0","2000","4685","2","0","4","0","-1"
"1977","King Dred","600","0","3000","4686","3","0","4","0","-1"
"1978","Slad'ran","604","0","0","3852","0","0","4","0","-1"
"1980","Moorabi","604","0","1000","3851","1","0","4","0","-1"
"1981","Gal'darah","604","0","4000","3850","2","0","4","0","-1"
"1983","Drakkari Colossus","604","0","500","3853","4","0","4","0","-1"
"1984","Ionar","602","0","0","3865","0","0","4","0","-1"
"1985","Volkhan","602","0","-500","3864","1","0","4","0","-1"
"1986","Loken","602","0","2000","3866","2","0","4","0","-1"
"1987","General Bjarngrim","602","0","-1000","3863","3","0","4","0","-1"
"1988","Eck the Ferocious","604","2","3500","3854","5","0","4","0","-1"
"1989","Amanitar","619","2","4500","4614","5","0","4","0","-1"
"1990","Escaped from Arthas","668","0","1000","4948","0","0","4","0","-1"
"1992","Falric","668","0","0","4897","1","0","4","0","-1"
"1993","Marwyn","668","0","500","4898","2","0","4","0","-1"
"1994","Krystallus","599","0","0","4768","0","0","4","0","-1"
"1995","Tribunal of Ages","599","0","2000","3861","1","0","4","0","-1"
"1996","Maiden of Grief","599","0","1000","4769","2","0","4","0","-1"
"1998","Sjonnir the Ironshaper","599","0","5000","4770","3","0","4","0","-1"
"1999","Forgemaster Garfrost","658","0","0","4852","0","0","4","0","-1"
"2000","Scourgelord Tyrannus","658","0","1000","4861","1","0","4","0","-1"
"2001","Krick","658","0","500","4860","2","0","4","0","-1"
"2002","Meathook","595","0","0","4688","0","0","4","0","-1"
"2003","Chrono-Lord Epoch","595","0","1000","4690","1","0","4","0","-1"
"2004","Salram the Fleshcrafter","595","0","2000","4689","2","0","4","0","-1"
"2005","Mal'ganis","595","0","3000","4691","3","26582","4","0","-1"
"2006","Bronjahm","632","0","0","4859","0","0","4","0","-1"
"2007","Devourer of Souls","632","0","1000","4424","1","0","4","0","-1"
"2008","Helya","1648","0","0","12597","2","0","6","0","-1"
"2009","Anomalus","576","0","0","3692","0","0","4","0","-1"
"2010","Grand Magus Telestra","576","0","1000","3691","1","0","4","0","-1"
"2011","Keristrasza","576","0","2000","3694","2","0","4","0","-1"
"2012","Ormorok the Tree-Shaper","576","0","3000","3693","3","0","4","0","-1"
"2013","Ley-Guardian Eregos","578","0","0","3873","0","0","4","0","-1"
"2014","Mage-Lord Urom","578","0","1000","3872","1","0","4","0","-1"
"2015","Varos Cloudstrider","578","0","2000","3871","2","0","4","0","-1"
"2016","Drakos the Interrogator","578","0","3000","3869","3","0","4","0","-1"
"2017","Viz'aduum the Watcher","1651","0","8000","12613","6","0","4","0","-1"
"2018","Second Prisoner","608","0","0","3833","0","0","4","0","-1"
"2019","First Prisoner","608","0","1000","3828","1","0","4","0","-1"
"2020","Cyanigosa","608","0","2000","3836","2","0","4","0","-1"
"2021","The Black Knight","650","0","3000","4363","0","0","4","0","-1"
"2022","Grand Champions","650","0","-1000","4361","1","0","4","0","-1"
"2023","Argent Champion","650","0","2000","4362","2","0","4","0","-1"
"2024","Skarvold & Dalronn","574","0","0","4772","0","0","4","0","-1"
"2025","Ingvar the Plunderer","574","0","1000","4771","1","0","4","0","-1"
"2026","Prince Keleseth","574","0","-1000","4773","2","0","4","0","-1"
"2027","Gortok Palehoof","575","0","0","4775","0","0","4","0","-1"
"2028","King Ymiron","575","0","1000","3808","1","0","4","0","-1"
"2029","Skadi the Ruthless","575","0","500","3809","2","0","4","0","-1"
"2030","Svala Sorrowgrave","575","0","-1000","4774","3","0","4","0","-1"
"2031","Nightbane","1651","0","9000","12670","7","73528","68","0","-1"
"2032","Goroth","1676","0","0","12773","0","74493","6","0","-1"
"2036","Harjatan","1676","0","1000","12815","1","0","6","0","-1"
"2037","Mistress Sassz'ine","1676","0","2000","12861","2","74287","6","236422","-1"
"2038","Fallen Avatar","1676","0","3000","12863","3","74497","6","1546417","-1"
"2039","Mephistroth","1677","0","0","12865","0","69245","4","0","-1"
"2048","Demonic Inquisition","1676","0","500","12996","4","74282","6","0","-1"
"2049","Primal Rage of Frost","1689","0","0","13019","0","33254","8","893779","-1"
"2050","Sisters of the Moon","1676","0","1500","13026","5","74781","6","0","-1"
"2051","Kil'jaeden","1676","0","5000","12967","6","0","6","0","-1"
"2052","Maiden of Vigilance","1676","0","2875","13123","7","0","6","0","-1"
"2053","Domatrax","1677","0","1000","13131","1","0","4","0","-1"
"2054","The Desolate Host","1676","0","2500","13139","8","74496","6","1546416","-1"
"2055","Agronox","1677","0","-1000","13121","2","74482","4","0","-1"
"2057","Thrashbite the Scornful","1677","0","-500","13122","3","74289","4","0","-1"
"2059","Fury of the God Queen","1703","0","0","0","0","0","64","0","-1"
"2063","Aggramar","1712","0","3000","13507","0","76034","6","0","-1"
"2064","Portal Keeper Hasabel","1712","0","-1000","13517","1","0","6","0","-1"
"2065","Zuraal the Ascended","1753","0","0","13543","0","0","4","0","-1"
"2066","Saprish","1753","0","1000","13547","1","0","4","0","-1"
"2067","Viceroy Nezhar","1753","0","2000","13551","2","0","4","0","-1"
"2068","L'ura","1753","0","3000","13534","3","0","4","0","-1"
"2069","Varimathras","1712","0","1750","13536","2","76327","6","0","-1"
"2070","Antoran High Command","1712","0","-500","13553","3","0","6","0","-1"
"2073","The Coven of Shivarra","1712","0","2000","13593","4","0","6","0","-1"
"2074","Felhounds of Sargeras","1712","0","-2000","13560","5","0","6","0","-1"
"2075","The Defense of Eonar","1712","0","-250","13565","6","28839","6","0","-1"
"2076","Garothi Worldbreaker","1712","0","-3000","13571","7","76534","6","0","-1"
"2079","Keeper Aedis","1669","0","0","0","0","0","8","0","-1"
"2080","Void-Blade Zedaat","1669","0","1000","0","1","0","8","0","-1"
"2081","Imp Mother","1669","0","2000","0","2","0","8","0","-1"
"2082","Imonar the Soulhunter","1712","0","375","13788","8","0","6","0","-1"
"2083","Mistress Alluradel","1669","0","3000","0","3","0","8","0","-1"
"2084","Priestess Alun'za","1763","0","0","13812","0","0","0","0","-1"
"2085","Vol'kaal","1763","0","1000","13814","1","0","0","0","-1"
"2086","Rezan","1763","0","2000","13816","2","0","0","0","-1"
"2087","Yazma","1763","0","3000","13818","3","0","4","0","-1"
"2088","Kin'garoth","1712","0","1500","13576","9","0","6","0","-1"
"2092","Argus the Unmaker","1712","0","4000","14017","10","0","7","0","-1"
"2093","Skycap'n Kragg","1754","0","0","14137","0","0","0","0","-1"
"2094","Council o' Captains","1754","0","1000","14139","1","0","4","0","-1"
"2095","Ring of Booty","1754","0","2000","14141","2","0","4","0","-1"
"2096","Lord Harlan Sweete","1754","0","3000","14143","3","0","4","0","-1"
"2097","Sergeant Bainbridge","1822","0","0","14405","0","0","4","0","-1"
"2098","Chopper Redhook","1822","0","1000","14403","1","0","0","0","-1"
"2099","Hadal Darkfathom","1822","0","2000","14406","2","0","0","0","-1"
"2100","Viq'Goth","1822","0","3000","14408","3","0","4","0","-1"
"2101","The Sand Queen","1771","0","0","14419","0","75589","4","0","-1"
"2102","Jes Howlis","1771","0","1000","14421","1","34367","4","0","-1"
"2103","Knight Captain Valyri","1771","0","2000","14423","2","81498","4","0","-1"
"2104","Overseer Korgus","1771","0","3000","14425","3","68314","4","0","-1"
"2105","Coin-Operated Crowd Pummeler","1594","0","0","14432","0","0","4","0","-1"
"2106","Azerokk","1594","0","1000","14435","1","0","4","0","-1"
"2107","Rixxa Fluxfume","1594","0","2000","14437","2","0","4","0","-1"
"2108","Mogul Razdunk","1594","0","3000","14439","3","0","4","0","-1"
"2109","Dread Captain Lockwood","1822","0","1500","14441","4","0","0","0","-1"
"2111","Elder Leaxa","1841","0","0","14522","0","75859","4","0","-1"
"2112","Sporecaller Zancha","1841","0","1000","14554","1","81977","4","0","-1"
"2113","Heartsbane Triad","1862","0","0","14549","0","0","4","0","-1"
"2114","Soulbound Goliath","1862","0","1000","14553","1","0","4","0","-1"
"2115","Raal the Gluttonous","1862","0","2000","14557","2","0","4","0","-1"
"2116","Lord and Lady Waycrest","1862","0","3000","14560","3","0","4","0","-1"
"2117","Gorak Tul","1862","0","4000","14563","4","0","4","0","-1"
"2118","Cragmaw the Infested","1841","0","500","14597","2","82072","4","0","-1"
"2121","T'zane","1642","0","0","0","0","0","8","0","-1"
"2122","G'huun","1861","0","0","14696","0","84102","6","0","-1"
"2123","Unbound Abomination","1841","0","2000","14694","3","81054","4","0","-1"
"2124","Adderis and Aspix","1877","0","0","14715","0","0","4","0","-1"
"2125","Merektha","1877","0","1000","14718","1","0","4","0","-1"
"2126","Galvazzt","1877","0","2000","14721","2","0","4","0","-1"
"2127","Avatar of Sethraliss","1877","0","3000","14724","3","0","4","0","-1"
"2128","Fetid Devourer","1861","0","-1000","14736","1","82831","6","0","-1"
"2129","Gekkan","994","0","2000","6558","0","41920","0","0","-1"
"2130","Aqu'sirr","1864","0","0","14861","0","29166","4","0","-1"
"2131","Tidesage Council","1864","0","1000","14862","1","55811","4","0","-1"
"2132","Lord Stormsong","1864","0","2000","14864","2","16280","4","0","-1"
"2133","Vol'zith the Whisperer","1864","0","3000","14866","3","84502","4","0","-1"
"2134","Vectis","1861","0","-500","14892","2","85116","6","0","-1"
"2135","Mythrax","1861","0","-250","14894","3","84615","6","0","-1"
"2136","Zek'voz","1861","0","-1500","14895","4","85193","6","254116","-1"
"2139","The Golden Serpent","1762","0","0","14931","0","0","4","0","-1"
"2140","The Council of Tribes","1762","0","1000","15039","1","0","4","0","-1"
"2141","MOTHER","1861","0","-2000","15059","5","85630","6","254116","-1"
"2142","Mchimba the Embalmer","1762","0","500","15062","2","0","4","0","-1"
"2143","King Dazar","1762","0","2000","15168","3","0","4","0","-1"
"2144","Taloc","1861","0","-3000","15170","6","85386","6","254116","-1"
"2145","Zul","1861","0","-312","15205","7","86569","6","0","-1"
"2146","Raid Boss Dummy (15 Sec)","1457","0","2000","0","2","0","0","0","-1"
"2147","Warbringer Yenajz","1643","0","0","0","0","0","8","0","-1"
"2148","Hailstone Construct","1643","0","1000","0","1","0","8","0","-1"
"2149","Ji'arak","1642","0","1000","0","1","0","8","0","-1"
"2252","The Lion's Roar","529","0","0","0","0","0","8","0","-1"
"2253","Doom's Howl","529","0","1000","0","1","0","8","0","-1"
"2254","Raid Boss Dummy (5min)","1457","0","3000","0","3","0","0","0","-1"
"2257","Tussle Tonks","2097","0","1750","16217","0","0","4","0","-1"
"2258","K.U.-J.0.","2097","0","1875","16219","1","0","4","0","-1"
"2259","Machinist's Garden","2097","0","2000","16221","2","0","4","0","-1"
"2260","King Mechagon","2097","0","3000","16223","3","0","4","0","-1"
"2263","Grong","2070","0","-1750","16563","1","88863","6","0","0"
"2265","Champion of the Light","2070","0","-2000","16560","3","0","6","0","-1"
"2266","Jadefire Masters","2070","0","-1437","16562","4","89013","6","0","0"
"2268","Conclave of the Chosen","2070","0","-1062","16310","6","89050","6","0","-1"
"2269","The Restless Cabal","2096","0","0","16316","0","88850","6","0","-1"
"2271","Opulence","2070","0","-1125","16433","8","89251","6","0","-1"
"2272","King Rastakhan","2070","0","-1031","16475","9","89115","7","0","-1"
"2273","Uu'nat, Harbinger of the Void","2096","0","1000","16542","1","91374","6","0","-1"
"2276","Mekkatorque","2070","0","-1015","16567","12","7006","6","0","-1"
"2280","Stormwall Blockade","2070","0","-1007","16568","16","90322","6","0","-1"
"2281","Lady Jaina Proudmoore","2070","0","-1003","16569","17","87892","7","0","-1"
"2284","Grong the Revenant","2070","0","-1281","16563","0","89250","6","0","1"
"2285","Jadefire Masters","2070","0","-1359","16562","2","89008","6","0","1"
"2289","Blackwater Behemoth","2164","0","0","17142","0","55705","4","0","-1"
"2290","King Gobbamak","2097","0","-1000","17145","4","90502","4","0","-1"
"2291","HK-8 Aerial Oppression Unit","2097","0","1500","17161","5","90550","4","0","-1"
"2292","Gunker","2097","0","-500","17163","6","90423","4","0","-1"
"2293","Za'qul","2164","0","1000","17182","1","0","6","0","-1"
"2298","Abyssal Commander Sivara","2164","0","-1000","17305","2","0","4","0","-1"
"2299","Queen Azshara","2164","0","2000","17306","3","86567","5","0","-1"
"2303","Orgozoa","2164","0","750","17342","4","0","4","0","-1"
"2304","Lady Ashvane","2164","0","500","17371","5","0","6","0","-1"
"2305","Radiance of Azshara","2164","0","-250","17399","6","89445","4","0","-1"
"2311","The Queen's Court","2164","0","875","17451","7","0","4","0","-1"
"2312","Trixie & Naeno","2097","0","500","17680","7","90423","4","0","-1"
"2317","Ulmath, the Soulbinder","1718","0","0","0","0","0","0","0","-1"
"2318","Wekemara","1718","0","1000","0","1","0","0","0","-1"
"2319","Memories of Azeroth: Burning Crusade","2235","0","0","18048","0","0","4","0","-1"
"2320","Memories of Azeroth: Cataclysm","2235","0","1000","18047","1","0","4","0","-1"
"2321","Memories of Azeroth: Wrath of the Lich King","2235","0","500","18046","2","0","4","0","-1"
"2325","Tunk","2236","0","-1000","18064","0","0","0","0","-1"
"2326","Ravnyr","2236","0","0","18066","1","0","0","0","-1"
"2327","Maut","2217","0","0","18071","0","0","6","0","-1"
"2328","Dark Inquisitor Xanesh","2217","0","1000","18073","1","93159","6","0","-1"
"2329","Wrathion","2217","0","-1000","18083","2","0","6","0","-1"
"2331","Ra-den the Despoiled","2217","0","5000","18085","3","0","6","0","-1"
"2332","Thrall the Corrupted","2212","0","0","18015","0","0","0","0","-1"
"2333","The Hivemind","2217","0","3000","18117","4","91908","6","0","-1"
"2334","Prophet Skitra","2217","0","-500","18116","5","93448","6","0","-1"
"2335","Shad'har the Insatiable","2217","0","5500","18123","6","0","4","0","-1"
"2336","Vexiona","2217","0","2000","18130","7","0","6","0","-1"
"2337","Carapace of N'Zoth","2217","0","6000","18147","8","85116","6","0","-1"
"2338","Alleria Windrunner","2213","0","0","18015","0","0","0","0","-1"
"2343","Drest'agath","2217","0","5750","18179","9","0","6","0","-1"
"2344","N'Zoth the Corruptor","2217","0","7000","18211","10","93507","4","0","-1"
"2345","Il'gynoth, Corruption Reborn","2217","0","5875","18224","11","0","6","0","-1"
"2351","Grand Empress Shek'zara","870","0","4000","0","4","0","0","0","-1"
"2352","Tashara","870","0","5000","0","5","0","0","0","-1"
"2353","Vuk'laz the Earthbreaker","1","0","0","0","0","0","8","0","-1"
"2356","Ventunax","2285","0","1500","18606","0","0","4","0","-1"
"2357","Kin-Tara","2285","0","1000","18607","1","0","4","0","-1"
"2358","Oryphrion","2285","0","2000","18608","2","93502","4","0","-1"
"2359","Devos, Paragon of Loyalty","2285","0","3000","18609","3","0","4","0","-1"
"2360","Kryxis the Voracious","2284","0","0","18629","0","0","4","0","-1"
"2361","Executor Tarvold","2284","0","1000","18628","1","0","4","0","-1"
"2362","Grand Proctor Beryllia","2284","0","2000","18627","2","0","4","0","-1"
"2363","General Kaal","2284","0","3000","18630","3","0","4","0","-1"
"2364","Kul'tharok","2293","0","0","18652","0","96088","4","0","-1"
"2365","Gorechop","2293","0","1000","18654","1","95106","4","0","-1"
"2366","Xav the Unfallen","2293","0","2000","18656","2","95439","4","0","-1"
"2370","Rexxar","2212","0","5000","18699","1","0","64","0","-1"
"2371","Inquisitor Gnshal","2212","0","2000","18704","2","0","64","0","-1"
"2372","Oblivion Elemental","2212","0","3000","18705","3","0","64","0","-1"
"2373","Vez'okk the Lightless","2212","0","4000","18706","4","0","64","0","-1"
"2374","Therum Deepforge","2213","0","1000","18707","1","0","64","0","-1"
"2375","Slavemaster Ul'rok","2213","0","2000","18708","2","0","64","0","-1"
"2376","Overlord Mathias Shaw","2213","0","3000","18709","3","0","64","0","-1"
"2377","Magister Umbric","2213","0","4000","18710","4","0","64","0","-1"
"2380","Echelon","2287","0","0","18773","0","0","4","0","-1"
"2381","Lord Chamberlain","2287","0","1000","18775","1","0","4","0","-1"
"2382","Globgrog","2289","0","0","18778","0","0","4","0","-1"
"2383","Hungering Destroyer","2296","0","0","18780","0","0","6","0","-1"
"2384","Doctor Ickus","2289","0","1000","18781","1","96919","4","0","-1"
"2385","Domina Venomblade","2289","0","2000","18783","2","0","4","0","-1"
"2386","Stradama Margrave","2289","0","3000","18785","3","95794","4","0","-1"
"2387","Blightbone","2286","0","0","18788","0","94185","4","0","-1"
"2388","Amarth, The Harvester","2286","0","1000","18789","1","95231","4","0","-1"
"2389","Stichflesh","2286","0","2000","18794","2","96477","4","0","-1"
"2390","Nalthor the Rimebinder","2286","0","3000","18790","3","40301","4","0","-1"
"2391","An Affront of Challengers","2293","0","-1000","18802","3","65973","4","0","-1"
"2392","Mistcaller","2290","0","0","18805","0","0","4","0","-1"
"2393","Tred'ova","2290","0","1000","18808","1","0","4","0","-1"
"2394","The Manastorms","2291","0","0","18812","0","0","4","0","-1"
"2395","Hakkar, the Soulflayer","2291","0","-1000","18815","1","0","4","0","-1"
"2396","Mueh'zala","2291","0","1000","18817","2","0","4","0","-1"
"2397","Ingra Maloch","2290","0","-1000","18819","2","0","4","0","-1"
"2398","Shriekwing","2296","0","-1000","19396","1","95719","6","0","-1"
"2399","Sludgefist","2296","0","3000","19415","2","95623","6","0","-1"
"2400","Dealer Xy'exa","2291","0","500","18824","3","93596","4","0","-1"
"2401","Halkias, the Sin-Stained Goliath","2287","0","-1000","18810","2","0","4","0","-1"
"2402","Sun King's Salvation","2296","0","-250","19029","3","0","6","0","-1"
"2403","High Adjudicator Aleez","2287","0","500","19047","3","0","4","0","-1"
"2404","Mordretha","2293","0","3000","19056","4","0","4","0","-1"
"2405","Artificer Xy'mox","2296","0","2000","19146","4","95375","6","0","-1"
"2406","Lady Inerva Darkvein","2296","0","2250","19158","5","0","6","0","-1"
"2407","Sire Denathrius","2296","0","4000","19208","6","0","7","0","-1"
"2408","Nurgash Muckformed","2222","0","0","0","0","0","0","0","-1"
"2409","Oranomonos the Everbranching","2222","0","1000","0","1","0","0","0","-1"
"2410","Mortanis","2222","0","2000","0","2","0","0","0","-1"
"2411","Valinor","2222","0","3000","0","3","0","0","0","-1"
"2412","The Council of Blood","2296","0","2500","19279","7","0","6","0","-1"
"2415","Ember Court","2360","0","0","19342","0","0","64","0","-1"
"2416","Nathanos Blightcaller","0","0","0","0","0","0","0","0","-1"
"2417","Stone Legion Generals","2296","0","3500","19388","8","0","6","0","-1"
"2418","Huntsman Altimor","2296","0","-500","19410","9","95643","6","0","-1"
