Id,Name,Description,GarrTalentTreeId,Tier,UiOrder,IconFileDataId,PlayerConditionId,GarrAbilityId,Field_8_3_0_32044_009,Field_8_3_0_32044_010,PrerequisiteTalentId,ResearchCostSource,Field_9_0_1_33978_013,GarrTalentSocketPropertiesId
"39","Bloodlust","Enables the Bloodlust ability, which increases the success chance of the first mission you send each day by ${$a701}%.","31","0","1","136012","41962","578","0","0","0","0","0","0"
"40","Reincarnation","Enables the Reincarnation ability for all missions, granting a ${$a772}% chance on mission success to recover an expired Troop with $m772 Vitality.","31","1","1","451167","41955","646","0","0","0","0","0","0"
"41","Ancestral Gift","Enables a chance on mission success for your Champions to return with Champion armaments or equipment.","31","2","1","237574","41958","788","0","0","0","0","0","0"
"42","Ancestral Legends","Increase the number of Legendary items you can equip by ${$a898}.","31","5","0","237571","41961","0","0","0","0","0","0","0"
"43","Elemental Knowledge","Newly recruited Lesser Elementals become Greater Elementals, increasing their chance of mission success by ${$a638-$a637}%.","31","3","0","893777","41959","0","0","0","0","0","0","0"
"44","Whispers of the Earth","Newly recruited Circles of Earthcallers become Earthen Ring Geomancers, which gain:

|TInterface\ICONS\ABILITY_RHYOLITH_MAGMAFLOW_WAVE.BLP:20:20:0:0|t |CffffffffMagma Storm|R
$@garrabdesc583","31","3","1","451165","41959","0","0","0","0","0","0","0"
"46","Rise!","Allows you to recruit Ascendants.

Ascendants increase success chance by ${$a650}% on missions with either |C00b3ffffHazards|R, |C00b3ffffSpells|R or |C00b3ffffMinions|R, chosen at random, in addition to:

|TInterface\ICONS\ABILITY_DUALWIELDSPECIALIZATION.BLP:20:20:0:0|t |CffffffffAscendant's Fury|R
$@garrabdesc531","31","4","1","132148","41960","0","0","0","0","0","0","0"
"49","Spirit Walk","Allows you to place a work order for 1 of your 3 weekly Seals of Broken Fate in exchange for Order Resources.","31","4","0","636335","41960","0","0","0","0","0","0","0"
"52","Training Grounds","Increases the maximum number of Lesser and Greater Elementals, Earthcallers and Geomancers you can recruit by ${$a702}.","31","2","0","135776","41958","579","0","0","0","0","0","0"
"53","Elemental Binding","Grants access to the Lords of Fire, Earth, Wind and Water.  Each day a random Lord will appear in your Order Hall who can provide you with a powerful combat bonus.","31","1","0","135988","41955","0","0","0","0","0","0","0"
"54","The Spirit's Call","Increases the chance for quest rewards to get a rare or epic Bonus Upgrade from non-repeatable quests.","31","0","0","136014","41962","0","0","0","0","0","0","0"
"248","Auspicious Fortune","Increases the chance for quest rewards to get a rare or epic Bonus Upgrade from non-repeatable quests.","4","0","0","636335","41962","0","0","0","0","0","0","0"
"249","Enlightenment","Newly recruited troops have a chance to be promoted one rank, making them more powerful.  

Initiates have a chance to become Adepts, and Adepts have a chance to become Masters.","4","1","1","648628","41955","0","0","0","0","0","0","0"
"250","Path of the Ox","Newly recruited Ox Initiates become Ox Adepts, increasing their chance of mission success by ${$a897-$a695}%.","4","3","0","620829","41959","0","0","0","0","0","0","0"
"251","Path of the Tiger","Newly recruited Tiger Initiates become Tiger Adepts, which gain:

|TInterface\ICONS\ABILITY_MONK_CRANEKICK_NEW.BLP:20:20:0:0|t |CffffffffSpinning Crane Kick|R
$@garrabdesc576","4","3","1","611420","41959","0","0","0","0","0","0","0"
"252","Living Quarters","Increases the maximum number of Ox Initiates, Ox Adepts, Tiger Initiates and Tiger Adepts you can recruit by ${$a694}.","4","2","0","651489","41958","571","0","0","0","0","0","0"
"253","Lucky Envelope","Enables the Lucky Envelope ability, which increases the success chance of the first mission you send each day by ${$a693}%.","4","0","1","134268","41962","570","0","0","0","0","0","0"
"254","Brewhouse","Grants you access to the Bubbling Keg inside the Stormstout Inn once a day.  

Tapping the Bubbling Keg will grant valuable bonuses to assist you while questing in the Broken Isles.","4","1","0","651573","41955","0","0","0","0","0","0","0"
"255","Pilgrimage","Enables a chance on mission success for your Champions to return with Champion armaments or equipment.","4","2","1","775462","41958","785","0","0","0","0","0","0"
"256","One with Destiny","Allows you to place a work order for 1 of your 3 weekly Seals of Broken Fate in exchange for Order Resources.","4","4","0","656322","41960","0","0","0","0","0","0","0"
"257","Celestial Favor","Allows you to recruit Celestials.  

Celestials have a random Monk Specialization and can counter a |C00b3ffffBoss|R, in addition to:

|TInterface\ICONS\INV_CELESTIALSERPENTMOUNT.BLP:20:20:0:0|t |CffffffffEcho of the Celestial|R
$@garrabdesc749","4","4","1","656166","41960","0","0","0","0","0","0","0"
"258","Fists of Legend","Increase the number of Legendary items you can equip by ${$a898}.","4","5","0","606548","41961","0","0","0","0","0","0","0"
"347","Elune's Favor","Increases the chance for quest rewards to get a rare or epic Bonus Upgrade from non-repeatable quests.","107","0","0","236151","41962","0","0","0","0","0","0","0"
"348","Reclamation","Enables a chance on mission success for your Champions to return with Champion armaments or equipment.","107","2","1","1033478","41958","787","0","0","0","0","0","0"
"349","Travel Form","Enables the Travel Form ability for all missions, reducing mission duration by ${100-$a715*100}%.","107","1","1","132144","41955","592","0","0","0","0","0","0"
"350","Hibernation","Increases the maximum number of Dreamgrove Treants, Daughters of Cenarius, Druids of the Claw and Keepers of the Grove you can recruit by ${$a900}.","107","2","0","132136","41958","753","0","0","0","0","0","0"
"351","Laughing Sisters","Newly recruited Dreamgrove Treants become Daughters of Cenarius, increasing their chance of mission success by ${$a679-$a678}%.","107","3","0","136021","41959","0","0","0","0","0","0","0"
"352","Force of the Forest","Newly recruited Druids of the Claw become Keepers of the Grove and gain:

|TInterface\ICONS\ABILITY_DRUID_FLOURISH.BLP:20:20:0:0|t |CffffffffWild Growth|R
$@garrabdesc558","107","3","1","132113","41959","0","0","0","0","0","0","0"
"353","Roots","Enables the Roots ability, which increases the success chance of the first mission you send each day by ${$a714}% if that mission has |C00b3ffffMinions|R.","107","0","1","134412","41962","591","0","0","0","0","0","0"
"354","Evergreen","Grants access to two plots of rich soil, allowing you to grow and harvest plants that provide helpful items once every 3 days to use on the Broken Isles.","107","1","0","612099","41955","0","0","0","0","0","0","0"
"355","Elune's Chosen","Allows you to place a work order for 1 of your 3 weekly Seals of Broken Fate in exchange for Order Resources.","107","4","0","611423","41960","0","0","0","0","0","0","0"
"356","Ancient of War","Allows you to recruit an Ancient of War.  

Ancients of War have a random Druid Specialization and can counter a |C00b3ffffBoss|R, in addition to:

|TInterface\ICONS\INV_PET_ANCIENTPROTECTOR.BLP:20:20:0:0|t |CffffffffStrength of the Ancients|R
$@garrabdesc435","107","4","1","874857","41960","0","0","0","0","0","0","0"
"357","Natural Legend","Increase the number of Legendary items you can equip by ${$a898}.","107","5","0","1045105","41961","0","0","0","0","0","0","0"
"358","Dark Bargain","Increases the chance for quest rewards to get a rare or epic Bonus Upgrade from non-repeatable quests.","110","0","0","538039","41962","0","0","0","0","0","0","0"
"359","Summon Doomguard","Enables the Summon Doomguard ability, which increases the success chance of the first mission you send each day by ${$a616}%.","110","0","1","615103","41962","500","0","0","0","0","0","0"
"360","Ritual of Summoning","Enables the Ritual of Summoning ability for all missions, reducing mission duration by ${100-$a615*100}%.","110","1","1","136194","41955","499","0","0","0","0","0","0"
"361","Training Grounds","Increases the maximum number of Imps, Wild Imps, Acolytes and Invokers you can recruit by ${$a614}.","110","2","0","538442","41958","498","0","0","0","0","0","0"
"362","Dark Mastery","Newly recruited Black Harvest Acolytes become Black Harvest Invokers, which gain:

|TInterface\ICONS\ABILITY_WARLOCK_INFERNOGREEN.BLP:20:20:0:0|t |CffffffffRain of Fel Fire|R
$@garrabdesc485","110","3","1","236295","41959","0","0","0","0","0","0","0"
"363","Grim Harvest","Completing World Quests with a Combat Ally provides Order Resources.","110","4","1","537517","41960","746","0","0","0","0","0","0"
"364","Shadow Pact","Allows you to place work orders for Champion armaments or equipment in exchange for Order Resources.","110","2","1","1032479","41958","0","0","0","0","0","0","0"
"365","Grimoire of Servitude","Newly recruited Packs of Imps become Swarms of Wild Imps, which have:

|TInterface\ICONS\SPELL_SHADOW_ANTISHADOW.BLP:20:20:0:0|t |CffffffffDemonic Pact|R
$@garrabdesc497","110","3","0","460694","41959","0","0","0","0","0","0","0"
"366","Demonic Offering","Grants you access to Ritual of Doom, allowing you and four compatriots to summon mighty demons in search of empowering magics and demonic treasures.","110","1","0","460696","41955","0","0","0","0","0","0","0"
"367","Seed of Corruption","Increases success chance of missions with |C00b3ffffMinions|R by ${$a1516}%.","110","4","0","136193","41960","1137","0","0","0","0","0","0"
"368","Legends of the Fel","Increase the number of Legendary items you can equip by ${$a898}.","110","5","0","615096","41961","0","0","0","0","0","0","0"
"369","Rugged Upgrades","Increases the chance for quest rewards to get a rare or epic Bonus Upgrade from non-repeatable quests.","113","0","0","132168","41962","0","0","0","0","0","0","0"
"370","Long Range","Enables the Long Range ability, which increases the success chance of the first mission you send each day by ${$a707}%.","113","0","1","1392555","41962","584","0","0","0","0","0","0"
"371","Disengage","Enables the Disengage ability for all missions, which increases success chance of missions with |C00b3ffffHazards|R by ${$a787}%.","113","1","1","132294","41955","661","0","0","0","0","0","0"
"372","Sturdy Tents","Increases the maximum number of Archers, Marksmen, Trackers and Pathfinders you can recruit by ${$a708}.","113","2","0","236200","41958","585","0","0","0","0","0","0"
"373","Keen Eye","Newly recruited Squads of Archers become Unseen Marksmen, increasing their chance of mission success by ${$a634-$a633}%.","113","3","0","132177","41959","0","0","0","0","0","0","0"
"374","Wild Calling","Newly recruited Bands of Trackers become Pathfinders which gain:

|TInterface\ICONS\SPELL_FIRE_FLARE.BLP:20:20:0:0|t |CffffffffFlare|R
$@garrabdesc520","113","3","1","133208","41959","0","0","0","0","0","0","0"
"375","Eagle Ally","Allows access to the Eagle Flight Network, a number of flight paths scattered across the Broken Isles.","113","1","0","1392564","41955","0","0","0","0","0","0","0"
"376","Foraging","Completing World Quests with a Combat Ally provides Order Resources.","113","4","1","135904","41960","786","0","0","0","0","0","0"
"377","Unseen Path","Allows you to place a work order for 1 of your 3 weekly Seals of Broken Fate in exchange for Order Resources.","113","4","0","461118","41960","0","0","0","0","0","0","0"
"378","Fletchery","Allows you to place work orders for Champion armaments or equipment in exchange for Order Resources.","113","2","1","236204","41958","0","0","0","0","0","0","0"
"379","Legends of the Wild","Increase the number of Legendary items you can equip by ${$a898}.","113","5","0","538771","41961","0","0","0","0","0","0","0"
"380","Arcane Provenance","Increases the chance for quest rewards to get a rare or epic Bonus Upgrade from non-repeatable quests.","116","0","0","252267","41962","0","0","0","0","0","0","0"
"381","Frost Nova","Enables the Frost Nova ability, which increases the success chance of the first mission you send each day by ${$a710}% if that mission has |C00b3ffffMinions|R.","116","0","1","135848","41962","587","0","0","0","0","0","0"
"382","Blink","Enables the Blink ability for all missions, reducing mission duration by ${100-$a712*100}%.","116","1","1","135736","41955","589","0","0","0","0","0","0"
"383","Arcane Library","Increases the maximum number of Water Elementals, Arcane Golems, Tirisgarde Apprentices and Kirin Tor Invokers you can recruit by ${$a711}.","116","2","0","354435","41958","588","0","0","0","0","0","0"
"384","Elemental Power","Newly recruited Water Elementals become Arcane Golems, increasing their chance of mission success by ${$a677-$a676}%.","116","3","0","651082","41959","0","0","0","0","0","0","0"
"385","Higher Learning","Newly recruited Tirisgarde Apprentices become Kirin Tor Invokers which gain:

|TInterface\ICONS\SPELL_NATURE_ENCHANTARMOR.BLP:20:20:0:0|t |CffffffffPresence of Mind|R
$@garrabdesc552","116","3","1","236225","41959","0","0","0","0","0","0","0"
"386","Teleportation Nexus","Grants access to the Teleportation Nexus, an array of portals distributed across the Broken Isles, allowing you to quickly move around the world.","116","1","0","237509","41955","0","0","0","0","0","0","0"
"387","Arcane Divination","Allows you to place a work order for 1 of your 3 weekly Seals of Broken Fate in exchange for Order Resources.","116","4","1","609814","41960","0","0","0","0","0","0","0"
"388","Arcane Intuition","Quests grant you bonus resources while you have a Combat Ally active.","116","4","0","610679","41960","1134","0","0","0","0","0","0"
"389","Arcane Armaments","Allows you to place work orders for Champion armaments or equipment in exchange for Order Resources.","116","2","1","135752","41958","0","0","0","0","0","0","0"
"390","Legends of the Tirisgarde","Increase the number of Legendary items you can equip by ${$a898}.","116","5","0","895887","41961","0","0","0","0","0","0","0"
"391","Light's Favor","Increases the chance for quest rewards to get a rare or epic Bonus Upgrade from non-repeatable quests.","119","0","0","589117","41962","0","0","0","0","0","0","0"
"392","Blessing of Kings","Enables the Blessing of Kings ability, which increases the success chance of the first mission you send each day by ${$a718}%.","119","0","1","135993","41962","595","0","0","0","0","0","0"
"393","Righteous Blessing","Enables the Righteous Blessing ability for all missions, which increases success chance of missions with |C00b3ffffMinions|R by ${$a716}%.","119","1","1","1030099","41955","593","0","0","0","0","0","0"
"394","Argent Call","Increase the maximum number of Squires, Shieldbearers, Knights and Templar you can recruit by ${$a717}.","119","2","0","236690","41958","594","0","0","0","0","0","0"
"395","As One","Newly recruited Squads of Squires become a Shieldbearer Phalanx, increasing their chance of mission success by ${$a638-$a637}%.","119","3","0","1278391","41959","0","0","0","0","0","0","0"
"396","Templar of the Silver Hand","Newly recruited Silver Hand Knights become Silver Hand Templars which gain:

|TInterface\ICONS\SPELL_HOLY_HEROISM.BLP:20:20:0:0|t |CffffffffGuardians of Kings|R
$@garrabdesc562","119","3","1","237547","41959","0","0","0","0","0","0","0"
"397","Argent Steed","Grants access to the Argent Charger Hitching Post once a day, allowing you to summon a Charger which allows you to perform mounted combat for a short duration.","119","1","0","1360759","41955","0","0","0","0","0","0","0"
"398","Holy Purpose","Allows you to place a work order for 1 of your 3 weekly Seals of Broken Fate in exchange for Order Resources.","119","4","1","135909","41960","0","0","0","0","0","0","0"
"399","Grand Crusade","Quests grant you bonus resources while you have a Combat Ally active.","119","4","0","1360760","41960","1132","0","0","0","0","0","0"
"400","Plowshares to Swords","Allows you to place work orders for Champion armaments or equipment in exchange for Order Resources.","119","2","1","1030096","41958","0","0","0","0","0","0","0"
"401","Legends of the Righteous","Increase the number of Legendary items you can equip by ${$a898}.","119","5","0","135965","41961","0","0","0","0","0","0","0"
"402","Odyn's Favor","Increases the chance for quest rewards to get a rare or epic Bonus Upgrade from non-repeatable quests.","122","0","0","132275","41962","0","0","0","0","0","0","0"
"403","Rallying Cry","Enables the Rallying Cry ability, which increases the success chance of the first mission you send each day by ${$a719}% per troop Vitality.","122","0","1","236317","41962","596","0","0","0","0","0","0"
"404","Forced March","Enables the Forced March ability for all missions, reducing mission duration by ${100-$a720*100}%.","122","1","1","132277","41955","597","0","0","0","0","0","0"
"405","Abundant Valor","Increases the maximum number of Valarjar Aspirants, Stormforged Valarjar, Shieldmaiden Warbands and Valkyra Shieldmaidens you can recruit by ${$a721}.","122","2","0","132351","41958","598","0","0","0","0","0","0"
"406","Trial by Fire","Newly recruited Valajar Aspirants become Stormforged Valarjar, increasing their chance of mission success by ${$a725-$a722}%.","122","3","0","132346","41959","0","0","0","0","0","0","0"
"407","Ascension","Newly recruited Shieldmaiden Warbands become Valkyra Shieldmaidens, which gain:

|TInterface\ICONS\Ability_Paladin_TowerofLight.blp:20:20:0:0|t |CffffffffFlight of the Valkyra|R
$@garrabdesc601","122","3","1","132339","41959","0","0","0","0","0","0","0"
"408","For Honor and Glory","Grants you the ability to see the Skyhold Chest of Riches within the perilous Circle of Glory.  Compete with your fellow Warriors for the chance to loot its riches once a week.","122","1","0","132334","41955","0","0","0","0","0","0","0"
"409","Spoils of War","Completing World Quests with a Combat Ally provides Order Resources.","122","4","1","236307","41960","747","0","0","0","0","0","0"
"410","Bladestorm","Increases success chance of missions with |C00b3ffffMinions|R by ${$a1514}%.","122","4","0","236303","41960","1136","0","0","0","0","0","0"
"411","Heavenly Forge","Allows you to place work orders for Champion armaments or equipment in exchange for Order Resources.","122","2","1","1357798","41958","0","0","0","0","0","0","0"
"412","Legends of Ragnarok","Increase the number of Legendary items you can equip by ${$a898}.","122","5","0","460957","41961","0","0","0","0","0","0","0"
"413","Well Prepared","Increases the chance for quest rewards to get a rare or epic Bonus Upgrade from non-repeatable quests.","125","0","0","607854","41962","0","0","0","0","0","0","0"
"414","The Hunt","Enables The Hunt ability, which increases the success chance of the first mission you send each day by ${$a738}%.","125","0","1","1344654","41962","614","0","0","0","0","0","0"
"415","Vengeful Retreat","Enables the Vengeful Retreat ability for all missions, which increases success chance of missions with |C00b3ffffMinions|R by ${$a740}%.","125","1","1","1348401","41955","616","0","0","0","0","0","0"
"416","Training Grounds","Increases the maximum number of Ashtongue Warriors, Naga Myrmidon, Illidari Adepts and Transformed Illidari Adepts you can recruit by ${$a739}.","125","2","0","1380677","41958","615","0","0","0","0","0","0"
"417","Naga Myrmidons","Newly recruited Ashtongue Warriors become Naga Myrmidons increasing their chance of mission success by ${$a728-$a726}%.","125","3","0","1391617","41959","0","0","0","0","0","0","0"
"418","Demonic Power","Newly recruited Illidari Adepts become Transformed Illidari Adepts which gain:

|TInterface\ICONS\ABILITY_WARLOCK_SHADOWFURYTGA.BLP:20:20:0:0|t |CffffffffDemon Form|R
$@garrabdesc606","125","3","1","1247262","41959","0","0","0","0","0","0","0"
"419","Twisting Nether","Grants you access to Portal to the Twisting Nether, summoning a mighty demon that you and your allies may defeat for fortifying bonuses and potential treasure.","125","1","0","134544","41955","0","0","0","0","0","0","0"
"420","Focused War Effort","Allows you to place a work order for 1 of your 3 weekly Seals of Broken Fate in exchange for Order Resources.","125","4","1","1392947","41960","0","0","0","0","0","0","0"
"421","Fel Hammer's Wrath","Increases success chance of missions with |C00b3ffffMinions|R by ${$a716}%.","125","4","0","1247266","41960","1246","0","0","0","0","0","0"
"422","Fel Armaments","Allows you to place work orders for Champion armaments or equipment in exchange for Order Resources.","125","2","1","1380365","41958","0","0","0","0","0","0","0"
"423","Demonic Fate","Increase the number of Legendary items you can equip by ${$a898}.","125","5","0","1247265","41961","0","0","0","0","0","0","0"
"424","Death's Boon","Increases the chance for quest rewards to get a rare or epic Bonus Upgrade from non-repeatable quests.","128","0","0","1390941","41962","0","0","0","0","0","0","0"
"425","Swarm","Enables the Swarm ability, which increases the success chance of the first mission you send each day by ${$a755}% when a Pack of Ghouls or Geist Swarm is on the mission.","128","0","1","237511","41962","631","0","0","0","0","0","0"
"426","Death's Advance","Enables the Death's Advance ability for all missions, which increases the success chance for missions with |C00b3ffffHazards|R by ${$a754}%.","128","1","1","237561","41955","630","0","0","0","0","0","0"
"427","Call of the Grave","Increases the maximum number of Ghouls, Geists, Knights and Ravagers you can recruit by ${$a753}.","128","2","0","1065381","41958","629","0","0","0","0","0","0"
"428","Construct Quarter","Newly recruited Packs of Ghouls become Geist Swarms, increasing their chance of mission success by ${$a742-$a741}%.","128","3","0","1100170","41959","0","0","0","0","0","0","0"
"429","Live by the Sword","Newly recruited Ebon Knights become Ebon Ravagers.  

Ebon Ravagers gain a random Specialization and can counter a |C00b3ffffBoss|R.","128","3","1","1392551","41959","0","0","0","0","0","0","0"
"430","Dark Horsemen","Grants access to the Deathcharger Hitching Post once a day, used to summon a Deathcharger which allows you to perform mounted combat for a short duration.","128","1","0","524049","41955","0","0","0","0","0","0","0"
"431","Reanimation","Successful missions have a chance to return a Pile of Bits and Bones which can be combined into Abominations.

Abominations increase success chance by ${$a650}% on missions with either |C00b3ffffHazards|R, |C00b3ffffSpells|R or |C00b3ffffMinions|R, chosen at random, in addition to:

|TInterface\ICONS\SPELL_DEATHKNIGHT_EXPLODE_GHOUL.BLP:20:20:0:0|t |CffffffffVile Aberration|R
$@garrabdesc778","128","4","1","136187","41960","782","0","0","0","0","0","0"
"432","Unholy Reclamation","Quests grant you bonus resources while you have a Combat Ally active.","128","4","0","135775","41960","1133","0","0","0","0","0","0"
"433","Brothers in Arms","Allows you to place work orders for Champion armaments or equipment in exchange for Order Resources.","128","2","1","237512","41958","0","0","0","0","0","0","0"
"434","Legends from the Grave","Increase the number of Legendary items you can equip by ${$a898}.","128","5","0","879926","41961","0","0","0","0","0","0","0"
"435","Lucky Streak","Increases the chance for quest rewards to get a rare or epic Bonus Upgrade from non-repeatable quests.","131","0","0","418250","41962","0","0","0","0","0","0","0"
"436","Sneak Attack","Enables the Sneak Attack ability, which increases the success chance of the first mission you send each day by ${$a769}%.","131","0","1","1373907","41962","643","0","0","0","0","0","0"
"437","Assassination","Enables the Assassination ability for all missions, which increases success chance of missions with |C00b3ffffMinions|R by ${$a770}%.","131","1","1","236173","41955","644","0","0","0","0","0","0"
"438","Prizefights","Increases the maximum number of Bandits, Thieves, Pirates and Duelists you can recruit by ${$a771}.","131","2","0","1379239","41958","645","0","0","0","0","0","0"
"439","Defiant Legacy","Newly recruited Bandits become Defias Thieves, which have:

|TInterface\ICONS\INV_MISC_BAG_11.BLP:20:20:0:0|t |CffffffffPick Pocket|R
$@garrabdesc634","131","3","0","1373912","41959","0","0","0","0","0","0","0"
"440","Crimson Sails","Newly recruited Pirates become Uncrowned Duelists, which gain:

|TInterface\ICONS\ABILITY_PARRY.BLP:20:20:0:0|t |CffffffffEn Garde|R
$@garrabdesc635","131","3","1","1269440","41959","0","0","0","0","0","0","0"
"441","The Vault","Grants a chance for Champions on successful missions to return with a Vault Ticket.

Vault Tickets grant you permission to loot a random reward from the Uncrowned Vault once a week, containing riches beyond your wildest dreams.","131","1","0","1269443","41955","789","0","0","0","0","0","0"
"442","Under the Table","Completing World Quests with a Combat Ally provides Order Resources.","131","4","1","132092","41960","783","0","0","0","0","0","0"
"443","Plunder","Allows you to place a work order for 1 of your 3 weekly Seals of Broken Fate in exchange for Order Resources.","131","4","0","1398087","41960","0","0","0","0","0","0","0"
"444","Weapons Smuggler","Allows you to place work orders for Champion armaments or equipment in exchange for Order Resources.","131","2","1","840720","41958","0","0","0","0","0","0","0"
"445","Armed to the Teeth","Increase the number of Legendary items you can equip by ${$a898}.","131","5","0","1398088","41961","0","0","0","0","0","0","0"
"446","Divine Fate","Increases the chance for quest rewards to get a rare or epic Bonus Upgrade from non-repeatable quests.","134","0","0","135976","41962","0","0","0","0","0","0","0"
"447","Daily Prayers","Enables the Daily Prayers ability, which increases the success chance of the first mission you send each day by ${$a785}%.","134","0","1","237539","41962","659","0","0","0","0","0","0"
"448","Tithe","Completing World Quests with a Combat Ally provides Order Resources.","134","4","1","1022951","41960","784","0","0","0","0","0","0"
"449","Communal Living","Increases the maximum number of Acolytes, Paragons, Zealots and Dark Zealots you can recruit by ${$a784}.","134","2","0","135946","41958","658","0","0","0","0","0","0"
"450","Inquisition","Newly recruited Acolytes become Paragons, increasing their chance of mission success by ${$a774-$a773}%.","134","3","0","633042","41959","0","0","0","0","0","0","0"
"451","Shadow Heresy","Newly recruited Zealots become Dark Zealots, which gain:

|TInterface\ICONS\ABILITY_WARLOCK_SOULSWAP.BLP:20:20:0:0|t |CffffffffSoul Reapers|R
$@garrabdesc650","134","3","1","1022944","41959","0","0","0","0","0","0","0"
"452","Altars of Blessing","Grants you permission to access either the Light Well or the Shadow Well once a day.

Praying to either of these Altars will grant valuable bonuses to assist you while questing in the Broken Isles.","134","1","0","135923","41955","0","0","0","0","0","0","0"
"453","Pain Suppression","Enables the Pain Suppression ability for all missions, granting a chance for a random troop to not take ${$a786} vitality damage.","134","1","1","135936","41955","660","0","0","0","0","0","0"
"454","Blessed Seals","Allows you to place a work order for 1 of your 3 weekly Seals of Broken Fate in exchange for Order Resources.","134","4","0","135914","41960","0","0","0","0","0","0","0"
"455","Armaments of Light","Allows you to place work orders for Champion armaments or equipment in exchange for Order Resources.","134","2","1","632352","41958","0","0","0","0","0","0","0"
"456","Armed by Faith","Increase the number of Legendary items you can equip by ${$a898}.","134","5","0","1022949","41961","0","0","0","0","0","0","0"
"480","Silver Hand Crusaders","You are now able to recruit Silver Hand Crusaders, a powerful troop type.

Silver Hand Crusaders have a random Ability and can counter either |C00b3ffffMinions|R, |C00b3ffffSpells|R or |C00b3ffffHazards|R, in addition to:

|TInterface\ICONS\ACHIEVEMENT_REPUTATION_ARGENTCRUSADER.BLP:20:20:0:0|t |CffffffffThundering Assault|R
$@garrabdesc889","119","6","0","1134001","48550","0","0","0","0","0","0","0"
"481","Roster of Champions","$@garrabdesc892","119","6","1","571558","48550","0","0","0","0","0","0","0"
"483","Guardians of the Kirin Tor","You are now able to recruit Kirin Tor Guardians, a powerful troop type.

Guardians have a random Ability and can counter either |C00b3ffffMinions|R, |C00b3ffffSpells|R or |C00b3ffffHazards|R, in addition to:

|TInterface\ICONS\SPELL_MAGE_TEMPORALSHIELD.BLP:20:20:0:0|t |CffffffffPrismatic Armor|R
$@garrabdesc876","116","6","0","610472","48550","0","0","0","0","0","0","0"
"484","Roster of Champions","$@garrabdesc892","116","6","1","1387356","48550","0","0","0","0","0","0","0"
"486","Frost and Death","You are now able to recruit Ebon Knight Frostreavers, a powerful troop type.

Frostreavers have a random Ability and can counter either |C00b3ffffMinions|R, |C00b3ffffSpells|R or |C00b3ffffHazards|R, in addition to:

|TInterface\ICONS\artifactability_FrostMage_Ebonbolt.blp:20:20:0:0|t |CffffffffFrost Reaver|R
$@garrabdesc877","128","6","0","236699","48550","0","0","0","0","0","0","0"
"487","Roster of Champions","$@garrabdesc892","128","6","1","636332","48550","0","0","0","0","0","0","0"
"489","Blades of Death","You are now able to recruit Shivarra, a powerful troop type.

Shivarra have a random Ability and can counter either |C00b3ffffMinions|R, |C00b3ffffSpells|R or |C00b3ffffHazards|R, in addition to:

|TInterface\ICONS\INV_WEAPON_SHORTBLADE_31.BLP:20:20:0:0|t |CffffffffShattering Blades|R
$@garrabdesc885","125","6","0","615148","48550","0","0","0","0","0","0","0"
"490","Roster of Champions","$@garrabdesc892","125","6","1","236299","48550","0","0","0","0","0","0","0"
"492","Wardens of the Grove","You are now able to recruit Dreamgrove Wardens, a powerful troop type.

Dreamgrove Wardens have a random Ability and can counter either |C00b3ffffMinions|R, |C00b3ffffSpells|R or |C00b3ffffHazards|R, in addition to:

|TInterface\ICONS\SPELL_NATURE_MOONGLOW.BLP:20:20:0:0|t |CffffffffStars Fury|R
$@garrabdesc879","107","6","0","1387709","48550","0","0","0","0","0","0","0"
"493","Roster of Champions","$@garrabdesc892","107","6","1","1396983","48550","0","0","0","0","0","0","0"
"495","Born of the Night","You are now able to recruit Nightborne Hunters, a powerful troop type.

Nightborne Hunters have a random Ability and can counter either |C00b3ffffMinions|R, |C00b3ffffSpells|R or |C00b3ffffHazards|R, in addition to:

|TInterface\ICONS\ABILITY_ROGUE_MASTEROFSUBTLETY.BLP:20:20:0:0|t |CffffffffShadow Assault|R
$@garrabdesc884","113","6","0","1525722","48550","0","0","0","0","0","0","0"
"496","Roster of Champions","$@garrabdesc892","113","6","1","1036119","48550","0","0","0","0","0","0","0"
"498","Masters of the Path","You are now able to recruit Masters of Serenity, a powerful troop type.

Masters of Serenity have a random Ability and can counter either |C00b3ffffMinions|R, |C00b3ffffSpells|R or |C00b3ffffHazards|R, in addition to:

|TInterface\ICONS\ABILITY_MONK_SERENITY.blp:20:20:0:0|t |CffffffffSerene Strike|R
$@garrabdesc891","4","6","0","1381296","48550","0","0","0","0","0","0","0"
"499","Roster of Champions","$@garrabdesc892","4","6","1","613397","48550","0","0","0","0","0","0","0"
"501","Hooded Priests","You are now able to recruit Hooded Priests, a powerful troop type.

Hooded Priests have a random Ability and can counter either |C00b3ffffMinions|R, |C00b3ffffSpells|R or |C00b3ffffHazards|R, in addition to:

|TInterface\ICONS\INV_MISC_HERB_WHISPERVINE.BLP:20:20:0:0|t |CffffffffWhispers of Death|R
$@garrabdesc888","134","6","0","237568","48550","0","0","0","0","0","0","0"
"502","Roster of Champions","$@garrabdesc892","134","6","1","1060983","48550","0","0","0","0","0","0","0"
"504","Ravenholdt's Finest","You are now able to recruit Ravenholdt Assassins, a powerful troop type.

Ravenholdt Assassins have a random ability and can counter either |C00b3ffffMinions|R, |C00b3ffffSpells|R or |C00b3ffffHazards|R, in addition to:

|TInterface\ICONS\INV_Helm_Cloth_ShadowmoonClan_B_01.blp:20:20:0:0|t |CffffffffShadow Death|R
$@garrabdesc890","131","6","0","1394887","48550","0","0","0","0","0","0","0"
"505","Roster of Champions","$@garrabdesc892","131","6","1","236275","48550","0","0","0","0","0","0","0"
"507","Ring of Earth","You are now able to recruit Earthen Ring Protectors, a powerful troop type.

Earthen Ring Protectors have a random Ability and can counter either |C00b3ffffMinions|R, |C00b3ffffSpells|R or |C00b3ffffHazards|R, in addition to:

|TInterface\ICONS\SPELL_SHAMAN_UNLEASHWEAPON_EARTH.BLP:20:20:0:0|t |CffffffffEarth's Vengeance|R
$@garrabdesc886","31","6","0","456567","48550","0","0","0","0","0","0","0"
"508","Roster of Champions","$@garrabdesc892","31","6","1","1385914","48550","0","0","0","0","0","0","0"
"510","Demonic Brutes","You are now able to recruit Felguard Brutes, a powerful troop type.

Felguard Brutes have a random Ability and can counter either |C00b3ffffMinions|R, |C00b3ffffSpells|R or |C00b3ffffHazards|R, in addition to:

|TInterface\ICONS\Ability_DemonHunter_FelRush.blp:20:20:0:0|t |CffffffffFel Charge|R
$@garrabdesc887","110","6","0","132332","48550","0","0","0","0","0","0","0"
"511","Roster of Champions","$@garrabdesc892","110","6","1","607852","48550","0","0","0","0","0","0","0"
"513","Strike Hard","You are now able to recruit a Shock Force, a powerful troop type.

Shock Forces have a random Ability and can counter either |C00b3ffffMinions|R, |C00b3ffffSpells|R or |C00b3ffffHazards|R, in addition to:

|TInterface\ICONS\ACHIEVEMENT_FACTION_SHADOPAN_ASSAULT.BLP:20:20:0:0|t |CffffffffHard Assault|R
$@garrabdesc878","122","6","0","458975","48550","0","0","0","0","0","0","0"
"514","Roster of Champions","$@garrabdesc892","122","6","1","132175","48550","0","0","0","0","0","0","0"
"530","Tier 1 - Aura 1","$@garrspelldesc","150","0","3","132168","0","413","0","0","0","0","0","0"
"531","Tier 2 - Aura 3","Applies Tier 2 Aura 3","150","1","3","1392555","0","0","0","0","0","0","0","0"
"532","Tier 4 - Aura 1","Applies Tier 2 Aura 1","150","3","1","1392564","0","0","0","0","0","0","0","0"
"533","Tier 2 - Aura 2","Applies Tier 2 Aura 2","150","1","2","132294","0","0","0","0","531","0","0","0"
"534","Dragon Crash","$@spelldesc247089","151","6","0","1354171","50667","0","0","0","0","0","0","0"
"535","Accelerated Aggression","$@spelldesc245600","151","1","0","1380676","50662","0","0","0","0","0","0","0"
"536","Rapid Recovery","$@spelldesc247097","151","1","1","609811","50662","0","0","0","0","0","0","0"
"537","Dragon's Determination","$@spelldesc245604","151","2","0","236232","50663","0","0","0","0","0","0","0"
"538","Chrono Charisma","$@spelldesc247099","151","2","1","236688","50663","0","0","0","0","0","0","0"
"540","Blessing of the Bronze Dragonflight","$@spelldesc247111","151","3","1","134156","50664","0","0","0","0","0","0","0"
"541","Time Stop","$@spelldesc247103","151","0","0","1391675","50661","0","0","0","0","0","0","0"
"542","Acceleration","$@spelldesc247104","151","0","1","965900","50661","0","0","0","0","0","0","0"
"543","Keepsake Continuum","$@spelldesc247692","151","5","1","132594","50666","0","0","0","0","0","0","0"
"544","Infinite Velocity","$@spelldesc247110","151","5","0","237508","50666","0","0","0","0","0","0","0"
"545","Fortuitous","$@spelldesc247094","151","4","0","1391676","50665","0","0","0","0","0","0","0"
"546","Insight","$@spelldesc247088","151","3","0","525134","50664","0","0","0","0","0","0","0"
"547","Seafarer's Hearth","Harness the power of the sea, reducing the cooldown of your Hearthstone by ${$a1658}% when used in Kul Tiras and Zandalar.","152","0","0","413582","64059","0","0","0","0","0","0","0"
"548","Swift Landing","Capture the momentum from your recent flight path, increasing your mounted movement speed by ${$a1661}% for ${$a1662} minutes upon landing.","152","0","1","298594","64059","0","0","0","0","0","0","0"
"549","Upgraded Troop Barracks","Construct a larger barracks for your army, increasing the maximum number of troops you can house by ${$a1664}.","152","1","0","975738","64047","1254","0","0","0","0","0","0"
"550","Troop Portal Network","Open a portal for transportation of troops from Orgrimmar, allowing troops to be recruited instantly.","152","1","1","413583","64047","1264","0","0","0","0","0","0"
"551","Seafarer's Hearth","Harness the power of the sea, reducing the cooldown of your Hearthstone by ${$a1658}% when used in Kul Tiras and Zandalar.","153","0","0","413582","64046","0","0","0","0","0","0","0"
"552","Swift Landing","Capture the momentum from your recent flight path, increasing your mounted movement speed by ${$a1661}% for ${$a1662} minutes upon landing.","153","0","1","132239","64046","0","0","0","0","0","0","0"
"553","Upgraded Troop Barracks","Construct a larger barracks for your army, increasing the maximum number of troops you can house by ${$a1664}.","153","1","0","975738","64047","1254","0","0","0","0","0","0"
"554","Troop Portal Network","Open a portal for transportation of troops from Stormwind, allowing troops to be recruited instantly.","153","1","1","413583","64047","1264","0","0","0","0","0","0"
"655","Island Plunderer","Learn the pirate secrets of spotting treasure, granting you a chance to receive additional Seafarer's Dubloons on Island Expeditions.","152","2","0","1064187","64048","0","0","0","0","0","0","0"
"656","Island Archeologist","Learn the secrets of ancient civilizations, increasing the duration of effects from shrines by ${$a1667}%.","152","2","1","134451","64048","0","0","0","0","0","0","0"
"657","World Azerite Detector","Construct an Azerite detector on your ship, granting you a chance to find additional Azerite when completing World Quests.","152","3","0","2065603","64049","0","0","0","0","0","0","0"
"658","Local Transportation","Upgrade your Flight Master's Whistle, allowing you to call for a quick flight back to Zuldazar when using your whistle directly next to a flight master on Zandalar or Kul Tiras.","152","3","1","132161","64049","0","0","0","0","0","0","0"
"659","Warfront Resourcer","Establish access to resources outside of the Warfront, allowing you to enter the battle with ${$a1672} Iron and ${$a1710} Wood.","152","4","0","1059116","64050","0","0","0","0","0","0","0"
"660","Warfront General","Learn how to best inspire allies in combat, increasing the effectiveness of your recruited troops by ${$a1674}% while fighting in a Warfront.","152","4","1","2032483","64050","0","0","0","0","0","0","0"
"661","Horde Ambassador","Open up additional lines of trade with your new allies, granting additional War Resources from emissary quests.","152","5","0","2065571","64052","0","0","0","0","0","0","0"
"662","Island Plunderer","Learn the pirate secrets of spotting treasure, granting you a chance to receive additional Seafarer's Dubloons on Island Expeditions.","153","2","0","1064187","64048","0","0","0","0","0","0","0"
"663","Island Archeologist","Learn the secrets of ancient civilizations, increasing the duration of effects from shrines by ${$a1667}%.","153","2","1","134451","64048","0","0","0","0","0","0","0"
"664","World Azerite Detector","Construct an Azerite detector on your ship, granting you a chance to find additional Azerite when completing World Quests.","153","3","0","2065603","64049","0","0","0","0","0","0","0"
"665","Local Transportation","Upgrade your Flight Master's Whistle, allowing you to call for a quick flight back to Boralus when using your whistle directly next to a flight master on Zandalar or Kul Tiras.","153","3","1","132161","64049","0","0","0","0","0","0","0"
"666","Warfront Resourcer","Establish access to resources outside of the Warfront, allowing you to enter the battle with ${$a1672} Iron and ${$a1710} Wood.","153","4","0","1059116","64050","0","0","0","0","0","0","0"
"667","Warfront General","Learn how to best inspire allies in combat, increasing the effectiveness of your recruited troops by ${$a1674}% while fighting in a Warfront.","153","4","1","2001890","64050","0","0","0","0","0","0","0"
"668","Alliance Ambassador","Open up additional lines of trade with your new allies, granting additional War Resources from emissary quests.","153","5","0","2065569","64051","0","0","0","0","0","0","0"
"695","Let There Be Light","Allows for you to discover torches which regenerate Sanity inside the Visions of N'Zoth. [NYI]","260","0","0","135433","67754","0","0","0","0","0","0","0"
"696","Know No Fear","Increases your max sanity.[NYI]","260","1","0","136035","67754","0","0","0","0","0","0","0"
"697","The Penitent Shall Pass","Your sanity now passively regenerates. [NYI]","260","1","1","135740","67754","0","0","0","0","0","0","0"
"698","My Name Is Fury","Whenever you take damage that causes you to lose sanity, deal damage to the enemy as well. [NYI]","260","2","0","1786422","0","0","0","0","0","0","0","0"
"699","Friends In The Darkness","Whenever you lose Sanity, chance to summon a friendly void fiend to fight by your side for a short time.[NYI]","260","2","1","1711339","0","0","0","0","0","0","0","0"
"700","Rich Cache","Chests now have a chance to contain stronger torches and greater scrolls in them. [NYI]","260","3","0","1001977","0","0","0","0","0","0","0","0"
"701","Fleeting Vision","Whenever you are inside the Vision, your movement speed is increased. [NYI]","260","4","0","237529","0","0","0","0","0","0","0","0"
"702","Bountiful Vision","Increases the number of Corrupted Mementos that drop for you. [NYI]","260","4","1","901746","0","0","0","0","0","0","0","0"
"703","Stalwart Mind","Whenever you are afflicted by a madness, chance instead to benefit from a Boon of Resolve. {NYI]","260","5","0","413576","0","0","0","0","0","0","0","0"
"709","Emergency Cranial Defibrillation","$@spelldesc304815","263","3","0","236225","0","0","0","0","0","0","0","0"
"721","Cleansing Procedures","$@spelldesc304844","263","0","0","132793","0","0","0","0","0","0","0","0"
"722","Sanitation Mastery","$@spelldesc304852","263","1","0","655994","0","0","0","0","0","0","0","0"
"723","Inversion","$@spelldesc304872","263","2","0","135936","0","0","0","0","0","0","0","0"
"728","Synchronized Mind Stabilizer","$@spelldesc305111","264","3","0","1030095","0","0","0","0","0","0","0","0"
"729","Portable Clarity","$@spelldesc305146","264","0","0","236249","0","0","0","0","0","0","0","0"
"730","Expansive Mind","$@spelldesc305159","264","1","0","237548","0","0","0","0","0","0","0","0"
"731","Experimental Endeavor Expertise","$@spelldesc305169","264","2","0","236248","0","0","0","0","0","0","0","0"
"732","Experimental Destabilization","$@spelldesc305380","265","0","0","236251","0","0","0","0","0","0","0","0"
"733","Leveraged Materials","$@spelldesc307515","265","1","0","133784","0","0","0","0","0","0","0","0"
"734","Sanitation Mastery","$@spelldesc307517","266","0","0","135985","0","0","0","0","0","0","0","0"
"735","Vision Hunter","$@spelldesc307518","266","1","0","135599","0","0","0","0","0","0","0","0"
"736","Clear Sight","$@spelldesc307519","267","0","0","133146","0","0","0","0","0","0","0","0"
"737","Vision Cartography","$@spelldesc307520","267","1","0","237383","0","0","0","0","0","0","0","0"
"738","Vision Reorganization","$@spelldesc307525","267","2","0","511651","0","0","0","0","0","0","0","0"
"739","Reverse Protocol","$@spelldesc307527","268","0","0","135939","0","0","0","0","0","0","0","0"
"740","Repurposed Visage Techniques","$@spelldesc307528","268","1","0","1981727","0","0","0","0","0","0","0","0"
"742","Tier 3 - Aura 1","","150","2","2","132111","0","0","0","0","0","0","0","0"
"749","Tier 4 - Aura 2","","150","3","2","132166","0","0","0","0","0","0","0","0"
"750","Tier 4 - Aura 3","","150","3","3","132212","0","0","0","0","0","0","0","0"
"751","Tier 5 - Aura 1","","150","4","0","461846","0","0","0","0","0","0","0","0"
"752","Tier 5 - Aura 2","","150","4","3","132174","0","0","0","0","0","0","0","0"
"753","Tier 6 - Aura 1","","150","5","1","236179","0","0","0","0","0","0","0","0"
"755","Tier 7 - Aura 1","","150","5","2","132169","0","0","0","0","0","0","0","0"
"756","Tier 7 - Aura 2","","150","6","3","461117","0","0","0","0","0","0","0","0"
"757","Tier 7 - Aura 3","","150","5","4","236189","0","0","0","0","0","0","0","0"
"758","Tier 7 - Aura 1","","150","7","3","461113","0","0","0","0","0","0","0","0"
"759","Tier 2 - Aura 4","","150","1","4","132165","0","0","0","0","531","0","0","0"
"760","Tier 4 - Aura 5","","150","3","5","132171","0","0","0","0","0","0","0","0"
"785","Tier 3 - Aura 2","","150","2","4","461112","0","0","0","0","0","0","0","0"
"786","Tier 4 - Aura 4","","150","3","4","236177","0","0","0","0","0","0","0","0"
"787","Tier 5 - Aura 3","","150","4","6","132173","0","0","0","0","0","0","0","0"
"788","TGier 6 - Aura 3","","150","5","5","132176","0","0","0","0","0","0","0","0"
"791","Orb Operation Manual","$@spelldesc307527","271","0","2","236249","0","0","0","2","0","1","0","0"
"792","Gift of the Titans","$@spelldesc307528","271","5","2","2000853","77249","0","0","2","0","1","0","0"
"794","Singular Sanitation Expertise","$@garrspelldesc","271","1","1","897130","0","0","0","0","0","1","0","0"
"795","Emergency Cranial Defibrillation","$@spelldesc304815","271","1","0","236225","0","0","0","0","794","1","0","0"
"798","Expansive Mind","$@garrspelldesc","271","1","3","237548","0","0","0","0","0","1","0","0"
"800","Synchronized Mind Stabilizer","$@spelldesc305111","271","1","4","1030095","0","0","0","0","798","1","0","0"
"802","Clear Sight","$@garrspelldesc","271","2","2","135918","77250","0","0","0","0","1","0","0"
"804","Experimental Destabilization","$@garrspelldesc","271","4","1","236251","0","0","0","0","0","1","0","0"
"805","Elite Extermination","$@spelldesc310720","271","3","2","135939","0","0","0","0","0","1","0","0"
"806","Vision Hunter","$@garrspelldesc","271","4","3","236282","0","0","0","0","0","1","0","0"
"807","Skillful Duelist","$@spelldesc307876","272","0","0","2015861","0","0","0","0","0","0","0","0"
"808","Swift Impale","$@spelldesc307875","272","0","1","236268","0","0","0","0","0","0","0","0"
"809","Deflecting Flourish","$@spelldesc307874","272","1","0","1301080","0","0","0","0","0","0","0","0"
"811","Payment in Advance","$@spelldesc307883","272","2","0","236882","0","0","0","0","0","0","0","0"
"812","Exacting Preparation","$@spelldesc307882","272","2","1","1500885","0","0","0","0","0","0","0","0"
"814","Fancy Footwork","$@spelldesc307880","272","3","0","965900","0","0","0","0","0","0","0","0"
"815","Inspiring Panache","$@spelldesc307878","272","3","1","132171","0","0","0","0","0","0","0","0"
"816","Keep It Interesting","$@spelldesc308390","272","4","0","237272","0","0","0","0","0","0","0","0"
"824","Field of Poppies","$@garrspelldesc","275","0","1","306845","84497","0","0","0","0","0","0","0"
"826","Social Butterfly","$@garrspelldesc","275","3","0","237573","82861","0","0","0","0","0","0","0"
"827","Soothing Voice","$@garrspelldesc","275","3","1","136090","82861","0","0","0","0","0","0","0"
"828","Empowered Chrysalis","$@garrspelldesc","275","3","2","132123","82861","0","0","0","0","0","0","0"
"829","Endurance Conduit","","275","4","0","463893","82865","0","0","0","826","0","0","3"
"830","Potency Conduit","","275","4","1","463891","82865","0","0","0","827","0","0","2"
"831","Finesse Conduit","","275","4","2","463890","82865","0","0","0","828","0","0","1"
"832","Potency Conduit","","275","5","1","463891","82880","0","0","0","0","0","0","2"
"833","Faerie Dust","$@garrspelldesc","275","6","0","463521","82884","0","0","0","0","0","0","0"
"834","Somnambulist","$@garrspelldesc","275","6","2","1396974","82884","0","0","0","0","0","0","0"
"835","Finesse Conduit","","275","1","0","463890","84497","0","0","0","0","0","0","1"
"836","Potency Conduit","","275","1","2","463891","84497","0","0","0","0","0","0","2"
"837","Podtender","$@garrspelldesc","275","7","1","656440","82891","0","0","0","0","0","0","0"
"844","Care Package","$@garrspelldesc","276","6","0","133651","82883","0","0","0","0","0","0","0"
"849","Endurance Conduit","","276","4","0","463893","82868","0","0","0","858","0","0","3"
"850","Potency Conduit","","276","1","0","463891","84491","0","0","0","863","0","0","2"
"851","Finesse Conduit","","276","4","2","463890","82868","0","0","0","860","0","0","1"
"858","Niya's Tools: Burrs","$@garrspelldesc","276","3","0","132309","82859","0","0","0","0","0","0","0"
"859","Niya's Tools: Poison","$@garrspelldesc","276","3","1","136242","82859","0","0","0","0","0","0","0"
"860","Niya's Tools: Herbs","$@garrspelldesc","276","3","2","960671","82859","0","0","0","0","0","0","0"
"862","Stay on the Move","$@garrspelldesc","276","0","2","134060","84491","0","0","0","0","0","0","0"
"863","Run Without Tiring","$@garrspelldesc","276","0","0","514641","84491","0","0","0","0","0","0","0"
"864","Cycle of Seasons","$@garrspelldesc","276","7","1","236160","82891","0","0","0","0","0","0","0"
"866","Swift Patrol","$@garrspelldesc","276","6","2","132142","82883","0","0","0","0","0","0","0"
"870","Endurance Conduit","","275","2","1","463893","84497","0","0","0","0","0","0","3"
"994","Potency Conduit","","276","4","1","463891","82868","0","0","0","859","0","0","2"
"995","Potency Conduit","","276","5","1","463891","82876","0","0","0","0","0","0","2"
"997","Endurance Conduit","","304","1","1","463893","84407","0","0","0","0","0","0","3"
"998","Built for War","$@garrspelldesc","304","2","0","236310","84407","0","0","0","0","0","0","0"
"999","Hold Your Ground","$@garrspelldesc","304","2","2","236368","84407","0","0","0","0","0","0","0"
"1000","Finesse Conduit","","304","3","0","463890","84407","0","0","0","998","0","0","1"
"1001","Potency Conduit","","304","3","2","463891","84407","0","0","0","999","0","0","2"
"1005","Potency Conduit","","304","6","0","463891","82887","0","0","0","1424","0","0","2"
"1006","Endurance Conduit","","304","6","2","463893","82887","0","0","0","1425","0","0","3"
"1009","Endurance Conduit","","276","1","2","463893","84491","0","0","0","862","0","0","3"
"1010","Finesse Conduit","","276","2","1","463890","82856","0","0","0","0","0","0","1"
"1047","Mirror, Mirror","Activates locations for the Mirror Network across Revendreth.","309","0","0","3854020","84025","0","0","0","0","0","0","0"
"1048","Looking Glass","Activates additional locations for the Mirror Network across Revendreth.","309","1","0","3854020","82863","0","0","0","1047","0","0","0"
"1049","Mirror's Edge","Activates additional locations for the Mirror Network across Revendreth.","309","2","0","3854020","82871","0","0","0","1048","0","0","0"
"1050","Ziggaraut Now","First tier of the Maldraxxus Transport Network","310","0","0","3854019","84025","0","0","0","0","0","0","0"
"1051","A Keep Above","Second tier of the Maldraxxus Transport Network","310","1","0","3854019","82863","0","0","0","1050","0","0","0"
"1052","Flying Fortress","Third tier of the Maldraxxus travel network","310","2","0","3854019","82871","0","0","0","1051","0","0","0"
"1053","Nurtured Roots","First tier of the Ardenweald Travel Network","307","0","0","3854017","84025","0","0","0","0","0","0","0"
"1054","Fun with Fungi","Second tier of the Ardenweald travel network","307","1","0","3854017","82863","0","0","0","1053","0","0","0"
"1055","Blossoming Network","Third tier of the Ardenweald travel network","307","2","0","3854017","82871","0","0","0","1054","0","0","0"
"1056","Step of Faith","Allows travel to Elysian Hold, Hero's Rest, Aspirant's Rest, and the Temple of Courage.

After arriving at a location cast Unburden, greatly increasing movement speed, and propelling you forward.","308","0","0","3675497","84025","0","0","0","0","0","0","0"
"1057","Leap of Power","Allows travel to Sagehaven, the Temple of Purity, and the Seat of Eternal Hymns.

Unburden duration increased by 100%.

Your Summon Steward ability can now create an Elysian Beacon, granting you access to the network in the field.","308","1","0","3675497","82863","0","0","0","1056","0","0","0"
"1058","Eternal Paths","Allows travel to the Temple of Humility and Exaltation Rise.

Unburden additionally reduces the radius at which enemies will detect you while active.

Your steward's Elysian Beacon can now be used by party members.","308","2","0","3675497","82871","0","0","0","1057","0","0","0"
"1062","Flowing Tendrils","Allows you to channel anima to Purity's Pinnacle and the Temple of Courage, granting access to a special treasure and an enemy champion.","312","0","0","3675491","84025","0","0","0","0","0","0","0"
"1063","Streaming Threads","Allows you to channel anima to the Temple of Humility and the Eternal Forge, granting access to a new World Quest and new Daily Quests.","312","1","0","3675491","82863","0","0","0","1062","0","0","0"
"1064","Flowing Power","Allows you to channel anima to the Eonian Archives and the Citadel of Loyalty, granting access to Kyrian enhancements and a powerful enemy champion.","312","2","0","3675491","82871","0","0","0","1063","0","0","0"
"1065","Flowing Tendrils","Unlocks access to the Sanctum's first two anima diversion locations.","313","0","0","3854015","84025","0","0","0","0","0","0","0"
"1066","Streaming Threads","Unlocks access to more locations for anima diversion in Maldraxxus.","313","1","0","3854015","82863","0","0","0","1065","0","0","0"
"1067","Flowing Power","Unlocks access to further locations for anima diversion in Maldraxxus.","313","2","0","3854015","82871","0","0","0","1066","0","0","0"
"1068","Flowing Tendrils","Unlocks access to the Sanctum's first two anima diversion locations.","314","0","0","3854016","84025","0","0","0","0","0","30","0"
"1069","Streaming Threads","Unlocks access to more locations for anima diversion in Revendreth.","314","1","0","3854016","82863","0","0","0","1068","0","0","0"
"1070","Flowing Power","Unlocks access to further locations for anima diversion in Revendreth.","314","2","0","3854016","82871","0","0","0","1069","0","0","0"
"1071","Flowing Tendrils","Unlocks access to the Sanctum's first two anima diversion locations.","311","0","0","3854013","84025","0","0","0","0","0","0","0"
"1072","Streaming Threads","Unlocks access to more locations for anima diversion in Ardenweald.","311","1","0","3854013","82863","0","0","0","1071","0","0","0"
"1073","Flowing Power","Unlocks access to further locations for anima diversion in Ardenweald.","311","2","0","3854013","82871","0","0","0","1072","0","0","0"
"1074","Tactical Insight","Grants access to Adventures and their rewards.","315","0","0","3675495","84025","0","0","0","0","0","0","0"
"1075","Grovetender's Gift","Increases the rate at which followers naturally heal by 25%.","315","1","0","3675495","82863","1274","0","0","1074","0","0","0"
"1076","Hidden Pathways","Decreases the time an adventure takes to complete by 25%.","315","2","0","3675495","82871","1273","0","0","1075","0","0","0"
"1077","Tactical Insight","Grants access to Adventures and their rewards.","316","0","0","3675495","84025","0","0","0","0","0","0","0"
"1078","Enhanced Purification","Increases the rate at which adventurers naturally heal by 25%.","316","1","0","3675495","82863","1274","0","0","1077","0","0","0"
"1079","Wings of Light","Decreases the time an adventure takes to complete by 25%.","316","2","0","3675495","82871","1273","0","0","1078","0","0","0"
"1080","Tactical Insight","Grants access to Adventures and their rewards.","317","0","0","3675495","84025","0","0","0","0","0","0","0"
"1081","Deserved Feast","Increases the rate at which adventurers naturally heal by 25%.","317","1","0","3675495","82863","1274","0","0","1080","0","0","0"
"1082","Superior Efficiency","Decreases the time an adventure takes to complete by 25%.","317","2","0","3675495","82871","1273","0","0","1081","0","0","0"
"1083","Tactical Insight","Grants access to Adventures and their rewards.","318","0","0","3675495","84025","0","0","0","0","0","0","0"
"1084","Recuperative Treatments","Increases the rate at which adventurers naturally heal by 25%.","318","1","0","3675495","82863","1274","0","0","1083","0","0","0"
"1085","Forced March","Decreases the time an adventure takes to complete by 25%.","318","2","0","3675495","82871","1273","0","0","1084","0","0","0"
"1086","First Planting","Access to the Queen's Conservatory, where you will learn to restore the souls of lost gods to life.","319","0","0","3675494","84025","0","0","0","0","0","0","0"
"1087","Initial Growth","Unlocks access to catalyst plots, and activates an additional wildseed. Conservator Aoni will now offer daily catalyst quests.","319","1","0","3675494","82863","0","0","0","1086","0","0","0"
"1088","Nurtured Souls","Activates additional wildseed and catalyst plots to expand your growing potential.","319","2","0","3675494","82871","0","0","0","1087","0","0","0"
"1089","Flourishing Beds","Activates additional wildseed and catalyst plots. Opens access to a wildseed that has three possible catalyst connections.","319","3","0","3675494","82881","0","0","0","1088","0","0","0"
"1090","Final Forms","Activates the final wildseed plot that has access to four possible catalyst links.","319","4","0","3675494","82888","0","0","0","1089","0","0","0"
"1091","First Steps","Unlocks the sacred trial of the Path of Ascension, facilitating the capture of six Shadowlands memories for your soulbinds to train against.","320","0","0","3675496","84025","0","0","0","0","0","0","0"
"1092","Sacred Trials","Allows the capture of four more Shadowlands memories for training in the Path of Ascension.

Empowers some of your memories with accumulated anima, granting you access to their second trial.","320","1","0","3675496","82863","0","0","0","1091","0","0","0"
"1093","Continued Training","Empowers more of your captured memories, unlocking the rest of the Trials of Loyalty as well as the first of the Trials of Wisdom.

Their training on the Path has strengthened your soulbinds, increasing their health and damage.","320","2","0","3675496","82871","0","0","0","1092","0","0","0"
"1094","Teachings of Wisdom","Your collected anima strengthens the remaining memories, granting access to the remaining Trials of Wisdom.","320","3","0","3675496","82881","0","0","0","1093","0","0","0"
"1095","Trials of Humility","Unlocks the final trial for all of your captured memories, the Trial of Humility. 

Your soulbinds reflect on their past trials and take lessons learned into these final trials, further increasing their health and damage.","320","4","0","3675496","82888","0","0","0","1094","0","0","0"
"1096","Build a Buddy","Unlocks the first rank of Abominable Stitching.","321","0","0","3675492","84025","0","0","0","0","0","0","0"
"1097","Crafting limbs","Unlocks the second rank of Abominable Stitching.","321","1","0","3675492","82863","0","0","0","1096","0","0","0"
"1098","Bring them to Life","Unlocks the third rank of Abominable Stitching.","321","2","0","3675492","82871","0","0","0","1097","0","0","0"
"1099","Forged Friends","Unlocks the fourth rank of Abominable Stitching.","321","3","0","3675492","82881","0","0","0","1098","0","0","0"
"1100","Best Fiends Forvever","Unlocks the fifth rank of Abominable Stitching.","321","4","0","3675492","82888","0","0","0","1099","0","0","0"
"1111","A New Court","Help Theotar open a new court that will expand the influence of the Venthyr covenant.","324","0","0","3675493","84025","0","0","0","0","0","0","0"
"1112","Discerning Taste","Attract the attention of even the most discerning guests, allowing you to invite a fourth guest to each Ember Court.","324","3","0","3675493","82881","0","0","0","1111","0","0","0"
"1113","Homegrown Help","Create a dredger butler to assist you in hosting the Ember Court.","324","1","0","3675493","82863","0","0","0","1111","0","0","0"
"1114","Court Influencer","Expand the guest list, allowing you to invite a third guest to each Ember Court.","324","2","0","3675493","82871","0","0","0","1111","0","0","0"
"1115","The Professionals","Hire five specialist staff who will help you foster the perfect atmosphere in each Ember Court.","324","4","0","3675493","82888","0","0","0","1111","0","0","0"
"1121","Finesse Conduit","","325","1","2","463890","84500","0","0","0","0","0","0","1"
"1122","Potency Conduit","","325","1","1","463891","84500","0","0","0","0","0","0","2"
"1123","Endurance Conduit","","325","1","0","463893","84500","0","0","0","0","0","0","3"
"1124","Volatile Solvent","$@garrspelldesc","325","0","1","1500943","84500","0","0","0","0","0","0","0"
"1125","Travel with Bloop","$@garrspelldesc","325","2","0","3459800","82856","0","0","0","1123","0","0","0"
"1126","Ooz's Frictionless Coating","$@garrspelldesc","325","2","1","3459797","82856","0","0","0","1122","0","0","0"
"1127","Plaguey's Watchful Eye","$@garrspelldesc","325","2","2","3459801","82856","0","0","0","1121","0","0","0"
"1128","Finesse Conduit","","325","3","1","463890","82859","0","0","0","0","0","0","1"
"1129","Kevin's Keyring","Allows opening of locks that require up to 600 skill. 12 hour cooldown.

Each second spent channeling Warlord's Blade reduces Kevin's Keyring's cooldown by one hour.","325","4","0","3459799","82868","0","0","0","0","0","0","0"
"1130","Plagueborn Cleansing Slime","$@garrspelldesc","325","4","2","3459798","82868","0","0","0","0","0","0","0"
"1132","Endurance Conduit","","325","6","0","463893","82883","0","0","0","0","0","0","3"
"1133","Potency Conduit","","325","6","2","463891","82883","0","0","0","0","0","0","2"
"1135","Potency Conduit","","325","5","1","463891","82876","0","0","0","0","0","0","2"
"1136","Ultimate Form","$@garrspelldesc","325","7","1","840942","82891","0","0","0","0","0","0","0"
"1137","Expanding Potential","The potential power of the anima reservoir remains untapped for now.","326","0","0","418788","70102","0","0","0","0","0","0","0"
"1138","Growing Power","The potential power of the anima reservoir remains untapped for now.","326","1","0","462300","82863","0","0","0","0","0","0","0"
"1139","Final Capacity","The potential power of the anima reservoir remains untapped for now.","326","2","0","642637","82871","0","0","0","0","0","0","0"
"1140","Expanding Potential","The possible power of the anima reservoir remains untapped for now.","327","0","0","418788","0","0","0","0","0","0","0","0"
"1141","Growing Power","The possible power of the anima reservoir remains untapped for now.","327","1","0","462300","82863","0","0","0","0","0","0","0"
"1142","Final Capacity","The possible power of the anima reservoir remains untapped for now.","327","2","0","642637","82871","0","0","0","0","0","0","0"
"1143","Expanding Potential","The possible power of the anima reservoir remains untapped for now.","328","0","0","418788","0","0","0","0","0","0","0","0"
"1144","Growing Power","The possible power of the anima reservoir remains untapped for now.","328","1","0","462300","82863","0","0","0","0","0","0","0"
"1145","Final Capacity","The possible power of the anima reservoir remains untapped for now.","328","2","0","642637","82871","0","0","0","0","0","0","0"
"1146","Expanding Potential","The possible power of the anima reservoir remains untapped for now.","329","0","0","418788","70104","0","0","0","0","0","0","0"
"1147","Growing Power","The possible power of the anima reservoir remains untapped for now.","329","1","0","462300","82863","0","0","0","0","0","0","0"
"1148","Final Capacity","The possible power of the anima reservoir remains untapped for now.","329","2","0","642637","82871","0","0","0","0","0","0","0"
"1154","Embody the Construct","$@garrspelldesc","330","7","1","442743","82891","0","0","0","0","0","0","0"
"1155","Cartilaginous Legs","$@garrspelldesc","330","3","0","524486","82861","0","0","0","0","0","0","0"
"1156","Hearth Kidneystone","$@garrspelldesc","330","3","2","348535","82861","0","0","0","0","0","0","0"
"1158","Sulfuric Emission","$@garrspelldesc","330","5","2","136182","82880","0","0","0","0","0","0","0"
"1160","Gristled Toes","$@garrspelldesc","330","5","0","3163625","82880","0","0","0","0","0","0","0"
"1161","Gnashing Chompers","$@garrspelldesc","330","5","1","132103","82880","0","0","0","0","0","0","0"
"1163","Emeni's Magnificent Skin","$@garrspelldesc","330","0","0","1670848","84501","0","0","0","0","0","0","0"
"1164","Throughput Conduit","","330","6","0","463891","82884","0","0","0","1160","0","0","2"
"1165","Finesse Conduit","","330","6","2","463890","82884","0","0","0","1158","0","0","1"
"1167","Potency Conduit","","330","4","1","463891","82865","0","0","0","0","0","0","2"
"1168","Potency Conduit","","330","2","1","463891","84501","0","0","0","0","0","0","2"
"1169","Endurance Conduit","","330","6","1","463893","82884","0","0","0","1161","0","0","3"
"1170","Endurance Conduit","","330","1","2","463893","84501","0","0","0","1770","0","0","3"
"1202","Wild Hunt's Charge","$@garrspelldesc","334","0","2","1408833","84498","0","0","0","0","0","0","0"
"1203","Final Moments","$@garrspelldesc","334","7","1","1029718","82891","0","0","0","0","0","0","0"
"1204","Horn of the Wild Hunt","$@garrspelldesc","334","0","0","237400","84498","0","0","0","0","0","0","0"
"1205","Face Your Foes","","334","3","0","132344","84498","0","0","0","0","0","0","0"
"1206","First Strike","$@garrspelldesc","334","3","1","132308","84498","0","0","0","0","0","0","0"
"1207","Hold the Line","$@garrspelldesc","334","3","2","136088","84498","0","0","0","0","0","0","0"
"1208","Vorkai Sharpening Techniques","$@garrspelldesc","334","6","0","1361323","82887","0","0","0","0","0","0","0"
"1209","Potency Conduit","","334","1","0","463891","84498","0","0","0","1204","0","0","2"
"1210","Finesse Conduit","","334","1","2","463890","84498","0","0","0","1202","0","0","1"
"1211","Endurance Conduit","","334","2","1","463893","84498","0","0","0","0","0","0","3"
"1212","Potency Conduit","","334","4","0","463891","84498","0","0","0","1205","0","0","2"
"1213","Endurance Conduit","","334","4","1","463893","84498","0","0","0","1206","0","0","3"
"1214","Finesse Conduit","","334","4","2","463890","84498","0","0","0","1207","0","0","1"
"1215","Potency Conduit","","334","5","1","463891","82879","0","0","0","0","0","0","2"
"1216","Get In Formation","$@garrspelldesc","334","6","2","134060","82887","0","0","0","0","0","0","0"
"1217","Chris Test Talent 1","","335","0","0","136048","0","0","0","0","0","0","0","0"
"1218","Chris Test Talent 2","","335","1","0","136051","0","0","0","0","0","0","0","0"
"1237","Purity's Pinnacle","Channel Anima to Purity's Pinnacle, allowing access to a special treasure.","345","0","0","0","79227","0","0","0","0","0","86400","0"
"1238","Temple of Courage","Channel Anima to the Temple of Courage, allowing you to fight an enemy champion.","345","0","1","0","79227","0","0","0","0","0","86400","0"
"1239","Temple of Humility","Channel Anima to the Temple of Humility, unlocking a new World Quest.","345","0","2","0","79228","0","0","0","0","0","86400","0"
"1240","Eternal Forge","Channel Anima to the Eternal Forge, unlocking new Daily Quests.","345","0","3","0","79228","0","0","0","0","0","86400","0"
"1241","Citadel of Loyalty","Channel Anima to the Citadel of Loyalty, allowing you to challenge a powerful foe.","345","0","4","0","79229","0","0","0","0","0","86400","0"
"1242","Eonian Archives","Channel Anima to the Eonian Archives, allowing access to mighty Kyrian enhancements.","345","0","5","0","79229","0","0","0","0","0","86400","0"
"1243","Glitterfall Basin","Channel Anima to Glitterfall Basin, allowing access to a special treasure.","346","0","0","0","79232","0","0","0","0","0","86400","0"
"1244","Dreamsong Fenn","Channel Anima to Dreamsong Fenn, allowing you to fight an enemy champion.","346","0","1","0","79232","0","0","0","0","0","86400","0"
"1245","Tirna Vaal","Channel Anima to Tirna Vaal, unlocking a new World Quest.","346","0","2","0","79231","0","0","0","0","0","86400","0"
"1246","Hibernal Hollow","Channel Anima to the Hibernal Hollow, unlocking new Daily Quests.","346","0","3","0","79231","0","0","0","0","0","86400","0"
"1247","Tirna Scithe","Channel Anima to Tirna Scithe, allowing you to challenge a powerful foe.","346","0","4","0","79230","0","0","0","0","0","86400","0"
"1248","Claw's Edge","Channel Anima to Claw's Edge, allowing access to mighty Night Fae enhancements.","346","0","5","0","79230","0","0","0","0","0","86400","0"
"1249","House of the Chosen","Channel Anima to the House of the Chosen, allowing access to a special treasure.","347","0","0","2065562","79235","0","0","0","0","0","86400","0"
"1250","House of Constructs","Channel Anima to the House of Constructs, allowing you to fight an enemy champion.","347","0","1","135807","79235","0","0","0","0","0","86400","0"
"1251","House of Plagues","Channel Anima to the House of Plagues, unlocking a new World Quest.","347","0","2","840200","79234","0","0","0","0","0","86400","0"
"1252","House of Eyes","Channel Anima to the House of Eyes, unlocking new Daily Quests.","347","0","3","1357810","79234","0","0","0","0","0","86400","0"
"1253","Theatre of Pain","Channel Anima to the Theatre of Pain, allowing you to challenge a powerful foe.","347","0","4","2032581","79233","0","0","0","0","0","86400","0"
"1254","House of Rituals","Channel Anima to the House of Rituals, allowing access to mighty Necrolord enhancements.","347","0","5","1660545","79233","0","0","0","0","0","86400","0"
"1255","Crypt of the Forgotten","Channel Anima to the Crypt of the Forgotten, allowing access to a special treasure.","348","0","0","0","79236","0","0","0","0","0","86400","0"
"1256","Wanecrypt Hill","Channel Anima to Wanecrypt Hill, allowing you to fight an enemy champion.","348","0","1","0","79236","0","0","0","0","0","86400","0"
"1257","Court of the Harvesters","Channel Anima to the Court of the Harvesters, unlocking a new World Quest.","348","0","2","0","79237","0","0","0","0","0","86400","0"
"1258","Pridefall Hamlet","Channel Anima to Pridefall Hamlet, unlocking new Daily Quests.","348","0","3","0","79237","0","0","0","0","0","86400","0"
"1259","Dominance Keep","Channel Anima to Dominance Keep, allowing you to challenge a powerful foe.","348","0","4","0","79238","0","0","0","0","0","86400","0"
"1260","The Shrouded Asylum","Channel Anima to the Shrouded Asylum, allowing access to mighty Venthyr enhancements.","348","0","5","0","79238","0","0","0","0","0","86400","0"
"1263","Endurance Conduit","","349","5","1","463893","82879","0","0","0","0","0","0","3"
"1264","Potency Conduit","","349","4","1","463891","84502","0","0","0","1269","0","0","2"
"1265","Potency Conduit","","349","1","2","463891","84502","0","0","0","1267","0","0","2"
"1266","Serrated Shoulder Blades","$@garrspelldesc","349","0","0","134427","84502","0","0","0","0","0","0","0"
"1267","Resourceful Fleshcrafting","$@garrspelldesc","349","0","2","2066003","84502","0","0","0","0","0","0","0"
"1268","Heirmir's Arsenal: Ravenous Pendant","$@garrspelldesc","349","3","0","237519","84502","0","0","0","0","0","0","0"
"1269","Heirmir's Arsenal: Alacritous Boots","$@garrspelldesc","349","3","1","467095","84502","0","0","0","0","0","0","0"
"1270","Bone Spurs","$@garrspelldesc","349","6","0","458236","82887","0","0","0","0","0","0","0"
"1271","Smithing Expertise","$@garrspelldesc","349","6","2","1519434","82887","0","0","0","0","0","0","0"
"1272","Forgeborne Reveries","$@garrspelldesc","349","7","1","1030904","82891","0","0","0","0","0","0","0"
"1273","Endurance Conduit","","349","1","0","463893","84502","0","0","0","1266","0","0","3"
"1274","Endurance Conduit","","349","4","2","463893","84502","0","0","0","1277","0","0","3"
"1275","Finesse Conduit","","349","4","0","463890","84502","0","0","0","1268","0","0","1"
"1276","Potency Conduit","","349","2","1","463891","84502","0","0","0","0","0","0","2"
"1277","Heirmir's Arsenal: Marrowed Gemstone","$@garrspelldesc","349","3","2","463853","84502","0","0","0","0","0","0","0"
"1303","Let Go of the Past","$@garrspelldesc","357","0","1","132206","84478","0","0","0","0","0","0","0"
"1305","Potency Conduit","","357","1","2","463891","84478","0","0","0","0","0","0","2"
"1306","Finesse Conduit","","357","1","0","463890","84478","0","0","0","0","0","0","1"
"1308","Focusing Mantra","$@garrspelldesc","357","2","2","133706","82856","0","0","0","1305","0","0","0"
"1309","Phial of Patience","$@garrspelldesc","357","2","0","133018","82856","0","0","0","1306","0","0","0"
"1310","Cleansed Vestments","$@garrspelldesc","357","4","2","133647","82868","0","0","0","0","0","0","0"
"1311","Potency Conduit","","357","6","0","463891","82883","0","0","0","0","0","0","2"
"1312","Endurance Conduit","","357","3","1","463893","82859","0","0","0","0","0","0","3"
"1313","Finesse Conduit","","357","6","2","463890","82883","0","0","0","0","0","0","1"
"1314","Bond of Friendship","$@garrspelldesc","357","4","0","132171","82868","0","0","0","0","0","0","0"
"1315","Potency Conduit","","357","5","1","463891","82876","0","0","0","0","0","0","2"
"1316","Combat Meditation","$@garrspelldesc","357","7","1","3528283","82891","0","0","0","0","0","0","0"
"1317","Road of Trials","$@garrspelldesc","357","2","1","413583","82856","0","0","0","1765","0","0","0"
"1364","Potency Conduit","","360","4","0","463891","82865","0","0","0","1371","0","0","2"
"1365","Endurance Conduit","","360","5","1","463893","82880","0","0","0","0","0","0","3"
"1366","Potency Conduit","","360","1","2","463891","84479","0","0","0","1368","0","0","2"
"1367","Ascendant Phial","$@garrspelldesc","360","0","0","236869","84479","0","0","0","0","0","0","0"
"1368","Mentorship","$@garrspelldesc","360","0","2","236685","84479","0","0","0","0","0","0","0"
"1369","Kyrian Insight","$@garrspelldesc","360","3","2","132171","82861","0","0","0","0","0","0","0"
"1370","Kyrian Grace","$@garrspelldesc","360","3","1","132586","82861","0","0","0","0","0","0","0"
"1371","Kyrian Perseverence","$@garrspelldesc","360","3","0","135934","82861","0","0","0","0","0","0","0"
"1372","Cleansing Rites","$@garrspelldesc","360","6","0","135995","82884","0","0","0","0","0","0","0"
"1373","Ever Forward","$@garrspelldesc","360","6","2","135864","82884","0","0","0","0","0","0","0"
"1374","Finesse Conduit","","360","1","0","463890","84479","0","0","0","1367","0","0","1"
"1375","Potency Conduit","","360","2","1","463891","84479","0","0","0","0","0","0","2"
"1377","Endurance Conduit","","360","4","1","463893","82865","0","0","0","1370","0","0","3"
"1378","Valiant Strikes","$@garrspelldesc","360","7","1","135946","82891","0","0","0","0","0","0","0"
"1379","Endurance Conduit","","365","2","1","463893","84480","0","0","0","0","0","0","3"
"1380","Potency Conduit","","365","5","1","463891","82879","0","0","0","0","0","0","2"
"1381","Potency Conduit","","365","1","2","463891","84480","0","0","0","1408","0","0","2"
"1393","Agent of Chaos","$@garrspelldesc","368","0","0","237557","84410","0","0","0","0","0","0","0"
"1394","Fancy Footwork","$@garrspelldesc","368","0","2","965900","84410","0","0","0","0","0","0","0"
"1395","Potency Conduit","","368","1","0","463891","84410","0","0","0","1393","0","0","2"
"1396","Endurance Conduit","","368","1","2","463893","84410","0","0","0","1394","0","0","3"
"1397","Finesse Conduit","","368","2","1","463890","82856","0","0","0","0","0","0","1"
"1398","Friends in Low Places","$@garrspelldesc","368","3","1","460691","82859","0","0","0","0","0","0","0"
"1399","Finesse Conduit","","368","4","0","463890","82868","0","0","0","0","0","0","1"
"1400","Potency Conduit","","368","4","1","463891","82868","0","0","0","0","0","0","2"
"1401","Endurance Conduit","","368","4","2","463893","82868","0","0","0","0","0","0","3"
"1402","Exacting Preparation","$@garrspelldesc","368","5","0","136242","82876","0","0","0","1399","0","0","0"
"1403","Familiar Predicaments","$@garrspelldesc","368","5","1","1357795","82876","0","0","0","1400","0","0","0"
"1404","Dauntless Duelist","$@garrspelldesc","368","5","2","2015861","82876","0","0","0","1401","0","0","0"
"1405","Potency Conduit","","368","6","1","463891","82883","0","0","0","0","0","0","2"
"1406","Thrill Seeker","$@garrspelldesc","368","7","1","236268","82891","0","0","0","0","0","0","0"
"1407","Elite Mixture","$@garrspelldesc","365","0","0","134727","84480","0","0","0","0","0","0","0"
"1408","Forgelite Filter","$@garrspelldesc","365","0","2","1686569","84480","0","0","0","0","0","0","0"
"1409","Finesse Conduit","","365","1","0","463890","84480","0","0","0","1407","0","0","1"
"1410","Hammer of Genesis","$@garrspelldesc","365","3","0","613955","84480","0","0","0","0","0","0","0"
"1411","Sparkling Driftglobe Core","$@garrspelldesc","365","3","1","1990984","84480","0","0","0","0","0","0","0"
"1412","Soulsteel Clamps","$@garrspelldesc","365","3","2","133863","84480","0","0","0","0","0","0","0"
"1413","Finesse Conduit","$@garrspelldesc","365","4","1","463890","84480","0","0","0","1411","0","0","1"
"1414","Endurance Conduit","","365","4","0","463893","84480","0","0","0","1410","0","0","3"
"1415","Potency Conduit","","365","4","2","463891","84480","0","0","0","1412","0","0","2"
"1416","Regenerating Materials","$@garrspelldesc","365","6","0","463858","82887","0","0","0","0","0","0","0"
"1417","Steward's Resilience","$@garrspelldesc","365","6","2","1596903","82887","0","0","0","0","0","0","0"
"1418","Forgelite Prime's Expertise","$@garrspelldesc","365","7","1","3257748","82891","0","0","0","0","0","0","0"
"1419","Unbreakable Body","$@garrspelldesc","304","0","0","3571639","84407","0","0","0","0","0","0","0"
"1420","Expedition Leader","$@garrspelldesc","304","0","2","136005","84407","0","0","0","0","0","0","0"
"1421","Superior Tactics","$@garrspelldesc","304","2","1","2178534","84407","0","0","0","0","0","0","0"
"1422","Endurance Conduit","","304","3","1","463893","84407","0","0","0","1421","0","0","3"
"1423","Potency Conduit","","304","4","1","463891","84407","0","0","0","0","0","0","2"
"1424","Enduring Gloom","$@garrspelldesc","304","5","0","892448","82879","0","0","0","0","0","0","0"
"1425","Move As One","$@garrspelldesc","304","5","2","135942","82879","0","0","0","0","0","0","0"
"1426","Service in Stone","$@garrspelldesc","304","7","1","399041","82891","0","0","0","0","0","0","0"
"1545","Watch the Shoes!","$@garrspelldesc","392","0","0","1321252","84409","0","0","0","0","0","0","0"
"1546","Leisurely Gait","$@garrspelldesc","392","0","2","348567","84409","0","0","0","0","0","0","0"
"1547","Potency Conduit","","392","1","0","463891","84409","0","0","0","1545","0","0","2"
"1548","Finesse Conduit","","392","1","2","463890","84409","0","0","0","1546","0","0","1"
"1549","Potency Conduit","","392","2","1","463891","84409","0","0","0","0","0","0","2"
"1550","Refined Palate","$@garrspelldesc","392","3","0","3536201","82861","0","0","0","0","0","0","0"
"1551","Soothing Shade","$@garrspelldesc","392","3","1","644385","82861","0","0","0","0","0","0","0"
"1552","Token of Appreciation","$@garrspelldesc","392","3","2","133784","82861","0","0","0","0","0","0","0"
"1553","Finesse Conduit","","392","4","1","463890","82865","0","0","0","1551","0","0","1"
"1554","Potency Conduit","","392","4","2","463891","82865","0","0","0","1552","0","0","2"
"1555","Endurance Conduit","","392","4","0","463893","82865","0","0","0","1550","0","0","3"
"1556","Endurance Conduit","","392","5","1","463893","82880","0","0","0","0","0","0","3"
"1557","Life of the Party","$@garrspelldesc","392","6","0","236550","82884","0","0","0","0","0","0","0"
"1559","Exquisite Ingredients","$@garrspelldesc","392","6","2","413571","82884","0","0","0","0","0","0","0"
"1560","Wasteland Propriety","$@garrspelldesc","392","7","1","132810","82891","0","0","0","0","0","0","0"
"1561","Summon Steward","$@garrspelldesc","393","0","0","3586266","0","0","0","0","0","0","0","0"
"1562","Shackle the Unworthy","$@garrspelldesc","393","0","1","3565442","0","0","0","0","0","0","0","0"
"1563","Spear of Bastion","$@garrspelldesc","393","1","6","3565453","0","0","0","0","0","0","0","0"
"1564","Divine Toll","$@garrspelldesc","393","1","1","3565448","0","0","0","0","0","0","0","0"
"1565","Elysian Decree","$@garrspelldesc","393","0","2","3565443","0","0","0","0","0","0","0","0"
"1566","Boon of the Ascended","$@garrspelldesc","393","1","2","3565449","0","0","0","0","0","0","0","0"
"1567","Kindred Spirits","$@garrspelldesc","393","0","3","3565444","0","0","0","0","0","0","0","0"
"1568","Echoing Reprimand","$@garrspelldesc","393","1","3","3565450","0","0","0","0","0","0","0","0"
"1569","Resonating Arrow","$@garrspelldesc","393","0","4","3565445","0","0","0","0","0","0","0","0"
"1570","Vesper Totem","$@garrspelldesc","393","1","4","3565451","0","0","0","0","0","0","0","0"
"1571","Radiant Spark","$@garrspelldesc","393","0","5","3565446","0","0","0","0","0","0","0","0"
"1572","Scouring Tithe","$@garrspelldesc","393","1","5","3565452","0","0","0","0","0","0","0","0"
"1573","Weapons of Order","$@garrspelldesc","393","0","6","3565447","0","0","0","0","0","0","0","0"
"1575","Fleshcraft","$@garrspelldesc","395","0","0","3586267","0","0","0","0","0","0","0","0"
"1576","Abomination Limb","$@garrspelldesc","395","0","1","3578196","0","0","0","0","0","0","0","0"
"1577","Vanquisher's Hammer","$@garrspelldesc","395","1","1","3578228","0","0","0","0","0","0","0","0"
"1578","Fodder to the Flame","$@garrspelldesc","395","0","2","3591588","0","0","0","0","0","0","0","0"
"1579","Unholy Nova","$@garrspelldesc","395","1","2","3578229","0","0","0","0","0","0","0","0"
"1580","Adaptive Swarm","$@garrspelldesc","395","0","3","3578197","0","0","0","0","0","0","0","0"
"1581","Serrated Bone Spike","$@garrspelldesc","395","1","3","3578230","0","0","0","0","0","0","0","0"
"1582","Death Chakram","$@garrspelldesc","395","0","4","3578207","0","0","0","0","0","0","0","0"
"1583","Primordial Wave","$@garrspelldesc","395","1","4","3578231","0","0","0","0","0","0","0","0"
"1584","Deathborne","$@garrspelldesc","395","0","5","3578226","0","0","0","0","0","0","0","0"
"1585","Decimating Bolt","$@garrspelldesc","395","1","5","3578232","0","0","0","0","0","0","0","0"
"1586","Bonedust Brew","$@garrspelldesc","395","0","6","3578227","0","0","0","0","0","0","0","0"
"1587","Conqueror's Banner","$@garrspelldesc","395","1","6","3578233","0","0","0","0","0","0","0","0"
"1588","Door of Shadows","$@garrspelldesc","396","0","0","3586270","0","0","0","0","0","0","0","0"
"1589","Swarming Mist","$@garrspelldesc","396","0","1","3565716","42787","0","0","0","0","0","0","0"
"1590","Ashen Hallow","$@garrspelldesc","396","1","1","3565722","42792","0","0","0","0","0","0","0"
"1591","Sinful Brand","$@garrspelldesc","396","0","2","3565717","42788","0","0","0","0","0","0","0"
"1592","Mindgames","$@garrspelldesc","396","1","2","3565723","39986","0","0","0","0","0","0","0"
"1593","Ravenous Frenzy","$@garrspelldesc","396","0","3","3565718","42789","0","0","0","0","0","0","0"
"1594","Slaughter","$@garrspelldesc","396","1","3","3565724","42230","0","0","0","0","0","0","0"
"1595","Flayed Shot","$@garrspelldesc","396","0","4","3565719","42790","0","0","0","0","0","0","0"
"1596","Chain Harvest","$@garrspelldesc","396","1","4","3565725","42793","0","0","0","0","0","0","0"
"1597","Mirrors of Torment","$@garrspelldesc","396","0","5","3565720","39985","0","0","0","0","0","0","0"
"1598","Impending Catastrophe","$@garrspelldesc","396","1","5","3565726","39987","0","0","0","0","0","0","0"
"1599","Fallen Order","$@garrspelldesc","396","0","6","3565721","42791","0","0","0","0","0","0","0"
"1600","Condemn","$@garrspelldesc","396","1","6","3565727","42794","0","0","0","0","0","0","0"
"1601","Soulshape","$@garrspelldesc","397","0","0","3586268","0","0","0","0","0","0","0","0"
"1602","Death's Due","$@garrspelldesc","397","0","2","3636837","0","0","0","0","0","0","0","0"
"1603","Blessing of the Seasons","$@garrspelldesc","397","1","1","3636845","0","0","0","0","0","0","0","0"
"1604","The Hunt","$@garrspelldesc","397","0","3","3636838","0","0","0","0","0","0","0","0"
"1605","Fae Blessings","$@garrspelldesc","397","1","2","3636847","0","0","0","0","0","0","0","0"
"1606","Convoke the Spirits","$@garrspelldesc","397","0","4","3636839","0","0","0","0","0","0","0","0"
"1607","Sepsis","$@garrspelldesc","397","1","3","3636848","0","0","0","0","0","0","0","0"
"1608","Wild Spirits","$@garrspelldesc","397","0","5","3636840","0","0","0","0","0","0","0","0"
"1609","Fae Transfusion","$@garrspelldesc","397","1","4","3636849","0","0","0","0","0","0","0","0"
"1610","Shifting Power","$@garrspelldesc","397","0","6","3636841","0","0","0","0","0","0","0","0"
"1611","Soul Rot","$@garrspelldesc","397","1","5","3636850","0","0","0","0","0","0","0","0"
"1612","Faeline Stomp","$@garrspelldesc","397","1","0","3636842","0","0","0","0","0","0","0","0"
"1613","Ancient Aftershock","$@garrspelldesc","397","1","6","3636851","0","0","0","0","0","0","0","0"
"1765","Endurance Conduit","","357","1","1","463893","84478","0","0","0","0","0","0","3"
"1766","Finesse Conduit","","360","4","2","463890","82865","0","0","0","1369","0","0","1"
"1767","Finesse Conduit","","330","1","0","463890","84501","0","0","0","1163","0","0","1"
"1770","Emeni's Ambulatory Flesh","$@garrspelldesc","330","0","2","1670850","84501","0","0","0","0","0","0","0"
