Id,Name,ParentUiMapId,Flags,System,Type,LevelRangeMin,LevelRangeMax,BountySetId,BountyDisplayLocation,VisibilityPlayerConditionId,HelpTextPosition,BkgAtlasId
"1","杜隆塔尔","12","6","0","3","0","0","0","0","0","0","70"
"2","火刃集会所","1","0","0","5","0","0","0","0","0","0","0"
"3","提拉加德城堡","1","0","0","5","0","0","0","0","0","0","0"
"4","提拉加德城堡","1","0","0","5","0","0","0","0","0","0","0"
"5","骷髅石","1","0","0","5","0","0","0","0","0","0","0"
"6","尘风洞穴","1","0","0","5","0","0","0","0","0","0","0"
"7","莫高雷","12","6","0","3","0","0","0","0","0","0","71"
"8","白鬃石","7","0","0","5","0","0","0","0","0","0","0"
"9","风险投资公司矿洞","7","0","0","5","0","0","0","0","0","0","0"
"10","北贫瘠之地","12","6","0","3","0","0","0","0","0","0","3"
"11","哀嚎洞穴","10","0","0","5","0","0","0","0","0","0","0"
"12","卡利姆多","947","0","0","2","0","0","0","0","0","0","0"
"13","东部王国","947","0","0","2","0","0","0","0","0","0","0"
"14","阿拉希高地","13","6","0","3","10","1","0","74497","0","0","17"
"15","荒芜之地","13","6","0","3","0","0","0","0","0","0","27"
"16","奥达曼","15","0","0","5","0","0","0","0","0","0","0"
"17","诅咒之地","13","6","0","3","0","0","0","0","0","0","34"
"18","提瑞斯法林地","13","6","0","3","0","0","0","0","0","0","75"
"19","血色修道院入口","18","0","0","5","0","0","0","0","0","0","0"
"20","守护者之眠","18","0","0","5","0","0","0","0","0","0","0"
"21","银松森林","13","6","0","3","0","0","0","0","0","0","7"
"22","西瘟疫之地","13","6","0","3","0","0","0","0","0","0","25"
"23","东瘟疫之地","13","6","0","3","0","0","0","0","0","0","35"
"24","圣光之愿礼拜堂","23","0","0","5","0","0","0","0","0","0","0"
"25","希尔斯布莱德丘陵","13","6","0","3","0","0","0","0","0","0","11"
"26","辛特兰","13","6","0","3","0","0","0","0","0","0","20"
"27","丹莫罗","13","6","0","3","0","0","0","0","0","0","74"
"28","寒脊山小径","27","0","0","5","0","0","0","0","0","0","0"
"29","灰色洞穴","27","0","0","5","0","0","0","0","0","0","0"
"30","新工匠镇","27","0","0","5","0","0","0","0","0","0","0"
"31","古博拉采掘场","27","0","0","5","0","0","0","0","0","0","0"
"32","灼热峡谷","13","6","0","3","0","0","0","0","0","0","29"
"33","黑石山","36","0","0","5","0","0","0","0","0","0","0"
"34","黑石山","36","0","0","5","0","0","0","0","0","0","0"
"35","黑石山","32","0","0","5","0","0","0","0","0","0","0"
"36","燃烧平原","13","6","0","3","0","0","0","0","0","0","30"
"37","艾尔文森林","13","6","0","3","0","0","0","0","0","0","73"
"38","法戈第矿洞","37","0","0","5","0","0","0","0","0","0","0"
"39","法戈第矿洞","37","0","0","5","0","0","0","0","0","0","0"
"40","玉石矿洞","37","0","0","5","0","0","0","0","0","0","0"
"41","达拉然","42","0","0","5","0","0","0","0","0","0","0"
"42","逆风小径","13","6","0","3","0","0","0","0","0","0","775"
"43","麦迪文的酒窖","42","0","0","5","0","0","0","0","0","0","0"
"44","麦迪文的酒窖","42","0","0","5","0","0","0","0","0","0","0"
"45","麦迪文的酒窖","42","0","0","5","0","0","0","0","0","0","0"
"46","卡拉赞墓穴","42","0","0","5","0","0","0","0","0","0","0"
"47","暮色森林","13","6","0","3","0","0","0","0","0","0","13"
"48","洛克莫丹","13","6","0","3","0","0","0","0","0","0","9"
"49","赤脊山","13","6","0","3","0","0","0","0","0","0","10"
"50","北荆棘谷","224","6","0","3","0","0","0","0","0","0","18"
"51","悲伤沼泽","13","6","0","3","0","0","0","0","0","0","31"
"52","西部荒野","13","6","0","3","0","0","0","0","0","0","6"
"53","金海岸矿洞","52","0","0","5","0","0","0","0","0","0","0"
"54","詹戈洛德矿洞","52","0","0","5","0","0","0","0","0","0","0"
"55","死亡矿井","52","0","0","5","0","0","0","0","0","0","0"
"56","湿地","13","6","0","3","0","0","0","0","0","0","15"
"57","泰达希尔","12","6","0","3","0","0","68088","0","0","0","72"
"58","黑丝洞","57","0","0","5","0","0","0","0","0","0","0"
"59","地狱石","57","0","0","5","0","0","0","0","0","0","0"
"60","班尼希尔兽穴","57","0","0","5","0","0","0","0","0","0","0"
"61","班尼希尔兽穴","57","0","0","5","0","0","0","0","0","0","0"
"62","黑海岸","12","6","0","3","10","1","0","74497","0","0","5"
"63","灰谷","12","6","0","3","0","0","0","0","0","0","12"
"64","千针石林","12","6","0","3","0","0","0","0","0","0","21"
"65","石爪山脉","12","6","0","3","0","0","0","0","0","0","14"
"66","凄凉之地","12","6","0","3","0","0","0","0","0","0","19"
"67","玛拉顿","66","0","0","5","0","0","0","0","0","0","0"
"68","玛拉顿","66","0","0","5","0","0","0","0","0","0","0"
"69","菲拉斯","12","6","0","3","0","0","0","0","0","0","22"
"70","尘泥沼泽","12","6","0","3","0","0","0","0","0","0","23"
"71","塔纳利斯","12","6","0","3","0","0","0","0","0","0","28"
"72","腐化之巢","71","0","0","5","0","0","0","0","0","0","0"
"73","大裂口","71","0","0","5","0","0","0","0","0","0","0"
"74","时光之穴","71","0","0","5","0","0","0","0","0","0","0"
"75","时光之穴","71","0","0","5","0","0","0","0","0","0","0"
"76","艾萨拉","12","6","0","3","0","0","0","0","0","0","2"
"77","费伍德森林","12","6","0","3","0","0","0","0","0","0","26"
"78","安戈洛环形山","12","6","0","3","0","0","0","0","0","0","32"
"79","巨痕谷","78","0","0","5","0","0","0","0","0","0","0"
"80","月光林地","12","6","0","3","0","0","0","0","0","0","884"
"81","希利苏斯","12","6","0","3","0","0","0","0","0","0","36"
"82","暮光小径","81","0","0","5","0","0","0","0","0","0","0"
"83","冬泉谷","12","6","0","3","0","0","0","0","0","0","33"
"84","暴风城","13","7","0","3","0","0","0","0","0","0","0"
"85","奥格瑞玛","12","7","0","3","0","0","0","0","0","0","0"
"86","奥格瑞玛","85","0","0","6","0","0","0","0","0","0","0"
"87","铁炉堡","13","6","0","3","0","0","0","0","0","0","0"
"88","雷霆崖","12","6","0","3","0","0","0","0","0","0","0"
"89","达纳苏斯","12","7","0","3","0","0","68088","0","0","0","0"
"90","幽暗城","13","6","0","3","0","0","62731","0","0","0","0"
"91","奥特兰克山谷","25","0","0","6","0","0","0","0","0","0","0"
"92","战歌峡谷","10","0","0","6","0","0","0","0","0","0","0"
"93","阿拉希盆地","14","0","0","6","0","0","0","0","0","0","0"
"94","永歌森林","13","6","0","3","0","0","0","0","0","0","77"
"95","幽魂之地","13","6","0","3","0","0","0","0","0","0","8"
"96","阿曼尼墓穴","95","0","0","5","0","0","0","0","0","0","0"
"97","秘蓝岛","12","6","0","3","0","0","0","0","0","0","76"
"98","海潮洞窟","97","0","0","5","0","0","0","0","0","0","0"
"99","止松要塞","97","0","0","5","0","0","0","0","0","0","0"
"100","地狱火半岛","101","6","0","3","0","0","0","0","0","0","37"
"101","外域","946","0","0","2","0","0","0","0","0","0","777"
"102","赞加沼泽","101","6","0","3","0","0","0","0","0","0","38"
"103","埃索达","12","6","0","3","0","0","0","0","0","0","0"
"104","影月谷","101","6","0","3","0","0","0","0","0","0","43"
"105","刀锋山","101","6","0","3","0","0","0","0","0","0","41"
"106","秘血岛","12","6","0","3","0","0","0","0","0","0","4"
"107","纳格兰","101","6","0","3","0","0","0","0","0","0","40"
"108","泰罗卡森林","101","6","0","3","0","0","0","0","0","0","39"
"109","虚空风暴","101","6","0","3","0","0","0","0","0","0","42"
"110","银月城","13","6","0","3","0","0","0","0","0","0","0"
"111","沙塔斯城","101","6","0","3","0","0","0","0","0","0","0"
"112","风暴之眼","109","0","0","6","0","0","0","0","0","0","0"
"113","诺森德","947","0","0","2","0","0","0","0","0","0","826"
"114","北风苔原","113","6","0","3","0","0","0","0","0","0","44"
"115","龙骨荒野","113","6","0","3","0","0","0","0","0","0","46"
"116","灰熊丘陵","113","6","0","3","0","0","0","0","0","0","47"
"117","嚎风峡湾","113","6","0","3","0","0","0","0","0","0","45"
"118","冰冠冰川","113","6","0","3","0","0","0","0","0","0","51"
"119","索拉查盆地","113","6","0","3","0","0","0","0","0","0","49"
"120","风暴峭壁","113","6","0","3","0","0","0","0","0","0","50"
"121","祖达克","113","6","0","3","0","0","0","0","0","0","48"
"122","奎尔丹纳斯岛","13","6","0","3","0","0","0","0","0","0","161"
"123","冬拥湖","113","6","0","3","0","0","0","0","0","0","1200"
"124","东瘟疫之地：血色领地","23","0","0","6","0","0","0","0","0","0","0"
"125","达拉然","127","0","0","4","0","0","0","0","0","0","0"
"126","达拉然","127","0","0","4","0","0","0","0","0","0","0"
"127","晶歌森林","113","6","0","3","0","0","0","0","0","0","163"
"128","远古海滩","115","0","0","6","0","0","0","0","0","0","0"
"129","魔枢","114","0","0","4","0","0","0","0","0","0","0"
"130","净化斯坦索姆","71","0","0","4","0","0","0","0","0","0","0"
"131","净化斯坦索姆","130","0","0","4","0","0","0","0","0","0","0"
"132","安卡赫特：古代王国","115","0","0","4","0","0","0","0","0","0","0"
"133","乌特加德城堡","117","0","0","4","0","0","0","0","0","0","0"
"134","乌特加德城堡","117","0","0","4","0","0","0","0","0","0","0"
"135","乌特加德城堡","117","0","0","4","0","0","0","0","0","0","0"
"136","乌特加德之巅","117","0","0","4","0","0","0","0","0","0","0"
"137","乌特加德之巅","117","0","0","4","0","0","0","0","0","0","0"
"138","闪电大厅","120","0","0","4","0","0","0","0","0","0","0"
"139","闪电大厅","120","0","0","4","0","0","0","0","0","0","0"
"140","岩石大厅","120","0","0","4","0","0","0","0","0","0","0"
"141","永恒之眼","114","0","0","4","0","0","0","0","0","0","0"
"142","魔环","114","0","0","6","0","0","0","0","0","0","0"
"143","魔环","114","0","0","4","0","0","0","0","0","0","0"
"144","魔环","114","0","0","4","0","0","0","0","0","0","0"
"145","魔环","114","0","0","4","0","0","0","0","0","0","0"
"146","魔环","114","0","0","4","0","0","0","0","0","0","0"
"147","奥杜尔","120","0","0","4","0","0","0","0","0","0","0"
"148","奥杜尔","147","0","0","4","0","0","0","0","0","0","0"
"149","奥杜尔","147","0","0","4","0","0","0","0","0","0","0"
"150","奥杜尔","147","0","0","4","0","0","0","0","0","0","0"
"151","奥杜尔","147","0","0","4","0","0","0","0","0","0","0"
"152","奥杜尔","147","0","0","4","0","0","0","0","0","0","0"
"153","古达克","121","0","0","6","0","0","0","0","0","0","0"
"154","古达克","121","0","0","4","0","0","0","0","0","0","0"
"155","黑曜石圣殿","115","0","0","6","0","0","0","0","0","0","0"
"156","阿尔卡冯的宝库","123","0","0","4","0","0","0","0","0","0","0"
"157","艾卓-尼鲁布","115","0","0","4","0","0","0","0","0","0","0"
"158","艾卓-尼鲁布","115","0","0","4","0","0","0","0","0","0","0"
"159","艾卓-尼鲁布","115","0","0","4","0","0","0","0","0","0","0"
"160","达克萨隆要塞","121","0","0","4","0","0","0","0","0","0","0"
"161","达克萨隆要塞","121","0","0","4","0","0","0","0","0","0","0"
"162","纳克萨玛斯","115","0","0","4","0","0","0","0","0","0","0"
"163","纳克萨玛斯","115","0","0","4","0","0","0","0","0","0","0"
"164","纳克萨玛斯","115","0","0","4","0","0","0","0","0","0","0"
"165","纳克萨玛斯","115","0","0","4","0","0","0","0","0","0","0"
"166","纳克萨玛斯","115","0","0","4","0","0","0","0","0","0","0"
"167","纳克萨玛斯","115","0","0","4","0","0","0","0","0","0","0"
"168","紫罗兰监狱","125","0","0","4","0","0","0","0","0","0","0"
"169","征服之岛","118","0","0","6","0","0","0","0","0","0","0"
"170","洛斯加尔登陆点","113","6","0","3","0","0","0","0","0","0","988"
"171","冠军的试炼","118","0","0","4","0","0","0","0","0","0","0"
"172","十字军的试练","118","0","0","4","0","0","0","0","0","0","0"
"173","十字军的试练","118","0","0","4","0","0","0","0","0","0","0"
"174","失落群岛","948","6","0","3","0","0","0","0","0","0","159"
"175","卡亚矿洞","174","0","0","5","0","0","0","0","0","0","0"
"176","沃卡洛斯的巢穴","174","0","0","5","0","0","0","0","0","0","0"
"177","加里维克斯劳工矿井","174","0","0","5","0","0","0","0","0","0","0"
"178","加里维克斯劳工矿井","174","0","0","5","0","0","0","0","0","0","0"
"179","吉尔尼斯","13","6","0","6","0","0","0","0","0","0","78"
"180","烬石矿脉","179","0","0","5","0","0","0","0","0","0","0"
"181","格雷迈恩庄园","179","0","0","5","0","0","0","0","0","0","0"
"182","格雷迈恩庄园","179","0","0","5","0","0","0","0","0","0","0"
"183","灵魂洪炉","118","0","0","4","0","0","0","0","0","0","0"
"184","萨隆矿坑","118","0","0","6","0","0","0","0","0","0","0"
"185","映像大厅","118","0","0","4","0","0","0","0","0","0","0"
"186","冰冠堡垒","118","0","0","4","0","0","0","0","0","0","0"
"187","冰冠堡垒","118","0","0","4","0","0","0","0","0","0","0"
"188","冰冠堡垒","118","0","0","4","0","0","0","0","0","0","0"
"189","冰冠堡垒","118","0","0","4","0","0","0","0","0","0","0"
"190","冰冠堡垒","118","0","0","4","0","0","0","0","0","0","0"
"191","冰冠堡垒","118","0","0","4","0","0","0","0","0","0","0"
"192","冰冠堡垒","118","0","0","4","0","0","0","0","0","0","0"
"193","冰冠堡垒","118","0","0","4","0","0","0","0","0","0","0"
"194","科赞","948","6","0","3","0","0","0","0","0","0","79"
"195","卡亚矿井","194","0","0","5","0","0","0","0","0","0","0"
"196","卡亚矿井","194","0","0","5","0","0","0","0","0","0","0"
"197","卡亚矿井","194","0","0","5","0","0","0","0","0","0","0"
"198","海加尔山","12","6","0","3","0","0","0","0","0","0","52"
"199","南贫瘠之地","12","6","0","3","0","0","0","0","0","0","16"
"200","红玉圣殿","115","0","0","6","0","0","0","0","0","0","0"
"201","柯尔普萨之森","203","6","0","3","0","0","0","0","0","0","0"
"202","吉尔尼斯城","179","6","0","3","0","0","0","0","0","0","0"
"203","瓦丝琪尔","13","6","0","3","0","0","0","0","0","0","53"
"204","无底海渊","203","6","0","3","0","0","0","0","0","0","0"
"205","烁光海床","203","6","0","3","0","0","0","0","0","0","0"
"206","双子峰","241","0","0","6","0","0","0","0","0","0","0"
"207","深岩之洲","948","6","0","3","0","0","0","0","0","0","54"
"208","暮光深渊","207","0","0","5","0","0","0","0","0","0","0"
"209","暮光深渊","207","0","0","5","0","0","0","0","0","0","0"
"210","荆棘谷海角","224","6","0","3","0","0","0","0","0","0","24"
"213","怒焰裂谷","85","0","0","4","0","0","0","0","0","0","0"
"217","吉尔尼斯废墟","13","6","0","3","0","0","0","0","0","0","78"
"218","吉尔尼斯城废墟","217","1","0","6","0","0","0","0","0","0","0"
"219","祖尔法拉克","71","0","0","6","0","0","0","0","0","0","0"
"220","阿塔哈卡神庙","51","0","0","4","0","0","0","0","0","0","0"
"221","黑暗深渊","63","0","0","4","0","0","0","0","0","0","0"
"222","黑暗深渊","63","0","0","4","0","0","0","0","0","0","0"
"223","黑暗深渊","63","0","0","4","0","0","0","0","0","0","0"
"224","荆棘谷","13","6","0","3","0","0","0","0","0","0","18"
"225","监狱","84","0","0","4","0","0","0","0","0","0","0"
"226","诺莫瑞根","27","0","0","4","0","0","0","0","0","0","0"
"227","诺莫瑞根","27","0","0","4","0","0","0","0","0","0","0"
"228","诺莫瑞根","27","0","0","4","0","0","0","0","0","0","0"
"229","诺莫瑞根","27","0","0","4","0","0","0","0","0","0","0"
"230","奥达曼","15","0","0","4","0","0","0","0","0","0","0"
"231","奥达曼","15","0","0","4","0","0","0","0","0","0","0"
"232","熔火之心","36","0","0","4","0","0","0","0","0","0","0"
"233","祖尔格拉布","50","0","0","6","0","0","0","0","0","0","0"
"234","厄运之槌","69","0","0","6","0","0","0","0","0","0","0"
"235","厄运之槌","69","0","0","4","0","0","0","0","0","0","0"
"236","厄运之槌","69","0","0","4","0","0","0","0","0","0","0"
"237","厄运之槌","69","0","0","4","0","0","0","0","0","0","0"
"238","厄运之槌","69","0","0","4","0","0","0","0","0","0","0"
"239","厄运之槌","69","0","0","4","0","0","0","0","0","0","0"
"240","厄运之槌","69","0","0","4","0","0","0","0","0","0","0"
"241","暮光高地","13","6","0","3","0","0","0","0","0","0","56"
"242","黑石深渊","32","0","0","4","0","0","0","0","0","0","0"
"243","黑石深渊","32","0","0","4","0","0","0","0","0","0","0"
"244","托尔巴拉德","13","0","0","3","0","0","0","0","0","0","656"
"245","托尔巴拉德半岛","13","0","0","3","0","0","0","0","0","0","656"
"246","破碎大厅","100","0","0","4","0","0","0","0","0","0","0"
"247","安其拉废墟","81","0","0","6","0","0","0","0","0","0","0"
"248","奥妮克希亚的巢穴","70","0","0","4","0","0","0","0","0","0","0"
"249","奥丹姆","12","6","0","3","0","0","75733","74498","0","1","55"
"250","黑石塔","36","0","0","4","0","0","0","0","0","0","0"
"251","黑石塔","36","0","0","4","0","0","0","0","0","0","0"
"252","黑石塔","36","0","0","4","0","0","0","0","0","0","0"
"253","黑石塔","36","0","0","4","0","0","0","0","0","0","0"
"254","黑石塔","36","0","0","4","0","0","0","0","0","0","0"
"255","黑石塔","36","0","0","4","0","0","0","0","0","0","0"
"256","奥金尼地穴","108","0","0","4","0","0","0","0","0","0","0"
"257","奥金尼地穴","108","0","0","4","0","0","0","0","0","0","0"
"258","塞泰克大厅","108","0","0","4","0","0","0","0","0","0","0"
"259","塞泰克大厅","108","0","0","4","0","0","0","0","0","0","0"
"260","暗影迷宫","108","0","0","4","0","0","0","0","0","0","0"
"261","鲜血熔炉","100","0","0","4","0","0","0","0","0","0","0"
"262","幽暗沼泽","102","0","0","4","0","0","0","0","0","0","0"
"263","蒸汽地窟","102","0","0","4","0","0","0","0","0","0","0"
"264","蒸汽地窟","102","0","0","4","0","0","0","0","0","0","0"
"265","奴隶围栏","102","0","0","4","0","0","0","0","0","0","0"
"266","生态船","109","0","0","4","0","0","0","0","0","0","0"
"267","能源舰","109","0","0","4","0","0","0","0","0","0","0"
"268","能源舰","109","0","0","4","0","0","0","0","0","0","0"
"269","禁魔监狱","109","0","0","4","0","0","0","0","0","0","0"
"270","禁魔监狱","109","0","0","4","0","0","0","0","0","0","0"
"271","禁魔监狱","109","0","0","4","0","0","0","0","0","0","0"
"272","法力陵墓","108","0","0","4","0","0","0","0","0","0","0"
"273","黑色沼泽","75","0","0","6","0","0","0","0","0","0","0"
"274","旧希尔斯布莱德丘陵","75","0","0","6","0","0","0","0","0","0","0"
"275","吉尔尼斯之战","179","0","0","6","0","0","0","0","0","0","0"
"276","大漩涡","948","6","0","3","0","0","0","0","0","0","0"
"277","托维尔失落之城","249","0","0","6","0","0","0","0","0","0","0"
"279","哀嚎洞穴","10","0","0","4","0","0","0","0","0","0","0"
"280","玛拉顿","66","0","0","4","0","0","0","0","0","0","0"
"281","玛拉顿","66","0","0","4","0","0","0","0","0","0","0"
"282","巴拉丁监狱","244","0","0","4","0","0","0","0","0","0","0"
"283","黑石岩窟","36","0","0","4","0","0","0","0","0","0","0"
"284","黑石岩窟","36","0","0","4","0","0","0","0","0","0","0"
"285","黑翼血环","36","0","0","4","0","0","0","0","0","0","0"
"286","黑翼血环","36","0","0","4","0","0","0","0","0","0","0"
"287","黑翼之巢","36","0","0","4","0","0","0","0","0","0","0"
"288","黑翼之巢","36","0","0","4","0","0","0","0","0","0","0"
"289","黑翼之巢","36","0","0","4","0","0","0","0","0","0","0"
"290","黑翼之巢","36","0","0","4","0","0","0","0","0","0","0"
"291","死亡矿井","52","0","0","4","0","0","0","0","0","0","0"
"292","死亡矿井","52","0","0","4","0","0","0","0","0","0","0"
"293","格瑞姆巴托","241","0","0","4","0","0","0","0","0","0","0"
"294","暮光堡垒","241","0","0","4","0","0","0","0","0","0","0"
"295","暮光堡垒","241","0","0","4","0","0","0","0","0","0","0"
"296","暮光堡垒","241","0","0","4","0","0","0","0","0","0","0"
"297","起源大厅","249","0","0","4","0","0","0","0","0","0","0"
"298","起源大厅","249","0","0","4","0","0","0","0","0","0","0"
"299","起源大厅","249","0","0","4","0","0","0","0","0","0","0"
"300","剃刀高地","64","0","0","4","0","0","0","0","0","0","0"
"301","剃刀沼泽","199","0","0","4","0","0","0","0","0","0","0"
"302","血色修道院","18","0","0","4","0","0","0","0","0","0","0"
"303","血色修道院","18","0","0","4","0","0","0","0","0","0","0"
"304","血色修道院","18","0","0","4","0","0","0","0","0","0","0"
"305","血色修道院","18","0","0","4","0","0","0","0","0","0","0"
"306","通灵学院","22","0","0","4","0","0","0","0","0","0","0"
"307","通灵学院","22","0","0","4","0","0","0","0","0","0","0"
"308","通灵学院","22","0","0","4","0","0","0","0","0","0","0"
"309","通灵学院","22","0","0","4","0","0","0","0","0","0","0"
"310","影牙城堡","21","0","0","4","0","0","0","0","0","0","0"
"311","影牙城堡","21","0","0","4","0","0","0","0","0","0","0"
"312","影牙城堡","21","0","0","4","0","0","0","0","0","0","0"
"313","影牙城堡","21","0","0","4","0","0","0","0","0","0","0"
"314","影牙城堡","21","0","0","4","0","0","0","0","0","0","0"
"315","影牙城堡","21","0","0","4","0","0","0","0","0","0","0"
"316","影牙城堡","21","0","0","4","0","0","0","0","0","0","0"
"317","斯坦索姆","23","0","0","4","0","0","0","0","0","0","0"
"318","斯坦索姆","23","0","0","4","0","0","0","0","0","0","0"
"319","安其拉","81","0","0","4","0","0","0","0","0","0","0"
"320","安其拉","81","0","0","4","0","0","0","0","0","0","0"
"321","安其拉","81","0","0","4","0","0","0","0","0","0","0"
"322","潮汐王座","204","0","0","4","0","0","0","0","0","0","0"
"323","潮汐王座","204","0","0","4","0","0","0","0","0","0","0"
"324","巨石之核","207","0","0","4","0","0","0","0","0","0","0"
"325","旋云之巅","249","0","0","4","0","0","0","0","0","0","0"
"327","安其拉：堕落王国","12","2","0","6","0","0","0","0","0","0","0"
"328","风神王座","249","0","0","4","0","0","0","0","0","0","0"
"329","海加尔峰","75","0","0","6","0","0","0","0","0","0","0"
"330","格鲁尔的巢穴","105","0","0","4","0","0","0","0","0","0","0"
"331","玛瑟里顿的巢穴","100","0","0","4","0","0","0","0","0","0","0"
"332","毒蛇神殿","102","0","0","4","0","0","0","0","0","0","0"
"333","祖阿曼","95","0","0","6","0","0","0","0","0","0","0"
"334","风暴要塞","109","0","0","4","0","0","0","0","0","0","0"
"335","太阳之井高地","122","0","0","4","0","0","0","0","0","0","0"
"336","太阳之井高地","335","0","0","4","0","0","0","0","0","0","0"
"337","祖尔格拉布","50","0","0","6","0","0","0","0","0","0","0"
"338","熔火前线","198","0","0","6","0","0","0","0","0","0","0"
"339","黑暗神殿","104","0","0","4","0","0","0","0","0","0","0"
"340","黑暗神殿","339","0","0","4","0","0","0","0","0","0","0"
"341","黑暗神殿","339","0","0","4","0","0","0","0","0","0","0"
"342","黑暗神殿","339","0","0","4","0","0","0","0","0","0","0"
"343","黑暗神殿","339","0","0","4","0","0","0","0","0","0","0"
"344","黑暗神殿","339","0","0","4","0","0","0","0","0","0","0"
"345","黑暗神殿","339","0","0","4","0","0","0","0","0","0","0"
"346","黑暗神殿","339","0","0","4","0","0","0","0","0","0","0"
"347","地狱火城墙","100","0","0","4","0","0","0","0","0","0","0"
"348","魔导师平台","122","0","0","4","0","0","0","0","0","0","0"
"349","魔导师平台","122","0","0","4","0","0","0","0","0","0","0"
"350","卡拉赞","42","0","0","4","0","0","0","0","0","0","0"
"351","卡拉赞","42","0","0","4","0","0","0","0","0","0","0"
"352","卡拉赞","42","0","0","4","0","0","0","0","0","0","0"
"353","卡拉赞","42","0","0","4","0","0","0","0","0","0","0"
"354","卡拉赞","42","0","0","4","0","0","0","0","0","0","0"
"355","卡拉赞","42","0","0","4","0","0","0","0","0","0","0"
"356","卡拉赞","42","0","0","4","0","0","0","0","0","0","0"
"357","卡拉赞","42","0","0","4","0","0","0","0","0","0","0"
"358","卡拉赞","42","0","0","4","0","0","0","0","0","0","0"
"359","卡拉赞","42","0","0","4","0","0","0","0","0","0","0"
"360","卡拉赞","42","0","0","4","0","0","0","0","0","0","0"
"361","卡拉赞","42","0","0","4","0","0","0","0","0","0","0"
"362","卡拉赞","42","0","0","4","0","0","0","0","0","0","0"
"363","卡拉赞","42","0","0","4","0","0","0","0","0","0","0"
"364","卡拉赞","42","0","0","4","0","0","0","0","0","0","0"
"365","卡拉赞","42","0","0","4","0","0","0","0","0","0","0"
"366","卡拉赞","42","0","0","4","0","0","0","0","0","0","0"
"367","火焰之地","198","0","0","4","0","0","0","0","0","0","0"
"368","火焰之地","367","0","0","4","0","0","0","0","0","0","0"
"369","火焰之地","367","0","0","4","0","0","0","0","0","0","0"
"370","魔枢","114","0","0","4","0","0","0","0","0","0","0"
"371","翡翠林","424","6","0","3","0","0","0","0","0","0","57"
"372","绿石采掘场","371","0","0","5","0","0","0","0","0","0","0"
"373","绿石采掘场","371","0","0","5","0","0","0","0","0","0","0"
"374","蛛泣洞穴","371","0","0","5","0","0","0","0","0","0","0"
"375","乌拿猴洞","371","0","0","5","0","0","0","0","0","0","0"
"376","四风谷","424","6","0","3","0","0","0","0","0","0","58"
"377","无尽回声洞窟","376","0","0","5","0","0","0","0","0","0","0"
"378","迷踪岛","947","2","0","6","0","0","0","0","0","0","80"
"379","昆莱山","424","6","0","3","0","0","0","0","0","0","60"
"380","凛风洞","379","0","0","5","0","0","0","0","0","0","0"
"381","顽灵洞","379","0","0","5","0","0","0","0","0","0","0"
"382","肘锤洞窟","379","0","0","5","0","0","0","0","0","0","0"
"383","深石窟","379","0","0","5","0","0","0","0","0","0","0"
"384","深石窟","379","0","0","5","0","0","0","0","0","0","0"
"385","征服者陵墓","379","0","0","5","0","0","0","0","0","0","0"
"386","寇茹废墟","379","0","0","5","0","0","0","0","0","0","0"
"387","寇茹废墟","379","0","0","5","0","0","0","0","0","0","0"
"388","螳螂高原","424","6","0","3","0","0","0","0","0","0","61"
"389","砮皂寺","388","0","0","5","0","0","0","0","0","0","0"
"390","锦绣谷","424","6","0","3","0","0","73083","0","0","2","173"
"391","双月殿","390","0","0","5","0","0","0","0","0","0","0"
"392","双月殿","390","0","0","5","0","0","0","0","0","0","0"
"393","七星殿","390","0","0","5","0","0","0","0","0","0","0"
"394","七星殿","390","0","0","5","0","0","0","0","0","0","0"
"395","郭莱古厅","390","0","0","5","0","0","0","0","0","0","0"
"396","郭莱古厅","390","0","0","5","0","0","0","0","0","0","0"
"397","风暴之眼","109","0","0","6","0","0","0","0","0","0","0"
"398","永恒之井","71","0","0","6","0","0","0","0","0","0","0"
"399","暮光审判","71","0","0","4","0","0","0","0","0","0","0"
"400","暮光审判","399","0","0","4","0","0","0","0","0","0","0"
"401","时光之末","71","0","0","4","0","0","0","0","0","0","0"
"402","时光之末","401","0","0","4","0","0","0","0","0","0","0"
"403","时光之末","401","0","0","4","0","0","0","0","0","0","0"
"404","时光之末","401","0","0","4","0","0","0","0","0","0","0"
"405","时光之末","401","0","0","4","0","0","0","0","0","0","0"
"406","时光之末","401","0","0","4","0","0","0","0","0","0","0"
"407","暗月岛","947","0","0","6","0","0","0","0","0","0","0"
"408","暗月岛","407","0","0","4","0","0","0","0","0","0","0"
"409","巨龙之魂","71","0","0","4","0","0","0","0","0","0","0"
"410","巨龙之魂","409","0","0","4","0","0","0","0","0","0","0"
"411","巨龙之魂","409","0","0","4","0","0","0","0","0","0","0"
"412","巨龙之魂","409","0","0","4","0","0","0","0","0","0","0"
"413","巨龙之魂","409","0","0","4","0","0","0","0","0","0","0"
"414","巨龙之魂","409","0","0","4","0","0","0","0","0","0","0"
"415","巨龙之魂","409","0","0","4","0","0","0","0","0","0","0"
"416","尘泥沼泽","70","0","0","6","0","0","0","0","0","0","0"
"417","寇魔古寺","390","0","0","6","0","0","0","0","0","0","0"
"418","卡桑琅丛林","424","6","0","3","0","0","0","0","0","0","59"
"419","敖骨打废墟","418","0","0","5","0","0","0","0","0","0","0"
"420","敖骨打废墟","418","0","0","5","0","0","0","0","0","0","0"
"421","敖骨打废墟","418","0","0","5","0","0","0","0","0","0","0"
"422","恐惧废土","424","6","0","3","0","0","0","0","0","0","62"
"423","碎银矿脉","224","0","0","4","0","0","0","0","0","0","0"
"424","潘达利亚","947","0","0","2","0","0","0","0","0","0","657"
"425","北郡","37","0","0","3","0","0","0","0","0","0","0"
"426","回音山矿洞","37","0","0","5","0","0","0","0","0","0","0"
"427","寒脊山谷","27","0","0","6","0","0","0","0","0","0","0"
"428","霜鬃洞穴","27","0","0","5","0","0","0","0","0","0","0"
"429","青龙寺","371","0","0","4","0","0","0","0","0","0","0"
"430","青龙寺","371","0","0","4","0","0","0","0","0","0","0"
"431","血色大厅","18","0","0","4","0","0","0","0","0","0","0"
"432","血色大厅","18","0","0","4","0","0","0","0","0","0","0"
"433","雾纱栈道","424","6","0","3","0","0","0","0","0","0","975"
"434","远古之路","379","0","0","5","0","0","0","0","0","0","0"
"435","血色修道院","18","0","0","4","0","0","0","0","0","0","0"
"436","血色修道院","18","0","0","4","0","0","0","0","0","0","0"
"437","残阳关","390","0","0","4","0","0","0","0","0","0","0"
"438","残阳关","390","0","0","4","0","0","0","0","0","0","0"
"439","风暴烈酒酿造厂","376","0","0","4","0","0","0","0","0","0","0"
"440","风暴烈酒酿造厂","376","0","0","4","0","0","0","0","0","0","0"
"441","风暴烈酒酿造厂","376","0","0","4","0","0","0","0","0","0","0"
"442","风暴烈酒酿造厂","376","0","0","4","0","0","0","0","0","0","0"
"443","影踪禅院","379","0","0","4","0","0","0","0","0","0","0"
"444","影踪禅院","443","0","0","4","0","0","0","0","0","0","0"
"445","影踪禅院","443","0","0","4","0","0","0","0","0","0","0"
"446","影踪禅院","443","0","0","4","0","0","0","0","0","0","0"
"447","酝酿风暴","371","0","0","6","0","0","0","0","0","0","0"
"448","翡翠林","371","0","0","6","0","0","0","0","0","0","0"
"449","寇魔古寺","390","0","0","6","0","0","0","0","0","0","0"
"450","盎迦猴岛","418","0","0","6","0","0","0","0","0","0","0"
"451","突袭扎尼维斯","422","0","0","6","0","0","0","0","0","0","0"
"452","酿月祭","379","0","0","6","0","0","0","0","0","0","0"
"453","魔古山宫殿","390","0","0","4","0","0","0","0","0","0","0"
"454","魔古山宫殿","390","0","0","4","0","0","0","0","0","0","0"
"455","魔古山宫殿","390","0","0","4","0","0","0","0","0","0","0"
"456","永春台","433","0","0","6","0","0","0","0","0","0","0"
"457","围攻砮皂寺","388","0","0","4","0","0","0","0","0","0","0"
"458","围攻砮皂寺","457","0","0","4","0","0","0","0","0","0","0"
"459","围攻砮皂寺","457","0","0","4","0","0","0","0","0","0","0"
"460","幽影谷","57","6","0","3","0","0","0","0","0","0","0"
"461","试炼谷","1","6","0","3","0","0","0","0","0","0","0"
"462","纳拉其营地","7","6","0","3","0","0","0","0","0","0","0"
"463","回音群岛","1","6","0","3","0","0","0","0","0","0","0"
"464","恶鳞洞穴","1","0","0","5","0","0","0","0","0","0","0"
"465","丧钟镇","18","6","0","3","0","0","0","0","0","0","0"
"466","夜行蜘蛛洞穴","18","0","0","5","0","0","0","0","0","0","0"
"467","逐日岛","94","6","0","3","0","0","0","0","0","0","0"
"468","埃门谷","97","6","0","3","0","0","0","0","0","0","0"
"469","新工匠镇","27","6","0","3","0","0","0","0","0","0","0"
"470","霜鬃巨魔要塞","27","0","0","5","0","0","0","0","0","0","0"
"471","魔古山宝库","390","0","0","4","0","0","0","0","0","0","0"
"472","魔古山宝库","390","0","0","4","0","0","0","0","0","0","0"
"473","魔古山宝库","390","0","0","4","0","0","0","0","0","0","0"
"474","恐惧之心","422","0","0","4","0","0","0","0","0","0","0"
"475","恐惧之心","422","0","0","4","0","0","0","0","0","0","0"
"476","通灵学院","22","0","0","4","0","0","0","0","0","0","0"
"477","通灵学院","22","0","0","4","0","0","0","0","0","0","0"
"478","通灵学院","22","0","0","4","0","0","0","0","0","0","0"
"479","通灵学院","22","0","0","4","0","0","0","0","0","0","0"
"480","试炼场","379","0","0","4","0","0","0","0","0","0","0"
"481","遗忘之王古墓","379","0","0","4","0","0","0","0","0","0","0"
"482","遗忘之王古墓","379","0","0","4","0","0","0","0","0","0","0"
"483","尘泥沼泽","70","0","0","6","0","0","0","0","0","0","0"
"486","卡桑琅丛林","418","0","0","6","0","0","0","0","0","0","0"
"487","王者的耐心","418","0","0","6","0","0","0","0","0","0","0"
"488","黑暗中的匕首","433","0","0","6","0","0","0","0","0","0","0"
"489","黑暗中的匕首","379","0","0","4","0","0","0","0","0","0","0"
"490","黑暗神殿","104","0","0","4","0","0","0","0","0","0","0"
"491","黑暗神殿","490","0","0","4","0","0","0","0","0","0","0"
"492","黑暗神殿","490","0","0","4","0","0","0","0","0","0","0"
"493","黑暗神殿","490","0","0","4","0","0","0","0","0","0","0"
"494","黑暗神殿","490","0","0","4","0","0","0","0","0","0","0"
"495","黑暗神殿","490","0","0","4","0","0","0","0","0","0","0"
"496","黑暗神殿","490","0","0","4","0","0","0","0","0","0","0"
"497","黑暗神殿","490","0","0","4","0","0","0","0","0","0","0"
"498","卡桑琅丛林","418","0","0","6","0","0","0","0","0","0","0"
"499","矿道地铁","84","0","0","4","0","0","0","0","0","0","0"
"500","矿道地铁","84","0","0","4","0","0","0","0","0","0","0"
"501","达拉然","13","0","0","4","0","0","0","0","0","0","0"
"502","达拉然","13","0","0","4","0","0","0","0","0","0","0"
"503","搏击竞技场","85","0","0","4","0","0","0","0","0","0","0"
"504","雷神岛","424","6","0","3","0","0","0","0","0","0","167"
"505","闪电矿脉","504","0","0","5","0","0","0","0","0","0","0"
"506","浮华宝库","504","0","0","5","0","0","0","0","0","0","0"
"507","巨兽岛","424","6","0","3","0","0","0","0","0","0","168"
"508","雷电王座","504","0","0","4","0","0","0","0","0","0","0"
"509","雷电王座","504","0","0","4","0","0","0","0","0","0","0"
"510","雷电王座","504","0","0","4","0","0","0","0","0","0","0"
"511","雷电王座","504","0","0","4","0","0","0","0","0","0","0"
"512","雷电王座","504","0","0","4","0","0","0","0","0","0","0"
"513","雷电王座","504","0","0","4","0","0","0","0","0","0","0"
"514","雷电王座","504","0","0","4","0","0","0","0","0","0","0"
"515","雷电王座","504","0","0","4","0","0","0","0","0","0","0"
"516","雷神岛","424","2","0","6","0","0","0","0","0","0","0"
"517","闪电矿脉","516","0","0","5","0","0","0","0","0","0","0"
"518","雷电堡","504","0","0","4","0","0","0","0","0","0","0"
"519","深风峡谷","376","0","0","6","0","0","0","0","0","0","0"
"520","锦绣谷","390","0","0","6","0","0","0","0","0","0","0"
"521","锦绣谷","390","0","0","4","0","0","0","0","0","0","0"
"522","怒焰之谜","85","0","0","4","0","0","0","0","0","0","0"
"523","丹莫罗","27","0","0","6","0","0","0","0","0","0","0"
"524","公海激战","12","0","0","6","0","0","0","0","0","0","0"
"525","霜火岭","572","6","0","3","0","0","0","0","0","0","64"
"526","图格尔的巢穴","525","0","0","5","0","0","0","0","0","0","0"
"527","图格尔的巢穴","525","0","0","5","0","0","0","0","0","0","0"
"528","图格尔的巢穴","525","0","0","5","0","0","0","0","0","0","0"
"529","图格尔的巢穴","525","0","0","5","0","0","0","0","0","0","0"
"530","格罗姆加尔","525","0","0","5","0","0","0","0","0","0","0"
"531","格鲁洛克岩洞","525","0","0","5","0","0","0","0","0","0","0"
"532","格鲁洛克岩洞","525","0","0","5","0","0","0","0","0","0","0"
"533","飘雪秘境","525","0","0","5","0","0","0","0","0","0","0"
"534","塔纳安丛林","572","6","0","3","0","0","0","0","0","0","176"
"535","塔拉多","572","6","0","3","0","0","0","0","0","0","66"
"536","圣光之墓","535","0","0","5","0","0","0","0","0","0","0"
"537","幽魂陵墓","535","0","0","5","0","0","0","0","0","0","0"
"538","被破坏的埋骨地","535","0","0","5","0","0","0","0","0","0","0"
"539","影月谷","572","6","0","3","0","0","0","0","0","0","63"
"540","血棘洞穴","539","0","0","5","0","0","0","0","0","0","0"
"541","秘密巢穴","539","0","0","5","0","0","0","0","0","0","0"
"542","阿兰卡峰林","572","6","0","3","0","0","0","0","0","0","67"
"543","戈尔隆德","572","6","0","3","0","0","0","0","0","0","65"
"544","茉艾拉堡垒","543","0","0","5","0","0","0","0","0","0","0"
"545","茉艾拉堡垒","543","0","0","5","0","0","0","0","0","0","0"
"546","狂怒裂隙","543","0","0","5","0","0","0","0","0","0","0"
"547","狂怒裂隙","543","0","0","5","0","0","0","0","0","0","0"
"548","羽颈之釜","543","0","0","5","0","0","0","0","0","0","0"
"549","羽颈之釜","543","0","0","5","0","0","0","0","0","0","0"
"550","纳格兰","572","6","0","3","0","0","0","0","0","0","68"
"551","剑圣洞穴","550","0","0","5","0","0","0","0","0","0","0"
"552","岩壁峡谷","550","0","0","5","0","0","0","0","0","0","0"
"553","沃舒古","550","0","0","5","0","0","0","0","0","0","0"
"554","永恒岛","424","6","0","3","0","0","0","0","0","0","169"
"555","孤魂岩洞","554","0","0","5","0","0","0","0","0","0","0"
"556","决战奥格瑞玛","390","0","0","4","0","0","0","0","0","0","0"
"557","决战奥格瑞玛","556","0","0","4","0","0","0","0","0","0","0"
"558","决战奥格瑞玛","556","0","0","4","0","0","0","0","0","0","0"
"559","决战奥格瑞玛","556","0","0","4","0","0","0","0","0","0","0"
"560","决战奥格瑞玛","556","0","0","4","0","0","0","0","0","0","0"
"561","决战奥格瑞玛","556","0","0","4","0","0","0","0","0","0","0"
"562","决战奥格瑞玛","556","0","0","4","0","0","0","0","0","0","0"
"563","决战奥格瑞玛","556","0","0","4","0","0","0","0","0","0","0"
"564","决战奥格瑞玛","556","0","0","4","0","0","0","0","0","0","0"
"565","决战奥格瑞玛","556","0","0","4","0","0","0","0","0","0","0"
"566","决战奥格瑞玛","556","0","0","4","0","0","0","0","0","0","0"
"567","决战奥格瑞玛","556","0","0","4","0","0","0","0","0","0","0"
"568","决战奥格瑞玛","556","0","0","4","0","0","0","0","0","0","0"
"569","决战奥格瑞玛","556","0","0","4","0","0","0","0","0","0","0"
"570","决战奥格瑞玛","556","0","0","4","0","0","0","0","0","0","0"
"571","天神比武大会","554","0","0","6","0","0","0","0","0","0","0"
"572","德拉诺","946","0","0","2","0","0","0","0","0","0","828"
"573","血槌炉渣矿井","525","0","0","4","0","0","0","0","0","0","0"
"574","影月墓地","539","0","0","4","0","0","0","0","0","0","0"
"575","影月墓地","539","0","0","4","0","0","0","0","0","0","0"
"576","影月墓地","539","0","0","4","0","0","0","0","0","0","0"
"577","塔纳安丛林","572","0","0","6","0","0","0","0","0","0","0"
"578","幽影大厅","577","0","0","5","0","0","0","0","0","0","0"
"579","坠月挖掘场","582","0","0","5","0","0","0","0","0","0","0"
"580","坠月挖掘场","582","0","0","5","0","0","0","0","0","0","0"
"581","坠月挖掘场","582","0","0","5","0","0","0","0","0","0","0"
"582","坠落之月","539","13","0","6","0","0","64895","0","0","0","0"
"585","霜壁矿井","590","0","0","5","0","0","0","0","0","0","0"
"586","霜壁矿井","590","0","0","5","0","0","0","0","0","0","0"
"587","霜壁矿井","590","0","0","5","0","0","0","0","0","0","0"
"588","阿什兰","572","0","0","3","0","0","0","0","0","0","0"
"589","阿什兰矿洞","588","0","0","5","0","0","0","0","0","0","0"
"590","霜寒晶壁","525","13","0","6","0","0","64896","0","0","0","0"
"593","奥金顿","535","0","0","4","0","0","0","0","0","0","0"
"594","沙塔斯城","535","0","0","6","0","0","0","0","0","0","0"
"595","钢铁码头","543","0","0","4","0","0","0","0","0","0","0"
"596","黑石铸造厂","543","0","0","4","0","0","0","0","0","0","0"
"597","黑石铸造厂","543","0","0","4","0","0","0","0","0","0","0"
"598","黑石铸造厂","543","0","0","4","0","0","0","0","0","0","0"
"599","黑石铸造厂","543","0","0","4","0","0","0","0","0","0","0"
"600","黑石铸造厂","543","0","0","4","0","0","0","0","0","0","0"
"601","通天峰","542","0","0","4","0","0","0","0","0","0","0"
"602","通天峰","542","0","0","4","0","0","0","0","0","0","0"
"606","恐轨车站","543","0","0","4","0","0","0","0","0","0","0"
"607","恐轨车站","543","0","0","4","0","0","0","0","0","0","0"
"608","恐轨车站","543","0","0","4","0","0","0","0","0","0","0"
"609","恐轨车站","543","0","0","4","0","0","0","0","0","0","0"
"610","悬槌堡","550","0","0","4","0","0","0","0","0","0","0"
"611","悬槌堡","610","0","0","4","0","0","0","0","0","0","0"
"612","悬槌堡","610","0","0","4","0","0","0","0","0","0","0"
"613","悬槌堡","610","0","0","4","0","0","0","0","0","0","0"
"614","悬槌堡","610","0","0","4","0","0","0","0","0","0","0"
"615","悬槌堡","610","0","0","4","0","0","0","0","0","0","0"
"616","黑石塔上层","36","0","0","4","0","0","0","0","0","0","0"
"617","黑石塔上层","36","0","0","4","0","0","0","0","0","0","0"
"618","黑石塔上层","36","0","0","4","0","0","0","0","0","0","0"
"619","破碎群岛","947","0","0","2","0","1","0","0","0","0","829"
"620","永茂林地","543","0","0","4","0","0","0","0","0","0","0"
"621","永茂林地","620","0","0","4","0","0","0","0","0","0","0"
"622","风暴之盾","588","0","0","6","0","0","0","0","0","0","0"
"623","希尔斯布莱德丘陵（南海镇VS塔伦米尔）","25","0","0","6","0","0","0","0","0","0","0"
"624","战争之矛","588","0","0","6","0","0","0","0","0","0","0"
"626","达拉然","619","0","0","4","0","0","0","0","0","0","0"
"627","达拉然","619","32768","0","4","4","0","0","0","0","0","0"
"628","达拉然","619","0","0","4","0","0","0","0","0","0","0"
"629","达拉然","619","0","0","4","0","0","0","0","0","0","0"
"630","阿苏纳","619","6","0","3","4","1","0","0","0","0","331"
"631","纳萨拉斯学院","630","0","0","5","0","0","0","0","0","0","0"
"632","欧逊努斯海窟","630","0","0","5","0","0","0","0","0","0","0"
"633","千光神殿","630","0","0","5","0","0","0","0","0","0","0"
"634","风暴峡湾","619","6","0","3","4","1","0","0","0","0","334"
"635","盾憩岛","634","0","0","5","0","0","0","0","0","0","0"
"636","风鳞洞穴","634","0","0","5","0","0","0","0","0","0","0"
"637","托林尼尔避难所","634","0","0","5","0","0","0","0","0","0","0"
"638","托林尼尔避难所","634","0","0","5","0","0","0","0","0","0","0"
"639","阿格拉玛的宝库","634","0","0","5","0","0","0","0","0","0","0"
"640","艾尔的宝库","634","0","0","5","0","0","0","0","0","0","0"
"641","瓦尔莎拉","619","6","0","3","4","1","0","0","0","0","332"
"642","黑暗围栏","641","0","0","5","0","0","0","0","0","0","0"
"643","沉眠者地穴","641","0","0","5","0","0","0","0","0","0","0"
"644","沉眠者地穴","641","0","0","5","0","0","0","0","0","0","0"
"645","扭曲虚空","619","0","0","6","0","5","0","0","0","0","0"
"646","破碎海滩","619","6","0","3","4","1","0","0","0","0","336"
"647","阿彻鲁斯：黑锋要塞","619","0","0","5","0","0","0","0","0","0","0"
"648","阿彻鲁斯：黑锋要塞","619","0","0","5","0","0","0","0","0","0","0"
"649","冥狱深渊","634","0","0","6","0","0","0","0","0","0","0"
"650","至高岭","619","6","0","3","4","1","0","0","0","0","333"
"651","啮岩孤地","650","0","0","5","0","0","0","0","0","0","0"
"652","雷霆图腾","650","0","0","5","0","0","0","0","0","0","0"
"653","血炼洞穴","650","0","0","5","0","0","0","0","0","0","0"
"654","泥吻巢穴","650","0","0","5","0","0","0","0","0","0","0"
"655","生命之泉洞穴","650","0","0","5","0","0","0","0","0","0","0"
"656","生命之泉洞穴","650","0","0","5","0","0","0","0","0","0","0"
"657","胡恩之路","650","0","0","5","0","0","0","0","0","0","0"
"658","胡恩之路","650","0","0","5","0","0","0","0","0","0","0"
"659","黯石岩洞","650","0","0","5","0","0","0","0","0","0","0"
"660","邪能图腾洞穴","650","0","0","5","0","0","0","0","0","0","0"
"661","地狱火堡垒","534","0","0","4","0","0","0","0","0","0","0"
"662","地狱火堡垒","661","0","0","4","0","0","0","0","0","0","0"
"663","地狱火堡垒","661","0","0","4","0","0","0","0","0","0","0"
"664","地狱火堡垒","661","0","0","4","0","0","0","0","0","0","0"
"665","地狱火堡垒","661","0","0","4","0","0","0","0","0","0","0"
"666","地狱火堡垒","661","0","0","4","0","0","0","0","0","0","0"
"667","地狱火堡垒","661","0","0","4","0","0","0","0","0","0","0"
"668","地狱火堡垒","661","0","0","4","0","0","0","0","0","0","0"
"669","地狱火堡垒","661","0","0","4","0","0","0","0","0","0","0"
"670","地狱火堡垒","661","0","0","4","0","0","0","0","0","0","0"
"671","纳沙尔海湾","619","0","0","6","0","0","0","0","0","0","0"
"672","破碎深渊马顿","619","0","0","6","0","0","0","0","0","0","699"
"673","神秘之洞","672","0","0","5","0","0","0","0","0","0","0"
"674","灵魂引擎","672","0","0","5","0","0","0","0","0","0","0"
"675","灵魂引擎","672","0","0","5","0","0","0","0","0","0","0"
"676","破碎海滩","619","2","0","6","0","0","0","0","0","0","0"
"677","守望者地窟","630","64","0","4","0","0","0","0","0","0","0"
"678","守望者地窟","630","64","0","4","0","0","0","0","0","0","0"
"679","守望者地窟","630","64","0","4","0","0","0","0","0","0","0"
"680","苏拉玛","619","6","0","3","4","3","0","0","0","0","335"
"681","魔法回廊地窟","680","0","0","5","0","0","0","0","0","0","0"
"682","邪魂堡垒","680","0","0","5","0","0","0","0","0","0","0"
"683","魔法回廊地窟","680","0","0","5","0","0","0","0","0","0","0"
"684","破碎轨迹","680","0","0","5","0","0","0","0","0","0","0"
"685","破碎轨迹","680","0","0","5","0","0","0","0","0","0","0"
"686","艾洛珊","680","0","0","5","0","0","0","0","0","0","0"
"687","凯尔巴洛","680","0","0","5","0","0","0","0","0","0","0"
"688","安诺拉魔网节点","680","0","0","5","0","0","0","0","0","0","0"
"689","月落魔网节点","680","0","0","5","0","0","0","0","0","0","0"
"690","安瑟纳尔魔网节点","680","0","0","5","0","0","0","0","0","0","0"
"691","奈耶尔的工作室","680","0","0","5","0","0","0","0","0","0","0"
"692","法兰纳尔回廊","680","0","0","5","0","0","0","0","0","0","0"
"693","法兰纳尔回廊","680","0","0","5","0","0","0","0","0","0","0"
"694","冥口浅湾","619","4130","0","6","0","0","0","0","0","0","0"
"695","苍穹要塞","619","64","0","4","0","0","0","0","0","0","0"
"696","风暴峡湾","619","0","0","6","0","0","0","0","0","0","334"
"697","艾萨拉","76","0","0","6","0","0","0","0","0","0","0"
"698","冰冠堡垒","118","64","0","4","0","0","0","0","0","0","0"
"699","冰冠堡垒","118","64","0","4","0","0","0","0","0","0","0"
"700","冰冠堡垒","118","64","0","4","0","0","0","0","0","0","0"
"701","冰冠堡垒","118","64","0","4","0","0","0","0","0","0","0"
"702","虚空之光神殿","619","64","0","4","0","0","0","0","0","0","0"
"703","英灵殿","634","64","0","4","0","5","0","0","0","0","0"
"704","英灵殿","703","64","0","4","0","0","0","0","0","0","0"
"705","英灵殿","703","64","0","4","0","0","0","0","0","0","0"
"706","冥口峭壁","634","64","0","4","0","5","0","0","0","0","0"
"707","冥口峭壁","706","64","0","4","0","0","0","0","0","0","0"
"708","冥口峭壁","706","64","0","4","0","0","0","0","0","0","0"
"709","迷踪岛","619","0","0","6","0","0","0","0","0","0","80"
"710","守望者地窟","630","64","0","4","0","0","0","0","0","0","0"
"711","守望者地窟","630","64","0","4","0","0","0","0","0","0","0"
"712","守望者地窟","630","64","0","4","0","0","0","0","0","0","0"
"713","艾萨拉之眼","630","64","0","6","0","5","0","0","0","0","0"
"714","尼斯卡拉","619","0","0","6","0","0","0","0","0","0","0"
"715","翡翠梦境之路","747","0","0","6","0","0","0","0","0","0","0"
"716","天空之墙","249","64","0","4","0","0","0","0","0","0","0"
"717","恐痕裂隙","619","0","0","6","0","0","0","0","0","0","0"
"718","恐痕裂隙","619","0","0","6","0","0","0","0","0","0","0"
"719","破碎深渊马顿","619","64","0","4","0","0","0","0","0","0","0"
"720","破碎深渊马顿","719","64","0","4","0","0","0","0","0","0","0"
"721","破碎深渊马顿","719","64","0","4","0","0","0","0","0","0","0"
"723","紫罗兰监狱","627","64","0","4","0","0","0","0","0","0","0"
"725","大漩涡","948","0","0","6","0","0","0","0","0","0","0"
"726","大漩涡","619","0","0","6","0","0","0","0","0","0","54"
"728","永春台","433","0","0","6","0","0","0","0","0","0","0"
"729","碎岩之渊","207","0","0","5","0","0","0","0","0","0","0"
"731","奈萨里奥的巢穴","650","64","0","6","0","5","0","0","0","0","0"
"732","紫罗兰监狱","627","64","0","4","0","0","0","0","0","0","0"
"733","黑心林地","641","64","0","6","0","5","0","0","0","0","0"
"734","守护者圣殿","627","64","0","4","0","0","0","0","0","0","0"
"735","守护者圣殿","627","64","0","4","0","0","0","0","0","0","0"
"736","彼岸","114","64","0","4","0","0","0","0","0","0","0"
"737","旋云之巅","249","64","0","4","0","0","0","0","0","0","0"
"738","火焰之地","198","0","0","6","0","0","0","0","0","0","0"
"739","神射手营地","650","0","0","3","4","0","42890","0","0","0","0"
"740","影血堡垒","619","64","0","4","0","0","0","0","0","0","0"
"741","影血堡垒","619","64","0","4","0","0","0","0","0","0","0"
"742","深渊之喉","204","64","0","4","0","0","0","0","0","0","0"
"743","深渊之喉","204","64","0","4","0","0","0","0","0","0","0"
"744","奥杜尔","120","64","0","4","0","0","0","0","0","0","0"
"745","奥杜尔","120","64","0","4","0","0","0","0","0","0","0"
"746","奥杜尔","120","64","0","4","0","0","0","0","0","0","0"
"747","梦境林地","641","0","0","6","0","0","35351","0","0","0","0"
"748","尼斯卡拉","619","0","0","6","0","0","0","0","0","0","0"
"749","魔法回廊","680","64","0","4","0","0","0","0","0","0","0"
"750","雷霆图腾","650","0","0","6","0","0","0","0","0","0","0"
"751","黑鸦堡垒","641","64","0","4","0","0","0","0","0","0","0"
"752","黑鸦堡垒","641","64","0","4","0","0","0","0","0","0","0"
"753","黑鸦堡垒","641","64","0","4","0","0","0","0","0","0","0"
"754","黑鸦堡垒","641","64","0","4","0","0","0","0","0","0","0"
"755","黑鸦堡垒","641","64","0","4","0","0","0","0","0","0","0"
"756","黑鸦堡垒","641","64","0","4","0","0","0","0","0","0","0"
"757","乌索克之巢","116","0","0","6","0","0","0","0","0","0","0"
"758","薄暮岛礁","641","0","0","6","0","0","0","0","0","0","0"
"759","黑暗神殿","104","64","0","4","0","0","0","0","0","0","0"
"760","玛洛恩的梦魇","198","0","0","6","0","0","0","0","0","0","0"
"761","群星庭院","680","64","0","4","0","5","0","0","0","0","0"
"762","群星庭院","761","64","0","4","0","0","0","0","0","0","0"
"763","群星庭院","761","64","0","4","0","0","0","0","0","0","0"
"764","暗夜要塞","680","64","0","4","0","0","0","0","0","0","0"
"765","暗夜要塞","680","64","0","4","0","0","0","0","0","0","0"
"766","暗夜要塞","680","64","0","4","0","0","0","0","0","0","0"
"767","暗夜要塞","680","64","0","4","0","0","0","0","0","0","0"
"768","暗夜要塞","680","64","0","4","0","0","0","0","0","0","0"
"769","暗夜要塞","680","64","0","4","0","0","0","0","0","0","0"
"770","暗夜要塞","680","64","0","4","0","0","0","0","0","0","0"
"771","暗夜要塞","680","64","0","4","0","0","0","0","0","0","0"
"772","暗夜要塞","680","64","0","4","0","0","0","0","0","0","0"
"773","托尔巴拉德","13","0","0","6","0","0","0","0","0","0","0"
"774","托尔巴拉德","244","64","0","4","0","0","0","0","0","0","0"
"775","埃索达","12","0","0","6","0","0","0","0","0","0","0"
"776","秘蓝岛","12","2","0","6","0","0","0","0","0","0","0"
"777","翡翠梦魇","641","64","0","4","0","0","0","0","0","0","0"
"778","翡翠梦魇","641","64","0","4","0","0","0","0","0","0","0"
"779","翡翠梦魇","641","64","0","4","0","0","0","0","0","0","0"
"780","翡翠梦魇","641","64","0","4","0","0","0","0","0","0","0"
"781","翡翠梦魇","641","64","0","4","0","0","0","0","0","0","0"
"782","翡翠梦魇","12","64","0","4","0","0","0","0","0","0","0"
"783","翡翠梦魇","13","64","0","4","0","0","0","0","0","0","0"
"784","翡翠梦魇","13","64","0","4","0","0","0","0","0","0","0"
"785","翡翠梦魇","12","64","0","4","0","0","0","0","0","0","0"
"786","翡翠梦魇","641","64","0","4","0","0","0","0","0","0","0"
"787","翡翠梦魇","641","64","0","4","0","0","0","0","0","0","0"
"788","翡翠梦魇","641","64","0","4","0","0","0","0","0","0","0"
"789","翡翠梦魇","641","64","0","4","0","0","0","0","0","0","0"
"790","艾萨拉之眼","619","2","0","3","4","1","0","0","0","0","484"
"791","青龙寺","371","64","0","4","0","0","0","0","0","0","0"
"792","青龙寺","371","64","0","4","0","0","0","0","0","0","0"
"793","黑鸦堡垒","641","0","0","6","0","0","0","0","0","0","0"
"794","卡拉赞","42","64","0","4","0","0","0","0","0","0","0"
"795","卡拉赞","42","64","0","4","0","0","0","0","0","0","0"
"796","卡拉赞","42","64","0","4","0","0","0","0","0","0","0"
"797","卡拉赞","42","64","0","4","0","0","0","0","0","0","0"
"798","魔法回廊","680","64","0","4","0","0","0","0","0","0","0"
"799","魔环","114","0","0","6","0","0","0","0","0","0","0"
"800","魔环","114","64","0","4","0","0","0","0","0","0","0"
"801","魔环","114","64","0","4","0","0","0","0","0","0","0"
"802","魔环","114","64","0","4","0","0","0","0","0","0","0"
"803","魔环","114","64","0","4","0","0","0","0","0","0","0"
"804","血色修道院","18","64","0","4","0","0","0","0","0","0","0"
"805","血色修道院","18","64","0","4","0","0","0","0","0","0","0"
"806","勇气试炼","634","64","0","4","0","0","0","0","0","0","0"
"807","勇气试炼","806","64","0","4","0","0","0","0","0","0","0"
"808","勇气试炼","806","64","0","4","0","0","0","0","0","0","0"
"809","卡拉赞","42","64","0","4","0","0","0","0","0","0","0"
"810","卡拉赞","42","64","0","4","0","0","0","0","0","0","0"
"811","卡拉赞","42","64","0","4","0","0","0","0","0","0","0"
"812","卡拉赞","42","64","0","4","0","0","0","0","0","0","0"
"813","卡拉赞","42","64","0","4","0","0","0","0","0","0","0"
"814","卡拉赞","42","64","0","4","0","0","0","0","0","0","0"
"815","卡拉赞","42","64","0","4","0","0","0","0","0","0","0"
"816","卡拉赞","42","64","0","4","0","0","0","0","0","0","0"
"817","卡拉赞","42","64","0","4","0","0","0","0","0","0","0"
"818","卡拉赞","42","64","0","4","0","0","0","0","0","0","0"
"819","卡拉赞","42","64","0","4","0","0","0","0","0","0","0"
"820","卡拉赞","42","64","0","4","0","0","0","0","0","0","0"
"821","卡拉赞","42","64","0","4","0","0","0","0","0","0","0"
"822","卡拉赞","42","64","0","4","0","0","0","0","0","0","0"
"823","萨隆矿坑","118","0","0","6","0","0","0","0","0","0","0"
"824","岛屿","947","0","0","6","0","0","0","0","0","0","0"
"825","哀嚎洞穴","10","64","0","4","0","0","0","0","0","0","0"
"826","鲜血图腾洞穴","650","64","0","4","0","0","0","0","0","0","0"
"827","斯坦索姆","22","64","0","4","0","0","0","0","0","0","0"
"828","永恒之眼","114","64","0","4","0","0","0","0","0","0","0"
"829","英灵殿","634","64","0","4","0","0","0","0","0","0","0"
"830","克罗库恩","905","6","0","3","4","1","0","0","0","0","337"
"831","维迪卡尔","830","0","0","5","0","0","0","0","0","0","0"
"832","维迪卡尔","830","0","0","5","0","0","0","0","0","0","0"
"833","纳斯拉克斯之塔","830","0","0","5","0","0","0","0","0","0","0"
"834","寒脊山谷","27","0","0","6","0","0","0","0","0","0","0"
"835","死亡矿井","52","64","0","4","0","0","0","0","0","0","0"
"836","死亡矿井","52","64","0","4","0","0","0","0","0","0","0"
"837","阿拉希盆地","14","0","0","6","0","0","0","0","0","0","0"
"838","黑石山之战","36","0","0","6","0","0","0","0","0","0","0"
"839","大漩涡","948","64","0","4","0","0","0","0","0","0","0"
"840","诺莫瑞根","27","64","0","4","0","0","0","0","0","0","0"
"841","诺莫瑞根","27","64","0","4","0","0","0","0","0","0","0"
"842","诺莫瑞根","27","64","0","4","0","0","0","0","0","0","0"
"843","决战影踪派","379","0","0","6","0","0","0","0","0","0","0"
"844","阿拉希盆地","14","0","0","6","0","0","0","0","0","0","0"
"845","永夜大教堂","646","64","0","4","0","0","0","0","0","0","0"
"846","永夜大教堂","646","64","0","4","0","0","0","0","0","0","0"
"847","永夜大教堂","646","64","0","4","0","0","0","0","0","0","0"
"848","永夜大教堂","646","64","0","4","0","0","0","0","0","0","0"
"849","永夜大教堂","646","64","0","4","0","0","0","0","0","0","0"
"850","萨格拉斯之墓","646","64","0","4","0","0","0","0","0","0","0"
"851","萨格拉斯之墓","646","64","0","4","0","0","0","0","0","0","0"
"852","萨格拉斯之墓","646","64","0","4","0","0","0","0","0","0","0"
"853","萨格拉斯之墓","646","64","0","4","0","0","0","0","0","0","0"
"854","萨格拉斯之墓","646","64","0","4","0","0","0","0","0","0","0"
"855","萨格拉斯之墓","646","64","0","4","0","0","0","0","0","0","0"
"856","萨格拉斯之墓","646","64","0","4","0","0","0","0","0","0","0"
"857","风神王座","249","64","0","4","0","0","0","0","0","0","0"
"858","突袭破碎海滩","619","0","0","6","0","0","0","0","0","0","0"
"859","战歌峡谷","10","0","0","6","0","0","0","0","0","0","0"
"860","红玉圣殿","115","0","0","6","0","0","0","0","0","0","0"
"861","破碎深渊马顿","672","0","0","6","0","0","0","0","0","0","0"
"862","祖达萨","875","6","0","3","10","1","0","0","0","0","189"
"863","纳兹米尔","875","6","0","3","10","3","0","0","0","0","190"
"864","沃顿","875","6","0","3","10","1","0","0","0","0","191"
"865","风暴峡湾","634","64","0","4","0","0","0","0","0","0","0"
"866","风暴峡湾","634","64","0","4","0","0","0","0","0","0","0"
"867","阿苏纳","630","64","0","4","0","0","0","0","0","0","0"
"868","瓦尔莎拉","641","64","0","4","0","0","0","0","0","0","0"
"869","至高岭","650","64","0","4","0","0","0","0","0","0","0"
"870","至高岭","650","64","0","4","0","0","0","0","0","0","0"
"871","失落冰川","113","0","0","6","0","0","0","0","0","0","0"
"872","风暴烈酒酿造厂","376","64","0","4","0","0","0","0","0","0","0"
"873","风暴烈酒酿造厂","376","64","0","4","0","0","0","0","0","0","0"
"874","风暴烈酒酿造厂","376","64","0","4","0","0","0","0","0","0","0"
"875","赞达拉","947","0","0","2","10","1","0","0","0","0","830"
"876","库尔提拉斯","947","0","0","2","10","1","0","0","0","0","830"
"877","永恒猎场","634","0","0","6","0","0","0","0","0","0","0"
"879","破碎深渊马顿","672","64","0","4","0","0","0","0","0","0","0"
"880","破碎深渊马顿","672","64","0","4","0","0","0","0","0","0","0"
"881","永恒之眼","114","64","0","4","0","0","0","0","0","0","0"
"882","玛凯雷","905","6","0","3","4","1","0","0","0","0","337"
"883","维迪卡尔","882","0","0","5","0","0","0","0","0","0","0"
"884","维迪卡尔","882","0","0","5","0","0","0","0","0","0","0"
"885","安托兰废土","905","6","0","3","4","1","0","0","0","0","337"
"886","维迪卡尔","885","0","0","5","0","0","0","0","0","0","0"
"887","维迪卡尔","885","0","0","5","0","0","0","0","0","0","0"
"888","契约大厅","119","64","0","4","0","0","0","0","0","0","0"
"889","禁魔监狱","109","64","0","4","0","0","0","0","0","0","0"
"890","禁魔监狱","109","64","0","4","0","0","0","0","0","0","0"
"891","秘蓝岛","12","64","0","4","0","0","0","0","0","0","0"
"892","秘蓝岛","891","64","0","4","0","0","0","0","0","0","0"
"893","秘蓝岛","891","64","0","4","0","0","0","0","0","0","0"
"894","秘蓝岛","891","64","0","4","0","0","0","0","0","0","0"
"895","提拉加德海峡","876","6","0","3","10","1","0","0","0","0","186"
"896","德鲁斯瓦","876","6","0","3","10","1","0","0","0","0","187"
"897","克罗米之死","113","64","0","4","0","0","0","0","0","0","0"
"898","克罗米之死","897","64","0","4","0","0","0","0","0","0","0"
"899","克罗米之死","897","64","0","4","0","0","0","0","0","0","0"
"900","克罗米之死","897","64","0","4","0","0","0","0","0","0","0"
"901","克罗米之死","897","64","0","4","0","0","0","0","0","0","0"
"902","克罗米之死","897","64","0","4","0","0","0","0","0","0","0"
"903","执政团之座","882","64","0","6","0","0","0","0","0","0","0"
"904","希利苏斯角斗场","81","0","0","6","0","0","0","0","0","0","0"
"905","阿古斯","619","1024","0","2","0","3","0","0","0","0","337"
"906","阿拉希高地","13","0","0","6","0","0","0","0","0","0","0"
"907","涌泉海滩","12","0","0","6","0","0","0","0","0","0","0"
"908","洛丹伦废墟","13","0","0","6","0","0","0","0","0","0","0"
"909","安托鲁斯，燃烧王座","885","64","0","4","0","0","0","0","0","0","0"
"910","安托鲁斯，燃烧王座","909","64","0","4","0","0","0","0","0","0","0"
"911","安托鲁斯，燃烧王座","909","64","0","4","0","0","0","0","0","0","0"
"912","安托鲁斯，燃烧王座","909","64","0","4","0","0","0","0","0","0","0"
"913","安托鲁斯，燃烧王座","909","64","0","4","0","0","0","0","0","0","0"
"914","安托鲁斯，燃烧王座","909","64","0","4","0","0","0","0","0","0","0"
"915","安托鲁斯，燃烧王座","909","64","0","4","0","0","0","0","0","0","0"
"916","安托鲁斯，燃烧王座","909","64","0","4","0","0","0","0","0","0","0"
"917","安托鲁斯，燃烧王座","909","64","0","4","0","0","0","0","0","0","0"
"918","安托鲁斯，燃烧王座","909","64","0","4","0","0","0","0","0","0","0"
"919","安托鲁斯，燃烧王座","909","64","0","4","0","0","0","0","0","0","0"
"920","安托鲁斯，燃烧王座","909","64","0","4","0","0","0","0","0","0","0"
"921","侵入点：奥雷诺","905","0","0","6","0","0","0","0","0","0","0"
"922","侵入点：博尼克","905","0","0","6","0","0","0","0","0","0","0"
"923","侵入点：森加","905","0","0","6","0","0","0","0","0","0","0"
"924","侵入点：奈格塔尔","905","0","0","6","0","0","0","0","0","0","0"
"925","侵入点：萨古亚","905","0","0","6","0","0","0","0","0","0","0"
"926","侵入点：瓦尔","905","0","0","6","0","0","0","0","0","0","0"
"927","大型侵入点：深渊领主维尔姆斯","905","0","0","6","0","0","0","0","0","0","0"
"928","大型侵入点：妖女奥露拉黛儿","905","0","0","6","0","0","0","0","0","0","0"
"929","大型侵入点：主母芙努娜","905","0","0","6","0","0","0","0","0","0","0"
"930","大型侵入点：审判官梅托","905","0","0","6","0","0","0","0","0","0","0"
"931","大型侵入点：索塔纳索尔","905","0","0","6","0","0","0","0","0","0","0"
"932","大型侵入点：奥库拉鲁斯","905","0","0","6","0","0","0","0","0","0","0"
"933","万世熔炉","572","0","0","6","0","0","0","0","0","0","0"
"934","阿塔达萨","862","64","0","4","0","0","0","0","0","0","0"
"935","阿塔达萨","862","64","0","4","0","0","0","0","0","0","0"
"936","自由镇","895","64","0","4","0","0","0","0","0","0","0"
"938","吉尔尼斯岛","947","0","0","6","0","0","0","0","0","0","0"
"939","Tropical Isle 8.0","947","0","0","6","0","0","0","0","0","0","0"
"940","维迪卡尔","830","64","0","4","0","0","0","0","0","0","0"
"941","维迪卡尔","830","64","0","4","0","0","0","0","0","0","0"
"942","斯托颂谷地","876","6","0","3","10","1","0","74497","0","0","188"
"943","阿拉希高地","13","2","0","6","0","4","0","0","0","0","0"
"946","宇宙","0","384","0","0","0","0","0","0","0","0","0"
"947","艾泽拉斯","946","256","0","1","0","0","0","0","0","0","0"
"948","大漩涡","947","0","0","2","0","0","0","0","0","0","0"
"971","泰洛古斯裂隙","619","4","0","6","0","0","0","0","0","0","0"
"972","泰洛古斯裂隙","619","4","0","6","0","0","0","0","0","0","0"
"973","太阳之井","335","64","0","4","0","0","0","0","0","0","0"
"974","托尔达戈","895","68","0","6","0","0","0","0","0","0","0"
"975","托尔达戈","895","64","0","4","0","0","0","0","0","0","0"
"976","托尔达戈","895","64","0","4","0","0","0","0","0","0","0"
"977","托尔达戈","895","64","0","4","0","0","0","0","0","0","0"
"978","托尔达戈","895","64","0","4","0","0","0","0","0","0","0"
"979","托尔达戈","895","64","0","4","0","0","0","0","0","0","0"
"980","托尔达戈","895","64","0","4","0","0","0","0","0","0","0"
"981","安戈尔废墟","947","4","0","6","0","0","0","0","0","0","0"
"985","东部王国","0","4","1","2","0","0","0","0","0","0","0"
"986","卡利姆多","0","4","1","2","0","0","0","0","0","0","0"
"987","外域","0","4","1","2","0","0","0","0","0","0","0"
"988","诺森德","0","4","1","2","0","0","0","0","0","0","0"
"989","潘达利亚","0","4","1","2","0","0","0","0","0","0","0"
"990","德拉诺","0","4","1","2","0","0","0","0","0","0","0"
"991","赞达拉","0","4","1","2","0","0","0","0","0","0","0"
"992","库尔提拉斯","0","4","1","2","0","0","0","0","0","0","0"
"993","破碎群岛","0","4","2","2","0","0","0","0","5350","0","0"
"994","阿古斯","0","4","2","2","0","0","0","74499","5350","0","0"
"997","提瑞斯法林地","0","0","0","3","0","0","0","0","0","0","0"
"998","幽暗城","908","6","0","3","0","0","0","0","0","0","0"
"1004","诸王之眠","862","64","0","4","0","0","0","0","0","0","0"
"1009","阿图阿曼","864","0","0","5","0","0","0","0","0","0","0"
"1010","暴富矿区！！","194","64","0","3","0","0","0","0","0","0","0"
"1011","赞达拉","0","4","2","2","0","0","0","0","5350","0","0"
"1012","暴风城","13","0","0","6","0","0","0","0","0","0","0"
"1013","监狱","13","0","0","6","0","0","0","0","0","0","0"
"1014","库尔提拉斯","0","4","2","2","0","0","0","0","5350","0","0"
"1015","维克雷斯庄园","896","64","0","4","0","0","0","0","0","0","0"
"1016","维克雷斯庄园","896","64","0","4","0","0","0","0","0","0","0"
"1017","维克雷斯庄园","896","64","0","4","0","0","0","0","0","0","0"
"1018","维克雷斯庄园","896","64","0","4","0","0","0","0","0","0","0"
"1021","心之秘室","81","64","0","4","0","0","0","0","0","0","0"
"1022","神秘海岛","0","0","0","3","0","0","0","0","0","0","0"
"1029","维克雷斯庄园","896","64","0","4","0","0","0","0","0","0","0"
"1030","格雷迈恩庄园","217","0","0","5","0","0","0","0","0","0","0"
"1031","格雷迈恩庄园","179","0","0","5","0","0","0","0","0","0","0"
"1032","飞掠谷","0","0","0","3","0","0","0","0","0","0","0"
"1033","腐化泥沼","0","0","0","3","0","0","0","0","0","0","0"
"1034","青翠荒野","0","0","0","3","0","0","0","0","0","0","0"
"1035","熔火海礁","0","0","0","3","0","0","0","0","0","0","0"
"1036","恐惧群岛","0","0","0","3","0","0","0","0","0","0","0"
"1037","低语堡礁","0","0","0","3","0","0","0","0","0","0","0"
"1038","塞塔里斯神庙","864","64","0","4","0","0","0","0","0","0","0"
"1039","风暴神殿","942","64","0","3","0","0","0","0","0","0","0"
"1040","风暴神殿","942","64","0","4","0","0","0","0","0","0","0"
"1041","地渊孢林","863","64","0","3","0","0","0","0","0","0","0"
"1042","地渊孢林","863","64","0","4","0","0","0","0","0","0","0"
"1043","塞塔里斯神庙","864","64","0","4","0","0","0","0","0","0","0"
"1044","阿拉希高地","13","2","0","6","0","4","0","0","0","0","1206"
"1045","兹洛斯，枯败之界","896","64","0","4","0","0","0","74497","0","0","0"
"1148","奥迪尔","863","64","0","4","0","0","0","0","0","0","0"
"1149","奥迪尔","863","64","0","4","0","0","0","0","0","0","0"
"1150","奥迪尔","863","64","0","4","0","0","0","0","0","0","0"
"1151","奥迪尔","863","64","0","4","0","0","0","0","0","0","0"
"1152","奥迪尔","863","64","0","4","0","0","0","0","0","0","0"
"1153","奥迪尔","863","64","0","4","0","0","0","0","0","0","0"
"1154","奥迪尔","863","64","0","4","0","0","0","0","0","0","0"
"1155","奥迪尔","863","64","0","4","0","0","0","0","0","0","0"
"1156","无尽之海","947","0","0","6","0","0","0","0","0","0","0"
"1157","无尽之海","947","0","0","6","0","0","0","0","0","0","0"
"1158","阿拉希高地","0","0","0","3","0","0","0","0","0","0","0"
"1159","黑石深渊","32","64","0","4","0","0","0","0","0","0","0"
"1160","黑石深渊","32","64","0","4","0","0","0","0","0","0","0"
"1161","伯拉勒斯","895","4","0","3","10","0","0","0","0","0","0"
"1162","围攻伯拉勒斯","895","64","0","4","0","0","0","0","0","0","0"
"1163","达萨罗","1165","0","0","5","0","0","0","0","0","0","0"
"1164","达萨罗","1165","0","0","5","0","0","0","0","0","0","0"
"1165","达萨罗","862","4","0","3","10","0","0","74497","0","0","0"
"1166","赞枢尔","1165","64","0","4","0","0","0","0","0","0","0"
"1167","赞枢尔","1165","64","0","4","0","0","0","0","0","0","0"
"1169","托尔达戈","876","4","0","3","0","0","0","0","0","0","1227"
"1170","Gorgrond - Mag'har Scenario","0","0","0","3","0","0","0","0","0","0","0"
"1171","戈尔托瓦斯","895","0","0","5","0","0","0","0","0","0","0"
"1172","戈尔托瓦斯","895","0","0","5","0","0","0","0","0","0","0"
"1173","拉斯塔哈之力号","862","0","0","5","0","0","0","0","0","0","0"
"1174","拉斯塔哈之力号","862","0","0","5","0","0","0","0","0","0","0"
"1176","帕库之息号","862","0","0","5","0","0","0","0","0","0","0"
"1177","帕库之息号","862","64","0","4","0","0","0","0","0","0","0"
"1179","深渊之歌号","942","0","0","5","0","0","0","0","0","0","0"
"1180","深渊之歌号","942","0","0","5","0","0","0","0","0","0","0"
"1181","祖达萨","875","4098","0","6","0","5","0","0","0","0","189"
"1182","盐石矿洞","942","64","0","4","0","0","0","0","0","0","0"
"1183","荆棘之心","942","64","0","4","0","0","0","0","0","0","0"
"1184","冬寒矿洞","895","0","0","5","0","0","0","0","0","0","0"
"1185","冬寒矿洞","895","0","0","5","0","0","0","0","0","0","0"
"1186","黑石深渊","32","64","0","4","0","0","0","0","0","0","0"
"1187","阿苏纳","993","0","2","3","0","1","0","0","0","0","0"
"1188","瓦尔莎拉","993","0","2","3","0","1","0","0","0","0","0"
"1189","至高岭","993","0","2","3","0","1","0","0","0","0","0"
"1190","风暴峡湾","993","0","2","3","0","1","0","0","0","0","0"
"1191","苏拉玛","993","0","2","3","0","3","0","0","0","0","0"
"1192","破碎海滩","993","0","2","3","0","1","0","0","0","0","0"
"1193","祖达萨","1011","0","2","3","10","1","0","0","0","0","0"
"1194","纳兹米尔","1011","0","2","3","10","3","0","0","0","0","0"
"1195","沃顿","1011","0","2","3","10","1","0","0","0","0","0"
"1196","提拉加德海峡","1014","0","2","3","10","1","0","0","0","0","0"
"1197","德鲁斯瓦","1014","0","2","3","10","1","0","0","0","0","0"
"1198","斯托颂谷地","1014","0","2","3","10","1","0","74497","0","0","0"
"1203","黑海岸","12","0","0","6","0","0","0","0","0","0","0"
"1208","东部王国","0","4","2","2","0","0","0","0","5350","0","0"
"1209","卡利姆多","0","4","2","2","0","0","0","0","5350","0","0"
"1244","阿拉希高地","1208","0","2","3","0","0","0","0","0","0","0"
"1245","荒芜之地","1208","0","2","3","0","0","0","0","0","0","0"
"1246","诅咒之地","1208","0","2","3","0","0","0","0","0","0","0"
"1247","提瑞斯法林地","1208","0","2","3","0","0","0","0","0","0","0"
"1248","银松森林","1208","0","2","3","0","0","0","0","0","0","0"
"1249","西瘟疫之地","1208","0","2","3","0","0","0","0","0","0","0"
"1250","东瘟疫之地","1208","0","2","3","0","0","0","0","0","0","0"
"1251","希尔斯布莱德丘陵","1208","0","2","3","0","0","0","0","0","0","0"
"1252","辛特兰","1208","0","2","3","0","0","0","0","0","0","0"
"1253","丹莫罗","1208","0","2","3","0","0","0","0","0","0","0"
"1254","灼热峡谷","1208","0","2","3","0","0","0","0","0","0","0"
"1255","燃烧平原","1208","0","2","3","0","0","0","0","0","0","0"
"1256","艾尔文森林","1208","0","2","3","0","0","0","0","0","0","0"
"1257","逆风小径","1208","0","2","3","0","0","0","0","0","0","0"
"1258","暮色森林","1208","0","2","3","0","0","0","0","0","0","0"
"1259","洛克莫丹","1208","0","2","3","0","0","0","0","0","0","0"
"1260","赤脊山","1208","0","2","3","0","0","0","0","0","0","0"
"1261","悲伤沼泽","1208","0","2","3","0","0","0","0","0","0","0"
"1262","西部荒野","1208","0","2","3","0","0","0","0","0","0","0"
"1263","湿地","1208","0","2","3","0","0","0","0","0","0","0"
"1264","暴风城","1208","0","2","3","0","0","0","0","0","0","0"
"1265","铁炉堡","1208","0","2","3","0","0","0","0","0","0","0"
"1266","幽暗城","1208","0","2","3","0","0","0","0","0","0","0"
"1267","永歌森林","1208","0","2","3","0","0","0","0","0","0","0"
"1268","幽魂之地","1208","0","2","3","0","0","0","0","0","0","0"
"1269","银月城","1208","0","2","3","0","0","0","0","0","0","0"
"1270","奎尔丹纳斯岛","1208","0","2","3","0","0","0","0","0","0","0"
"1271","吉尔尼斯","1208","0","2","3","0","0","0","0","0","0","0"
"1272","瓦丝琪尔","1208","0","2","3","0","0","0","0","0","0","0"
"1273","吉尔尼斯废墟","1208","0","2","3","0","0","0","0","0","0","0"
"1274","荆棘谷","1208","0","2","3","0","0","0","0","0","0","0"
"1275","暮光高地","1208","0","2","3","0","0","0","0","0","0","0"
"1276","托尔巴拉德","1208","0","2","3","0","0","0","0","0","0","0"
"1277","托尔巴拉德半岛","1208","0","2","3","0","0","0","0","0","0","0"
"1305","杜隆塔尔","1209","0","2","3","0","0","0","0","0","0","0"
"1306","莫高雷","1209","0","2","3","0","0","0","0","0","0","0"
"1307","北贫瘠之地","1209","0","2","3","0","0","0","0","0","0","0"
"1308","泰达希尔","1209","0","2","3","0","0","0","0","0","0","0"
"1309","黑海岸","1209","0","2","3","0","0","0","0","0","0","0"
"1310","灰谷","1209","0","2","3","0","0","0","0","0","0","0"
"1311","千针石林","1209","0","2","3","0","0","0","0","0","0","0"
"1312","石爪山脉","1209","0","2","3","0","0","0","0","0","0","0"
"1313","凄凉之地","1209","0","2","3","0","0","0","0","0","0","0"
"1314","菲拉斯","1209","0","2","3","0","0","0","0","0","0","0"
"1315","尘泥沼泽","1209","0","2","3","0","0","0","0","0","0","0"
"1316","塔纳利斯","1209","0","2","3","0","0","0","0","0","0","0"
"1317","艾萨拉","1209","0","2","3","0","0","0","0","0","0","0"
"1318","费伍德森林","1209","0","2","3","0","0","0","0","0","0","0"
"1319","安戈洛环形山","1209","0","2","3","0","0","0","0","0","0","0"
"1320","月光林地","1209","0","2","3","0","0","0","0","0","0","0"
"1321","希利苏斯","1209","0","2","3","0","0","0","0","0","0","0"
"1322","冬泉谷","1209","0","2","3","0","0","0","0","0","0","0"
"1323","雷霆崖","1209","0","2","3","0","0","0","0","0","0","0"
"1324","达纳苏斯","1209","0","2","3","0","0","0","0","0","0","0"
"1325","秘蓝岛","1209","0","2","3","0","0","0","0","0","0","0"
"1326","埃索达","1209","0","2","3","0","0","0","0","0","0","0"
"1327","秘血岛","1209","0","2","3","0","0","0","0","0","0","0"
"1328","海加尔山","1209","0","2","3","0","0","0","0","0","0","0"
"1329","南贫瘠之地","1209","0","2","3","0","0","0","0","0","0","0"
"1330","奥丹姆","1209","0","2","3","0","0","0","0","0","0","0"
"1331","埃索达","1209","0","2","3","0","0","0","0","0","0","0"
"1332","黑海岸","12","0","0","6","0","0","0","0","0","0","0"
"1333","黑海岸","12","0","0","6","0","0","0","0","0","0","733"
"1334","冬拥湖","0","0","0","3","0","0","0","0","0","0","0"
"1335","碟中碟","0","0","0","3","0","0","0","0","0","0","0"
"1336","湾林镇","0","0","0","3","0","0","0","0","0","0","0"
"1337","约伦达尔","0","0","0","3","0","0","0","0","0","0","0"
"1338","黑海岸","12","0","0","6","0","0","0","0","0","0","0"
"1339","战歌峡谷","10","0","0","3","0","0","0","0","0","0","0"
"1343","8.1 Darkshore Outdoor Final Phase","0","0","0","6","0","1","0","74497","0","0","0"
"1345","风暴熔炉","942","0","0","4","0","0","0","0","0","0","0"
"1346","风暴熔炉","942","0","0","4","0","0","0","0","0","0","0"
"1347","赞达拉珍宝间","0","0","0","3","0","0","0","0","0","0","0"
"1348","赞达拉珍宝间","862","0","0","4","0","0","0","0","0","0","0"
"1349","托尔达戈","895","68","0","6","0","0","0","0","0","0","0"
"1350","托尔达戈","895","64","0","4","0","0","0","0","0","0","0"
"1351","托尔达戈","895","64","0","4","0","0","0","0","0","0","0"
"1352","达萨罗之战","862","0","0","4","0","5","0","0","0","0","0"
"1353","达萨罗之战","862","0","0","4","0","5","0","0","0","0","0"
"1354","达萨罗之战","862","0","0","4","0","5","0","0","0","0","0"
"1355","纳沙塔尔","947","6","0","3","10","1","0","0","0","0","690"
"1356","达萨罗之战","862","0","0","4","0","5","0","0","0","0","0"
"1357","达萨罗之战","862","0","0","4","0","5","0","0","0","0","0"
"1358","达萨罗之战","862","0","0","4","0","5","0","0","0","0","0"
"1359","冰冠堡垒","118","64","0","4","0","0","0","0","0","0","0"
"1360","冰冠堡垒","118","64","0","4","0","0","0","0","0","0","0"
"1361","旧铁炉堡","87","0","0","4","0","0","0","0","0","0","0"
"1362","风暴神殿","0","0","0","3","0","0","0","0","0","0","0"
"1363","风暴熔炉","942","0","0","4","0","0","0","0","0","0","0"
"1364","达萨罗之战","862","2","0","4","0","5","0","0","0","0","0"
"1366","阿拉希盆地","0","0","0","6","0","0","0","0","0","0","0"
"1367","达萨罗之战","862","128","0","4","0","5","0","0","0","0","0"
"1371","诺莫瑞根A","27","0","0","4","0","0","0","0","0","0","0"
"1372","诺莫瑞根B","27","0","0","4","0","0","0","0","0","0","0"
"1374","诺莫瑞根D","27","0","0","4","0","0","0","0","0","0","0"
"1375","岩石大厅","120","0","0","4","0","0","0","0","0","0","0"
"1379","8.3 Visions of N'Zoth - Prototype","0","0","0","3","0","0","0","0","0","0","0"
"1380","诺莫瑞根C","27","0","0","4","0","0","0","0","0","0","0"
"1381","奥迪尔","863","0","0","4","0","0","0","0","0","0","0"
"1382","奥迪尔","863","0","0","4","0","0","0","0","0","0","0"
"1383","阿拉希盆地","14","0","0","6","0","0","0","0","0","0","0"
"1384","诺森德","0","4","2","2","0","4","0","0","5350","0","0"
"1396","北风苔原","1384","0","2","3","0","0","0","0","0","0","0"
"1397","龙骨荒野","1384","0","2","3","0","0","0","0","0","0","0"
"1398","灰熊丘陵","1384","0","2","3","0","0","0","0","0","0","0"
"1399","嚎风峡湾","1384","0","2","3","0","0","0","0","0","0","0"
"1400","冰冠冰川","1384","0","2","3","0","0","0","0","0","0","0"
"1401","索拉查盆地","1384","0","2","3","0","0","0","0","0","0","0"
"1402","风暴峭壁","1384","0","2","3","0","0","0","0","0","0","0"
"1403","祖达克","1384","0","2","3","0","0","0","0","0","0","0"
"1404","冬拥湖","1384","0","2","3","0","0","0","0","0","0","0"
"1405","晶歌森林","1384","0","2","3","0","0","0","0","0","0","0"
"1406","洛斯加尔登陆点","1384","0","2","3","0","0","0","0","0","0","0"
"1407","墨水监狱","896","0","0","4","0","0","0","0","0","0","0"
"1408","阿什兰","0","0","0","3","0","0","0","0","0","0","0"
"1409","流放者离岛","0","0","0","6","0","0","0","0","0","0","0"
"1462","麦卡贡岛","876","6","0","3","0","3","0","0","0","0","713"
"1465","血色大厅","18","0","0","4","0","5","0","0","0","0","0"
"1467","外域","0","4","2","2","0","0","0","0","5350","0","0"
"1468","梦境林地","641","0","0","6","0","0","0","0","0","0","0"
"1469","奥格瑞玛的幻象","12","0","0","6","0","0","0","0","0","0","0"
"1470","暴风城的幻象","13","0","0","6","0","0","0","0","0","0","0"
"1471","翡翠梦境之路","747","0","0","6","0","0","0","0","0","0","0"
"1472","巨龙之脊","650","0","0","6","0","0","0","0","0","0","0"
"1473","心之秘室","81","64","0","4","10","0","0","74497","0","0","0"
"1474","大漩涡 - 艾泽拉斯之心","948","0","0","6","0","0","0","0","0","0","0"
"1475","翡翠梦境","747","0","0","6","0","0","0","0","0","0","0"
"1476","暮光高地","13","0","0","6","0","0","0","0","0","0","0"
"1478","阿什兰","572","0","0","6","0","0","0","0","0","0","0"
"1479","营救贝恩","556","0","0","6","0","0","0","0","0","0","0"
"1490","麦卡贡","876","0","0","4","0","5","0","0","0","0","0"
"1491","麦卡贡","876","0","0","4","0","5","0","0","0","0","0"
"1493","麦卡贡","876","0","0","4","0","5","0","0","0","0","0"
"1494","麦卡贡","876","0","0","4","0","5","0","0","0","0","0"
"1497","麦卡贡","876","0","0","4","0","5","0","0","0","0","0"
"1499","","1355","0","0","5","0","0","0","74498","0","0","0"
"1500","","1355","0","0","5","0","0","0","0","0","0","0"
"1501","潮落岛","876","0","0","6","0","0","0","0","0","0","0"
"1502","琼花村","424","0","0","6","0","0","0","0","0","0","0"
"1504","纳沙塔尔","0","4","2","2","0","4","0","0","5350","0","0"
"1505","斯坦索姆","23","0","0","4","0","0","0","0","0","0","0"
"1512","永恒王宫","1355","0","0","4","0","0","0","0","0","0","0"
"1513","永恒王宫","1355","0","0","4","0","0","0","0","0","0","0"
"1514","永恒王宫","1355","0","0","4","0","0","0","0","0","0","0"
"1515","永恒王宫","1355","0","0","4","0","0","0","0","0","0","0"
"1516","永恒王宫","1355","0","0","4","0","0","0","0","0","0","0"
"1517","永恒王宫","1355","0","0","4","0","0","0","0","0","0","0"
"1518","永恒王宫","1355","0","0","4","0","0","0","0","0","0","0"
"1519","永恒王宫","1355","0","0","4","0","0","0","0","0","0","0"
"1520","永恒王宫","1355","0","0","4","0","0","0","0","0","0","0"
"1521","卡拉赞墓穴","0","0","0","6","0","0","0","0","0","0","0"
"1522","崩塌的洞穴","1462","0","0","5","0","0","0","0","0","0","0"
"1524","","1355","0","0","5","0","0","0","0","0","0","0"
"1525","雷文德斯","1550","6","0","3","0","0","0","0","0","0","746"
"1527","奥丹姆","12","326","0","3","10","0","75731","0","0","1","703"
"1528","纳沙塔尔","947","68","0","6","0","0","0","74499","0","0","0"
"1530","锦绣谷","424","70","0","3","10","1","71889","0","0","2","703"
"1531","渣客城","194","64","0","6","0","0","0","0","0","0","0"
"1532","渣客城","194","0","0","6","0","4","0","74500","0","0","0"
"1533","晋升堡垒","1550","6","0","3","0","0","0","0","0","0","743"
"1536","玛卓克萨斯","1550","6","0","3","0","4","0","74500","0","0","745"
"1537","奥特兰克山谷","25","0","0","6","0","0","0","0","0","0","0"
"1538","黑翼血环","36","0","0","4","0","0","0","0","0","0","0"
"1539","黑翼血环","36","0","0","4","0","0","0","0","0","0","0"
"1540","起源大厅","249","0","0","4","0","0","0","0","0","0","0"
"1541","起源大厅","249","0","0","4","0","0","0","0","0","0","0"
"1542","起源大厅","249","0","0","4","0","0","0","0","0","0","0"
"1543","噬渊","1550","6","0","3","0","0","0","0","0","0","742"
"1544","魔古山宫殿","390","0","0","4","0","0","0","0","0","0","0"
"1545","魔古山宫殿","390","0","0","4","0","0","0","0","0","0","0"
"1546","魔古山宫殿","390","0","0","4","0","0","0","0","0","0","0"
"1547","魔古山宝库","390","0","0","4","0","0","0","0","0","0","0"
"1548","魔古山宝库","390","0","0","4","0","0","0","0","0","0","0"
"1549","魔古山宝库","390","0","0","4","0","0","0","0","0","0","0"
"1550","暗影界","946","2304","0","2","0","0","0","0","0","0","0"
"1552","时光之穴","71","0","0","4","0","0","0","0","0","0","0"
"1553","时光之穴","71","0","0","4","0","0","0","0","0","0","0"
"1554","毒蛇神殿","102","0","0","4","0","0","0","0","0","0","0"
"1555","风暴要塞","109","0","0","4","0","0","0","0","0","0","0"
"1556","海加尔峰","198","0","0","6","0","0","0","0","0","0","0"
"1557","纳克萨玛斯","23","0","0","4","0","0","0","0","0","0","0"
"1558","冰冠堡垒","118","0","0","6","0","0","0","0","0","0","0"
"1559","暮光堡垒","241","0","0","6","0","0","0","0","0","0","0"
"1560","黑翼之巢","36","0","0","6","0","0","0","0","0","0","0"
"1561","火焰之地","367","0","0","6","0","0","0","0","0","0","0"
"1563","十字军的试练","118","0","0","6","0","0","0","0","0","0","0"
"1565","炽蓝仙野","1550","6","0","3","0","0","0","0","0","0","744"
"1569","晋升堡垒","1647","16384","2","3","0","0","0","0","0","0","0"
"1570","锦绣谷","424","0","0","6","0","0","73968","0","0","4","0"
"1571","奥丹姆","12","70","0","6","0","0","74633","0","0","3","0"
"1573","麦卡贡市","876","0","0","4","0","0","0","0","0","0","0"
"1574","麦卡贡市","876","0","0","4","0","0","0","0","0","0","0"
"1576","深风峡谷","376","0","0","6","0","0","0","0","0","0","0"
"1577","吉尔尼斯城","13","0","0","3","0","0","0","0","0","0","0"
"1578","黑石深渊","32","0","0","4","0","0","0","0","0","0","0"
"1579","能量池","1530","0","0","5","0","0","0","0","0","0","0"
"1580","尼奥罗萨","947","0","0","4","0","0","0","0","0","0","0"
"1581","尼奥罗萨","947","0","0","4","0","0","0","0","0","0","0"
"1582","尼奥罗萨","947","0","0","4","0","0","0","0","0","0","0"
"1590","尼奥罗萨","947","0","0","4","0","0","0","0","0","0","0"
"1591","尼奥罗萨","947","0","0","4","0","0","0","0","0","0","0"
"1592","尼奥罗萨","947","0","0","4","0","0","0","0","0","0","0"
"1593","尼奥罗萨","947","0","0","4","0","0","0","0","0","0","0"
"1594","尼奥罗萨","947","0","0","4","0","0","0","0","0","0","0"
"1595","尼奥罗萨","947","0","0","4","0","0","0","0","0","0","0"
"1596","尼奥罗萨","947","0","0","4","0","0","0","0","0","0","0"
"1597","尼奥罗萨","947","0","0","4","0","0","0","0","0","0","0"
"1600","亚煞极地窟","1530","0","0","5","0","0","0","0","0","0","0"
"1602","冰冠堡垒","118","0","0","4","0","0","0","0","0","0","0"
"1603","炽蓝仙野","1550","68","0","6","0","0","0","0","0","0","0"
"1604","心之秘室","81","64","0","4","0","0","0","0","0","0","0"
"1609","暗槌堡垒","1409","0","0","4","0","0","0","0","0","0","0"
"1610","暗槌堡垒","1409","0","0","4","0","0","0","0","0","0","0"
"1611","Dark Citadel","0","0","0","4","0","0","0","0","0","0","0"
"1614","JT_New_A","0","0","0","4","0","0","0","0","0","0","0"
"1615","托加斯特","1543","0","0","6","0","0","0","0","0","0","0"
"1616","托加斯特","1543","0","0","6","0","0","0","0","0","0","0"
"1617","托加斯特","1543","0","0","6","0","0","0","0","0","0","0"
"1618","托加斯特","1543","2","0","6","0","0","0","0","0","0","0"
"1619","托加斯特","1543","2","0","6","0","0","0","0","0","0","0"
"1620","托加斯特","1543","2","0","6","0","0","0","0","0","0","0"
"1621","托加斯特","1543","2","0","6","0","0","0","0","0","0","0"
"1623","托加斯特","1543","2","0","6","0","0","0","0","0","0","0"
"1624","托加斯特","1543","2","0","6","0","0","0","0","0","0","0"
"1627","托加斯特","1543","2","0","6","0","0","0","0","0","0","0"
"1628","托加斯特","1543","2","0","6","0","4","0","74500","0","0","0"
"1629","托加斯特","1543","2","0","6","0","0","0","0","0","0","0"
"1630","托加斯特","1543","2","0","6","0","0","0","0","0","0","0"
"1631","托加斯特","1543","2","0","6","0","0","0","0","0","0","0"
"1632","托加斯特","1543","2","0","6","0","0","0","0","0","0","0"
"1635","托加斯特","1543","2","0","6","0","0","0","0","0","0","0"
"1636","托加斯特","1543","2","0","6","0","0","0","0","0","0","0"
"1641","托加斯特","1543","2","0","6","0","0","0","0","0","0","0"
"1642","瓦尔莎拉","619","0","0","6","0","0","0","0","0","0","332"
"1643","炽蓝仙野","0","0","2","3","0","0","0","0","0","0","0"
"1644","灰烬王庭","1525","0","0","6","0","0","0","74497","0","0","0"
"1645","托加斯特","0","4","2","2","0","0","0","0","5350","0","0"
"1647","暗影界","0","8192","2","2","0","0","0","74497","5350","0","0"
"1648","噬渊","1550","70","0","6","0","0","0","0","0","0","742"
"1649","以太地窟","1536","0","0","5","0","0","0","0","0","0","0"
"1650","盲眼堡垒","1536","0","0","5","0","0","0","0","0","0","0"
"1651","熔火之炉","1536","0","0","5","0","0","0","0","0","0","0"
"1652","千魂窖","1536","0","0","5","0","0","0","0","0","0","0"
"1656","Torghast - Map Floor 10 [Deprecated]","1550","0","0","6","0","0","0","0","0","0","0"
"1658","Alpha_TG_R02","0","0","0","4","0","0","0","0","0","0","0"
"1659","Alpha_TG_R03","1550","0","0","4","0","0","0","0","0","0","0"
"1661","Alpha_TG_R05","1550","0","0","4","0","0","0","0","0","0","0"
"1662","女王的温室","1565","0","0","6","0","0","0","0","0","0","0"
"1663","赎罪大厅","1525","0","0","4","0","0","0","0","0","0","0"
"1664","赎罪大厅","1525","0","0","4","0","0","0","0","0","0","0"
"1665","赎罪大厅","1525","0","0","4","0","0","0","0","0","0","0"
"1666","通灵战潮","0","0","0","4","0","0","0","0","0","0","0"
"1667","通灵战潮","1533","128","0","4","0","0","0","0","0","0","0"
"1668","通灵战潮","1533","128","0","4","0","0","0","0","0","0","0"
"1669","塞兹仙林的迷雾","1565","0","0","4","0","0","0","0","0","0","0"
"1670","奥利波斯","1550","32772","0","4","0","0","0","0","0","0","0"
"1671","奥利波斯","1550","4","0","4","0","0","0","0","0","0","0"
"1672","奥利波斯","1550","0","0","4","0","0","0","0","0","0","0"
"1673","奥利波斯","1550","0","0","4","0","0","0","0","0","0","0"
"1674","凋魂之殇","1536","0","0","4","0","0","0","0","0","0","0"
"1675","赤红深渊","1525","0","0","4","0","0","0","0","0","0","0"
"1676","赤红深渊","1525","0","0","4","0","0","0","0","0","0","0"
"1677","彼界","1565","0","0","4","0","0","0","0","0","0","0"
"1678","彼界","1565","0","0","4","0","0","0","0","0","0","0"
"1679","彼界","1565","0","0","4","0","0","0","0","0","0","0"
"1680","彼界","1565","0","0","4","0","0","0","0","0","0","0"
"1681","冰冠堡垒","118","0","0","4","0","0","0","0","0","0","0"
"1682","冰冠堡垒","118","0","0","4","0","0","0","0","0","0","0"
"1683","伤逝剧场","1536","0","0","4","0","0","0","0","0","0","0"
"1684","伤逝剧场","1536","0","0","4","0","0","0","0","0","0","0"
"1685","伤逝剧场","1536","0","0","4","0","0","0","0","0","0","0"
"1686","伤逝剧场","1536","0","0","4","0","0","0","0","0","0","0"
"1687","伤逝剧场","1536","0","0","4","0","0","0","0","0","0","0"
"1688","雷文德斯","1550","2","0","6","0","0","0","0","0","0","0"
"1689","玛卓克萨斯","1550","4162","0","6","0","0","0","0","0","0","0"
"1690","候选者居所","1533","0","0","5","0","0","0","0","0","0","0"
"1691","破碎林地","905","0","0","6","0","0","0","0","0","0","0"
"1692","晋升高塔","1533","0","0","4","0","0","0","0","0","0","0"
"1693","晋升高塔","1533","0","0","4","0","0","0","0","0","0","0"
"1694","晋升高塔","1533","0","0","4","0","0","0","0","0","0","0"
"1695","晋升高塔","1533","0","0","4","0","0","0","0","0","0","0"
"1697","凋魂之殇","1536","0","0","4","0","0","0","0","0","0","0"
"1698","兵主之座","1536","64","0","4","0","0","0","0","0","0","0"
"1699","堕罪堡","1525","68","0","4","0","0","0","0","0","0","0"
"1700","堕罪堡","1525","0","0","4","0","0","0","0","0","0","0"
"1701","森林之心","1565","4","0","4","0","0","0","0","0","0","0"
"1702","森林之心","1565","0","0","4","0","0","0","0","0","0","0"
"1703","森林之心","1565","0","0","4","0","0","0","0","0","0","0"
"1705","托加斯特 -  入口","0","0","0","6","0","0","0","0","0","0","0"
"1707","极乐堡","1533","0","0","4","0","0","0","0","0","0","0"
"1708","极乐堡","1533","0","0","4","0","0","0","0","0","0","0"
"1709","炽蓝仙野","1565","0","0","6","0","0","0","0","0","0","0"
"1711","晋升角斗场","1533","0","0","6","0","0","0","0","0","0","0"
"1712","托加斯特","1543","2","0","6","0","0","0","0","0","0","0"
"1713","智慧之路","1533","0","0","5","0","0","0","0","0","0","0"
"1714","卡莉娥佩的第三个厅室","1533","0","0","5","0","0","0","0","0","0","0"
"1715","永恒前庭","905","0","0","6","0","0","0","0","0","0","0"
"1716","托加斯特","1543","2","3","6","0","0","0","0","0","0","0"
"1717","冷锋之地","905","0","0","6","0","0","0","0","0","0","0"
"1720","Covenant_Ard_Torghast","1543","0","0","4","0","0","0","0","0","0","0"
"1721","托加斯特","1543","2","0","6","0","0","0","0","0","0","0"
"1724","沃崔克西斯","1536","0","0","4","0","0","0","0","0","0","0"
"1725","Necropolis_Zerekriss","1536","0","0","4","0","0","0","0","0","0","0"
"1726","北海","0","128","0","6","0","0","0","0","0","0","0"
"1727","北海","0","128","0","6","0","0","0","0","0","0","0"
"1728","刻符者","0","0","0","6","0","0","0","0","0","0","0"
"1734","雷文德斯","1550","128","2","6","0","0","0","0","0","0","0"
"1735","纳斯利亚堡","1525","66","0","4","0","0","0","0","0","0","0"
"1736","托加斯特","1543","2","0","6","0","0","0","0","0","0","0"
"1738","雷文德斯","1647","0","2","6","0","0","0","0","0","0","746"
"1739","炽蓝仙野","1647","0","2","6","0","0","0","0","0","0","744"
"1740","炽蓝仙野","1647","16384","2","3","0","0","0","0","0","0","744"
"1741","玛卓克萨斯","1647","16384","2","3","0","4","0","74500","0","0","745"
"1742","雷文德斯","1647","16384","2","3","0","0","0","0","0","0","0"
"1744","纳斯利亚堡","1525","64","0","4","0","0","0","0","0","0","0"
"1745","纳斯利亚堡","1525","64","0","4","0","0","0","0","0","0","0"
"1746","纳斯利亚堡","1525","64","0","4","0","0","0","0","0","0","0"
"1747","纳斯利亚堡","1525","64","0","4","0","0","0","0","0","0","0"
"1748","纳斯利亚堡","1525","64","0","4","0","0","0","0","0","0","0"
"1749","托加斯特","1543","2","0","6","0","0","0","0","0","0","0"
"1750","纳斯利亚堡","1525","64","0","4","0","0","0","0","0","0","0"
"1751","托加斯特","1543","2","0","6","0","0","0","0","0","0","0"
"1752","托加斯特","1543","2","0","6","0","0","0","0","0","0","0"
"1753","托加斯特","1543","2","0","6","0","0","0","0","0","0","0"
"1754","托加斯特","1543","2","0","6","0","0","0","0","0","0","0"
"1755","纳斯利亚堡","1525","0","0","6","0","0","0","0","0","0","0"
"1756","托加斯特","1543","2","0","6","0","0","0","0","0","0","0"
"1757","托加斯特","1543","2","0","6","0","0","0","0","0","0","0"
"1758","托加斯特","1543","2","0","6","0","0","0","0","0","0","0"
"1759","托加斯特","1543","2","0","6","0","0","0","0","0","0","0"
"1760","托加斯特","1543","2","0","6","0","0","0","0","0","0","0"
"1761","托加斯特","1543","2","0","6","0","0","0","0","0","0","0"
"1762","托加斯特，罪魂之塔","0","128","0","6","0","0","0","0","0","0","0"
"1763","托加斯特","1543","2","0","6","0","0","0","0","0","0","0"
"1764","托加斯特","1543","2","0","6","0","0","0","0","0","0","0"
"1765","托加斯特","1543","2","0","6","0","0","0","0","0","0","0"
"1766","托加斯特","1543","2","0","6","0","0","0","0","0","0","0"
"1767","托加斯特","1543","2","0","6","0","0","0","0","0","0","0"
"1768","托加斯特","1543","2","0","6","0","0","0","0","0","0","0"
"1769","托加斯特","1543","2","0","6","0","0","0","0","0","0","0"
"1770","托加斯特","1543","2","0","6","0","0","0","0","0","0","0"
"1771","托加斯特","1543","2","0","6","0","0","0","0","0","0","0"
"1772","托加斯特","1543","2","0","6","0","0","0","0","0","0","0"
"1773","托加斯特","1543","2","0","6","0","0","0","0","0","0","0"
"1774","托加斯特","1543","2","0","6","0","0","0","0","0","0","0"
"1776","托加斯特","1543","2","0","6","0","0","0","0","0","0","0"
"1777","托加斯特","1543","2","0","6","0","0","0","0","0","0","0"
"1778","托加斯特","1543","2","0","6","0","0","0","0","0","0","0"
"1779","托加斯特","1543","2","0","6","0","0","0","0","0","0","0"
"1780","托加斯特","1543","2","0","6","0","0","0","0","0","0","0"
"1781","托加斯特","1543","2","0","6","0","0","0","0","0","0","0"
"1782","托加斯特","1543","2","0","6","0","0","0","0","0","0","0"
"1783","托加斯特","1543","2","0","6","0","0","0","0","0","0","0"
"1784","托加斯特","1543","2","0","6","0","0","0","0","0","0","0"
"1785","托加斯特","1543","2","0","6","0","0","0","0","0","0","0"
"1786","托加斯特","1543","2","0","6","0","0","0","0","0","0","0"
"1787","托加斯特","1543","2","0","6","0","0","0","0","0","0","0"
"1788","托加斯特","1543","2","0","6","0","0","0","0","0","0","0"
"1789","托加斯特","1543","2","0","6","0","0","0","0","0","0","0"
"1791","托加斯特","1543","2","0","6","0","0","0","0","0","0","0"
"1792","托加斯特","1543","2","0","6","0","0","0","0","0","0","0"
"1793","托加斯特","1543","2","0","6","0","0","0","0","0","0","0"
"1794","托加斯特","1543","2","0","6","0","0","0","0","0","0","0"
"1795","托加斯特","1543","2","0","6","0","0","0","0","0","0","0"
"1796","托加斯特","1543","2","0","6","0","0","0","0","0","0","0"
"1797","托加斯特","1543","2","0","6","0","0","0","0","0","0","0"
"1798","托加斯特","1543","2","0","6","0","0","0","0","0","0","0"
"1799","托加斯特","1543","2","0","6","0","0","0","0","0","0","0"
"1800","托加斯特","1543","2","0","6","0","0","0","0","0","0","0"
"1801","托加斯特","1543","2","0","6","0","0","0","0","0","0","0"
"1802","托加斯特","1543","2","0","6","0","0","0","0","0","0","0"
"1803","托加斯特","1543","2","0","6","0","0","0","0","0","0","0"
"1804","托加斯特","1543","2","0","6","0","0","0","0","0","0","0"
"1805","托加斯特","1543","2","0","6","0","0","0","0","0","0","0"
"1806","托加斯特","1543","2","0","6","0","0","0","0","0","0","0"
"1807","托加斯特","1543","2","0","6","0","0","0","0","0","0","0"
"1808","托加斯特","1543","2","0","6","0","0","0","0","0","0","0"
"1809","托加斯特","1543","2","0","6","0","0","0","0","0","0","0"
"1810","托加斯特","1543","2","0","6","0","0","0","0","0","0","0"
"1811","托加斯特","1543","2","0","6","0","0","0","0","0","0","0"
"1812","托加斯特","1543","2","0","6","0","0","0","0","0","0","0"
"1813","晋升堡垒","1647","0","2","6","0","0","0","0","0","0","743"
"1814","玛卓克萨斯","1647","0","2","6","0","4","0","74500","0","0","745"
"1816","利爪之缘","1565","0","0","5","0","0","0","0","0","0","0"
"1818","瓦尔仙林","1565","0","0","5","0","0","0","0","0","0","0"
"1819","真菌枢纽","1565","0","0","5","0","0","0","0","0","0","0"
"1820","苦楚之洞","1543","0","0","5","0","0","0","0","0","0","0"
"1821","苦楚之洞","1543","0","0","5","0","0","0","0","0","0","0"
"1822","提取者休养地","1543","0","0","5","0","0","0","0","0","0","0"
"1823","统御祭坛","1543","0","0","5","0","0","0","0","0","0","0"
"1824","主母之穴","1565","0","0","5","0","0","0","0","0","0","0"
"1825","根须地窖","1565","0","0","5","0","0","0","0","0","0","0"
"1826","根须地窖","1565","0","0","5","0","0","0","0","0","0","0"
"1827","根须地窖","1565","0","0","5","0","0","0","0","0","0","0"
"1829","","1565","0","0","5","0","0","0","0","0","0","0"
"1833","托加斯特","1543","2","3","6","0","0","0","0","0","0","0"
"1834","托加斯特","1543","2","3","6","0","0","0","0","0","0","0"
"1835","托加斯特","1543","2","3","6","0","0","0","0","0","0","0"
"1836","托加斯特","1543","2","3","6","0","0","0","0","0","0","0"
"1837","托加斯特","1543","2","3","6","0","0","0","0","0","0","0"
"1838","托加斯特","1543","2","3","6","0","4","0","74500","0","0","0"
"1839","托加斯特","1543","2","3","6","0","0","0","0","0","0","0"
"1840","托加斯特","1543","2","3","6","0","0","0","0","0","0","0"
"1841","托加斯特","1543","2","3","6","0","0","0","0","0","0","0"
"1842","托加斯特","1543","2","3","6","0","0","0","0","0","0","0"
"1843","托加斯特","1543","2","3","6","0","0","0","0","0","0","0"
"1844","托加斯特","1543","2","3","6","0","0","0","0","0","0","0"
"1845","托加斯特","1543","2","3","6","0","0","0","0","0","0","0"
"1846","托加斯特","1543","2","3","6","0","0","0","0","0","0","0"
"1847","托加斯特","1543","2","3","6","0","0","0","0","0","0","0"
"1848","托加斯特","1543","2","3","6","0","0","0","0","0","0","0"
"1849","托加斯特","1543","2","3","6","0","0","0","0","0","0","0"
"1850","托加斯特","1543","2","3","6","0","0","0","0","0","0","0"
"1851","托加斯特","1543","2","3","6","0","0","0","0","0","0","0"
"1852","托加斯特","1543","2","3","6","0","0","0","0","0","0","0"
"1853","托加斯特","1543","2","3","6","0","0","0","0","0","0","0"
"1854","托加斯特","1543","2","3","6","0","0","0","0","0","0","0"
"1855","托加斯特","1543","2","3","6","0","0","0","0","0","0","0"
"1856","托加斯特","1543","2","3","6","0","0","0","0","0","0","0"
"1857","托加斯特","1543","2","3","6","0","0","0","0","0","0","0"
"1858","托加斯特","1543","2","3","6","0","0","0","0","0","0","0"
"1859","托加斯特","1543","2","3","6","0","0","0","0","0","0","0"
"1860","托加斯特","1543","2","3","6","0","0","0","0","0","0","0"
"1861","托加斯特","1543","2","3","6","0","0","0","0","0","0","0"
"1862","托加斯特","1543","2","3","6","0","0","0","0","0","0","0"
"1863","托加斯特","1543","2","3","6","0","0","0","0","0","0","0"
"1864","托加斯特","1543","2","3","6","0","0","0","0","0","0","0"
"1865","托加斯特","1543","2","3","6","0","0","0","0","0","0","0"
"1867","托加斯特","1543","2","3","6","0","0","0","0","0","0","0"
"1868","托加斯特","1543","2","3","6","0","0","0","0","0","0","0"
"1869","托加斯特","1543","2","3","6","0","0","0","0","0","0","0"
"1870","托加斯特","1543","2","3","6","0","0","0","0","0","0","0"
"1871","托加斯特","1543","2","3","6","0","0","0","0","0","0","0"
"1872","托加斯特","1543","2","3","6","0","0","0","0","0","0","0"
"1873","托加斯特","1543","2","3","6","0","0","0","0","0","0","0"
"1874","托加斯特","1543","2","3","6","0","0","0","0","0","0","0"
"1875","托加斯特","1543","2","3","6","0","0","0","0","0","0","0"
"1876","托加斯特","1543","2","3","6","0","0","0","0","0","0","0"
"1877","托加斯特","1543","2","3","6","0","0","0","0","0","0","0"
"1878","托加斯特","1543","2","3","6","0","0","0","0","0","0","0"
"1879","托加斯特","1543","2","3","6","0","0","0","0","0","0","0"
"1880","托加斯特","1543","2","3","6","0","0","0","0","0","0","0"
"1881","托加斯特","1543","2","3","6","0","0","0","0","0","0","0"
"1882","托加斯特","1543","2","3","6","0","0","0","0","0","0","0"
"1883","托加斯特","1543","2","3","6","0","0","0","0","0","0","0"
"1884","托加斯特","1543","2","3","6","0","0","0","0","0","0","0"
"1885","托加斯特","1543","2","3","6","0","0","0","0","0","0","0"
"1886","托加斯特","1543","2","3","6","0","0","0","0","0","0","0"
"1887","托加斯特","1543","2","3","6","0","0","0","0","0","0","0"
"1888","托加斯特","1543","2","3","6","0","0","0","0","0","0","0"
"1889","托加斯特","1543","2","3","6","0","0","0","0","0","0","0"
"1890","托加斯特","1543","2","3","6","0","0","0","0","0","0","0"
"1891","托加斯特","1543","2","3","6","0","0","0","0","0","0","0"
"1892","托加斯特","1543","2","3","6","0","0","0","0","0","0","0"
"1893","托加斯特","1543","2","3","6","0","0","0","0","0","0","0"
"1894","托加斯特","1543","2","3","6","0","0","0","0","0","0","0"
"1895","托加斯特","1543","2","3","6","0","0","0","0","0","0","0"
"1896","托加斯特","1543","2","3","6","0","0","0","0","0","0","0"
"1897","托加斯特","1543","2","3","6","0","0","0","0","0","0","0"
"1898","托加斯特","1543","2","3","6","0","0","0","0","0","0","0"
"1899","托加斯特","1543","2","3","6","0","0","0","0","0","0","0"
"1900","托加斯特","1543","2","3","6","0","0","0","0","0","0","0"
"1901","托加斯特","1543","2","3","6","0","0","0","0","0","0","0"
"1902","托加斯特","1543","2","3","6","0","0","0","0","0","0","0"
"1903","托加斯特","1543","2","3","6","0","0","0","0","0","0","0"
"1904","托加斯特","1543","2","3","6","0","0","0","0","0","0","0"
"1905","托加斯特","1543","2","3","6","0","0","0","0","0","0","0"
"1907","托加斯特","1543","2","3","6","0","0","0","0","0","0","0"
"1908","托加斯特","1543","2","3","6","0","0","0","0","0","0","0"
"1909","托加斯特","1543","2","3","6","0","0","0","0","0","0","0"
"1910","托加斯特","1543","2","3","6","0","0","0","0","0","0","0"
"1911","托加斯特 -  入口","1543","0","0","6","0","0","0","0","0","0","0"
"1912","刻符者密牢","1543","0","0","6","0","0","0","0","0","0","0"
"1913","托加斯特","1543","2","0","6","0","0","0","0","0","0","0"
"1914","托加斯特","1543","2","3","6","0","0","0","0","0","0","0"
"1917","彼界","1565","0","0","6","0","0","0","0","0","0","0"
"1920","托加斯特","1543","2","0","6","0","0","0","0","0","0","0"
"1921","托加斯特","1543","2","3","6","0","0","0","0","0","0","0"
