Id,Name,Description,JournalEncounterId,CreatureDisplayInfoId,FileDataId,OrderIndex,UiModelSceneId
"358","格魯巴托克","","89","37410","522228","0","9"
"359","赫利克斯‧碎輪者","","90","33002","522234","0","9"
"360","敵人收割者5000型","","91","35606","522225","0","9"
"361","利普斯納爾上將","","92","35739","522189","0","9"
"362","『船長』餅乾","","93","1305","522210","0","9"
"365","凡妮莎‧范克里夫","","95","32806","522278","0","9"
"366","艾胥柏利男爵","","96","34610","522205","0","9"
"367","席瓦萊恩男爵","","97","37288","522206","0","9"
"368","指揮官斯普林瓦爾","","98","37287","522213","0","9"
"369","瓦爾登領主","","99","34612","522249","0","9"
"370","高佛雷領主","","100","34611","522247","0","9"
"371","納茲賈爾女士","","101","34342","522245","0","9"
"372","指揮官烏索克","","102","33792","522214","0","9"
"373","屈心者哥爾薩","","103","32259","522253","0","9"
"374","歐蘇瑪特","","104","34135","522259","0","9"
"375","羅姆歐格‧裂骨者","","105","33147","522266","0","9"
"376","暮光信使柯爾菈","","106","31546","522216","0","9"
"377","卡爾許‧控鋼者","","107","31710","522244","0","9"
"378","美麗","","108","34433","522207","0","9"
"379","卓越者統領奧希迪厄斯","","109","36465","522201","0","9"
"380","寇伯拉斯","","110","33477","522215","0","9"
"381","岩革","","111","36476","522271","0","9"
"382","歐茲魯克","","112","36475","522258","0","9"
"383","高階祭司艾吉兒","","113","26448","522237","0","9"
"384","首相伊爾丹","","114","35181","522229","0","9"
"385","艾塔伊洛斯","","115","34265","522192","0","9"
"386","亞沙德","","116","35388","522200","0","9"
"387","胡薩姆將軍","","117","34743","523205","0","9"
"388","奧各","","118","37339","522203","1","9"
"389","鎖喉","","118","33438","522246","0","9"
"390","高階預言者巴瑞姆","","119","34744","522239","0","9"
"394","希亞梅特","","122","35388","522269","0","9"
"424","神殿守護者安胡爾","","124","35067","522272","0","9"
"425","地怒者普塔","","125","31450","522219","0","9"
"426","安拉斐特","","126","34580","522195","0","65"
"427","伊希賽特","","127","33465","522241","0","66"
"428","安姆內","","128","32943","522194","0","66"
"429","賽特胥","","129","33055","522267","0","66"
"430","拉頡","","130","33177","522262","0","66"
"431","昂布里斯將軍","","131","31498","522227","0","9"
"432","鍛造大師瑟隆葛斯","","132","33429","522226","0","66"
"433","德拉卡‧燃影者","","133","31792","522218","0","9"
"434","瓦莉歐娜","","133","31795","522276","1","9"
"435","伊魯達克斯","","134","33428","522222","0","9"
"463","阿加羅斯","","139","35426","522198","0","9"
"464","歐庫薩","","140","37876","523207","0","9"
"555","涅茲爾","北風領主","154","35232","522256","1","9"
"556","安蕭爾","西風領主","154","35233","522196","0","9"
"557","洛哈許","東風領主","154","35234","522265","2","9"
"558","奧拉基爾","","155","35248","522191","0","9"
"559","哈福斯‧破龍者","","156","34816","522232","0","66"
"560","瓦莉歐娜","","157","34812","522277","1","9"
"561","瑟拉里恩","","157","34813","522274","0","9"
"562","特拉斯特拉","土之卓越者議員","158","34824","522273","3","9"
"563","源質巨怪","卓越者議員的結合體","158","34825","522221","4","9"
"564","伊格納修斯","火之卓越者議員","158","34821","522240","1","9"
"565","費魯迪厄斯","水之卓越者議員","158","34822","522224","0","9"
"566","艾理奧","風之卓越者議員","158","34823","522199","2","9"
"587","丘加利","","167","34576","522212","0","9"
"588","賽絲特拉","","168","34335","522270","0","9"
"589","雷電號","","169","32688","522220","2","9"
"590","烈毒號","","169","32684","522275","3","9"
"591","熔岩號","","169","32685","522250","0","9"
"592","秘法號","","169","32687","522197","1","9"
"593","熔喉","","170","37993","522251","0","9"
"594","亞特拉米德","","171","34547","522202","0","9"
"595","奇瑪隆","","172","33308","522211","0","9"
"596","瑪洛里亞克","","173","33186","522252","0","9"
"599","奧妮克希亞","","174","32569","522257","1","9"
"600","奈法利安","","174","32716","522255","0","9"
"601","高階祭司溫諾希斯","","175","37788","522236","0","9"
"602","血領主曼多基爾","","176","37816","522209","0","9"
"603","格里雷克","","177","8390","522230","0","9"
"604","哈札拉爾","","178","37832","522233","0","9"
"605","雷納塔基","","179","37830","522263","0","9"
"606","烏蘇雷","","180","37831","522279","0","9"
"607","高階祭司基爾娜拉","","181","37805","522238","0","9"
"616","贊吉爾","","184","37813","522280","0","9"
"617","破神者金度","","185","37789","522243","0","9"
"618","阿奇爾森","","186","21630","522190","0","9"
"619","納羅拉克","","187","21631","522254","0","9"
"620","賈納雷","","188","21633","522242","0","9"
"621","哈拉齊","","189","21632","522231","0","9"
"622","妖術領主瑪拉克雷斯","","190","22332","522235","0","9"
"623","達卡拉","","191","38118","522217","0","9"
"624","貝絲堤拉克","","192","38227","522208","0","9"
"625","萊爾利斯領主","","193","38414","522248","0","9"
"626","艾里絲拉卓","","194","38446","522193","0","9"
"627","夏諾克斯","","195","38448","522268","0","9"
"628","管理者鹿盔","","197","37953","522223","0","9"
"629","拉格納羅斯","","198","37875","522261","0","280"
"630","笨重的蠢蛋","","90","33003","523206","1","9"
"770","巴勒羅克","","196","38621","522204","0","9"
"817","泰蘭妲的回音","","283","39617","571749","0","9"
"827","姆多茲諾","恆龍之王","289","38931","536059","0","9"
"855","死亡之翼","","318","35268","536056","0","9"
"856","『暴風守縛者』哈甲拉","","317","39318","536057","0","9"
"862","阿奇里森","","322","35978","571743","0","9"
"864","希瓦娜斯的回音","","323","38655","571748","0","9"
"865","艾薩拉女王","","291","39391","571747","0","9"
"867","督軍松奧茲","","324","39138","536061","0","9"
"875","奧特拉賽恩","","331","39099","571750","0","9"
"876","未眠者尤沙吉","","325","39101","536062","0","9"
"877","將領黑角","","332","39399","571752","0","9"
"881","魔寇","","311","39094","536058","0","9"
"895","佩洛薩恩","","290","39182","536060","0","9"
"896","阿利札巴","","339","21252","571742","0","9"
"899","大主教本尼迪塔斯","","341","38991","536053","0","9"
"900","貝恩的回音","","340","38791","571744","0","9"
"903","珍娜的回音","","285","38802","571745","0","9"
"904","阿希拉黎明殺戮者","","342","38995","536054","0","9"
"905","死亡之翼","","333","40087","536055","0","9"
"913","瑪諾洛斯","","292","38996","571746","0","9"
"914","瓦羅森隊長","","292","39127","571746","1","9"
"942","高階審問者格斯塔恩","","369","8761","607644","0","9"
"943","洛考爾領主","","370","5781","607697","0","9"
"944","馴犬者格雷布瑪爾","","371","9212","607647","0","9"
"945","火占師羅格雷恩","","373","8762","607749","0","9"
"946","伊森迪奧斯領主","","374","1204","607694","0","63"
"947","護衛斯迪爾基斯","","375","9089","607814","0","9"
"948","弗諾斯‧達克維爾","","376","8704","607602","0","9"
"949","貝爾加","","377","12162","607549","0","9"
"950","安格弗將軍","","378","8756","607610","0","9"
"951","魔像領主阿格曼奇","","379","8759","607618","0","9"
"952","霍爾雷‧黑息","","380","8658","607650","0","9"
"953","法拉克斯","","381","8177","607740","0","9"
"955","普拉格‧史帕齊林","","383","8652","607741","0","9"
"956","弗萊拉斯大使","","384","8329","607535","0","9"
"957","瑪格姆斯","","386","12162","607705","0","9"
"958","達格蘭‧索瑞森大帝","","387","8807","607595","0","9"
"959","歐莫克大王","","388","11565","607645","0","9"
"960","暗影獵手沃許加斯","","389","9732","607769","0","9"
"961","將領沃恩","","390","28281","607810","0","9"
"962","煙網蛛后","","391","36506","607719","0","9"
"963","烏洛克‧末日嚎","","392","11583","607801","0","9"
"964","軍需官茲格雷斯","","393","9738","607751","0","9"
"965","哈雷肯","","394","9567","607634","0","9"
"966","『奴役者』基茲盧爾","","395","9564","607615","0","9"
"967","維姆薩拉克主宰","","396","8711","607737","0","9"
"973","瑟雷姆‧刺蹄","","402","11335","607824","0","9"
"974","海多斯博恩","","403","5489","607653","0","9"
"975","蕾瑟塔蒂絲","","404","21012","607686","0","9"
"976","『狂野變形者』奧茲恩","","405","14416","607533","0","9"
"977","特迪斯‧扭木","","406","14383","607785","0","9"
"978","伊琳娜‧鴉橡","","407","11270","607656","0","9"
"979","博學者卡雷迪斯","","408","14384","607703","0","9"
"980","伊莫塔爾","","409","14173","607657","0","9"
"981","托塞德林王子","","410","11256","607745","0","9"
"982","守衛摩爾達","","411","11561","607630","0","9"
"983","踐踏者克雷格","","412","11545","607777","0","9"
"984","守衛芬古斯","","413","11561","607629","0","9"
"985","守衛斯里基克","","414","11561","607631","0","9"
"986","隊長克羅卡斯","","415","11564","607560","0","9"
"987","『觀察者』克魯什","","416","11537","607565","0","9"
"988","戈多克大王","","417","11583","607673","0","9"
"989","群體打擊者9-60","","418","36560","607572","0","9"
"990","格魯比斯","","419","6533","607628","0","9"
"991","電刑器6000型","","421","36558","607594","0","9"
"992","機電師瑟瑪普拉格","","422","36563","607714","0","9"
"993","諾克賽恩","","423","11172","607728","0","9"
"994","銳刺鞭笞者","","424","12389","607756","0","9"
"995","技工吉茲洛克","","425","7125","607796","0","9"
"997","維利塔恩領主","","427","12334","607699","0","9"
"998","被詛咒的塞雷布拉斯","","428","12350","607562","0","9"
"999","蘭斯利德","","429","12293","607684","0","9"
"1000","洛特格里普","","430","13589","607761","0","9"
"1001","瑟萊德絲公主","","431","12292","607747","0","9"
"1011","爐邊歌手弗瑞斯坦","","443","10482","607637","0","9"
"1012","阿庫麥爾","多頭蛇","444","62522","607532","0","91"
"1013","殘忍的提米","","445","571","607795","0","9"
"1014","威利‧希望破除者","","446","34480","607818","0","9"
"1016","古卷管理者加爾福特","","448","34498","607660","0","9"
"1017","巴納札爾","","449","34424","607551","0","9"
"1018","不可寬恕者","","450","10771","607792","0","9"
"1019","安娜絲塔麗男爵夫人","","451","10698","607553","0","9"
"1021","奈幽布恩坎","","452","9793","607724","0","9"
"1022","蒼白的瑪勒基","","453","10546","607707","0","9"
"1023","巴瑟拉斯鎮長","","454","10433","607791","0","9"
"1024","『暴食者』拉姆斯登","","455","12818","607752","0","9"
"1025","奧里爾斯‧瑞文戴爾領主","","456","34837","607692","0","9"
"1026","哈卡的化身","","457","8053","607548","0","9"
"1027","『預言者』迦瑪蘭","","458","6708","607665","0","9"
"1028","德姆塞卡爾","","459","7553","608311","0","9"
"1032","伊蘭尼庫斯之影","","463","7806","607768","0","9"
"1033","霍格","","464","501","607646","0","9"
"1034","歐玻西特王","","465","1204","607695","0","9"
"1035","藍道夫‧摩洛克","","466","35068","607753","0","9"
"1036","魯維羅什","","467","5945","607757","0","9"
"1037","迅捷的艾瑞克","","468","5708","0","1","9"
"1038","奧拉夫","","468","5709","0","2","9"
"1039","貝洛格","","468","5710","607550","0","9"
"1040","艾隆納亞","","469","6089","607664","0","67"
"1041","上古石之守衛者","","470","10798","607538","0","9"
"1042","加加恩‧火錘","","471","6059","607606","0","9"
"1043","格瑞姆洛克","","472","11165","607626","0","9"
"1044","阿札達斯","","473","5988","607546","0","65"
"1045","安娜科德拉女士","","474","4313","607680","0","9"
"1046","考布萊恩領主","","475","4213","607693","0","9"
"1047","皮薩斯領主","","476","4214","607696","0","9"
"1048","克雷什","","477","5126","607676","0","9"
"1049","斯卡姆","","478","4203","607775","0","9"
"1050","瑟芬迪斯領主","","479","4215","607698","0","9"
"1051","永生的沃爾丹","","480","4256","607805","0","9"
"1052","『吞噬者』穆坦努斯","","481","4088","607721","0","9"
"1054","加茲瑞拉","","483","7271","607614","0","9"
"1055","安圖蘇爾","","484","7353","607541","0","9"
"1056","『殉教者』塞卡","","485","6696","607793","0","9"
"1057","巫醫祖穆拉恩","","486","6434","607819","0","9"
"1058","耐克倫‧嚼腸者","","487","6690","607723","0","9"
"1059","杜姆雷爾","七賢之首","385","8687","607587","0","9"
"1061","烏克茲‧沙頂","","489","6439","607564","0","9"
"1098","死亡看守者辛瑞克","","523","18916","607771","0","9"
"1099","瑪拉達爾主教","","524","17715","607600","0","9"
"1104","看護者卡爾古瑪","","527","18236","607817","0","9"
"1105","『無疤者』歐瑪爾","","528","18237","607734","0","9"
"1106","『信使』維斯路登","","529","18944","607803","0","9"
"1107","賽林‧炎心","","530","22642","607767","0","9"
"1108","維克索魯斯","","531","22731","607806","0","9"
"1109","女牧師戴利莎","","532","22596","607742","0","9"
"1110","凱爾薩斯‧逐日者","","533","22906","607669","0","9"
"1111","班提蒙尼厄斯","","534","71757","607738","0","9"
"1112","塔瓦洛克","","535","19332","607782","0","9"
"1113","約兒","","536","14173","607822","0","9"
"1114","奈薩斯王子薩法爾","","537","19780","607726","0","9"
"1115","中尉崔克","","538","17386","607689","0","9"
"1116","史卡拉克上尉","","539","17387","607561","0","9"
"1117","紀元狩獵者","","540","19135","607596","0","9"
"1118","暗織者希斯","","541","20599","607583","0","9"
"1119","安祖","","542","21492","607544","0","9"
"1120","鷹王伊奇斯","","543","18636","607780","0","9"
"1121","海爾瑪大使","","544","18821","607536","0","9"
"1122","『煽動者』黑心","","545","18058","607555","0","9"
"1123","宗師瓦皮歐","","546","18535","607625","0","9"
"1124","莫爾墨","","547","18839","607720","0","9"
"1125","無約束的希瑞奇斯","","548","19882","607823","0","9"
"1126","末日預言者達利亞","","549","19888","607574","0","9"
"1127","怒鐮者索寇斯瑞特","","550","19977","607820","0","9"
"1128","先驅者史蓋力司","","551","19943","607635","0","9"
"1129","時間領主迪賈","","552","20513","607566","0","9"
"1130","坦普拉斯","","553","19066","607784","0","9"
"1131","艾奧那斯","","554","20510","607529","0","9"
"1132","造物者","","555","18369","607789","0","9"
"1133","布洛克","","556","19372","607558","0","9"
"1134","『破壞者』凱利丹","","557","17153","607670","0","9"
"1135","指揮官薩瑞尼斯","","558","18929","607570","0","9"
"1136","大植物學家費瑞衛恩","","559","19045","607641","0","9"
"1137","『看管者』索古林","","560","14416","607794","0","9"
"1138","拉杰","","561","13109","607683","0","9"
"1139","扭曲分裂者","","562","19438","607816","0","9"
"1140","機械領主卡帕希特斯","","563","19162","607712","0","9"
"1141","虛空術師賽菲瑞雅","","564","19166","607725","0","9"
"1142","操縱者帕薩里歐","","565","20033","607739","0","9"
"1143","大術士奈德克斯","","566","16628","607624","0","9"
"1145","戰爭使者歐姆拉格","","568","18031","607811","0","9"
"1146","大酋長卡加斯‧刃拳","","569","19799","607812","0","9"
"1147","『背叛者』曼紐","","570","17728","607715","0","9"
"1148","『爆裂者』洛克瑪","","571","17729","607759","0","9"
"1149","奎克米瑞","","572","18224","607750","0","9"
"1150","水占師希斯比亞","","573","11268","607651","0","9"
"1151","機電師蒸汽操控者","","574","18638","607713","0","9"
"1152","督軍卡利斯瑞","","575","20235","607815","0","9"
"1153","飢餓之牙","","576","17228","607649","0","9"
"1154","高薩安","","577","17528","607614","0","9"
"1155","沼澤之王莫斯萊克","","578","18570","607779","0","9"
"1156","黑色潛獵者","","579","18194","607788","0","67"
"1157","那杜斯長老","","580","27407","607593","0","9"
"1158","泰爾達朗親王","","581","27406","607744","0","9"
"1159","潔杜佳‧尋影者","","582","26777","607667","0","9"
"1160","毒蕈魔","","583","28133","607534","0","9"
"1161","『守門者』齊力克西爾","","585","27394","607678","0","9"
"1162","哈卓諾克斯","","586","26776","607633","0","9"
"1163","血角食人妖","","588","26352","607798","0","9"
"1164","『召喚者』諾沃司","","589","26292","607727","0","9"
"1165","崔德王","","590","5240","607672","0","9"
"1167","史拉德銳","","592","27422","607776","0","9"
"1168","德拉克瑞巨像","","593","26589","607589","0","9"
"1169","慕拉比","","594","27059","607716","0","9"
"1170","『兇猛』埃克","","595","26644","607592","0","9"
"1171","蓋爾達拉","","596","27061","607605","0","9"
"1172","畢亞格林將軍","","597","27301","607611","0","66"
"1173","渥克瀚","","598","27071","607809","0","64"
"1174","埃歐納","","599","27484","607663","0","9"
"1175","洛肯","","600","27485","607690","0","66"
"1176","法勒瑞克","","601","30972","607601","0","9"
"1177","麥爾溫","","602","30973","607710","0","9"
"1178","巫妖王","","603","30721","607688","0","9"
"1179","克利斯托魯斯","","604","20909","607679","0","9"
"1180","悲嘆少女","","605","26657","607706","0","67"
"1181","『塑鐵者』斯雍尼爾","","607","27483","607772","0","66"
"1182","鍛造大師加弗羅斯","","608","30843","607603","0","65"
"1183","艾克","","609","30347","607655","1","9"
"1184","克瑞克","","609","30331","607677","0","9"
"1185","天譴領主提朗紐斯","","610","30277","607765","0","9"
"1186","肉鉤","","611","26579","607711","0","9"
"1187","『血肉工匠』塞歐朗姆","","612","26581","607763","0","9"
"1188","紀元時間領主","","613","26580","607567","0","9"
"1189","瑪爾加尼斯","","614","26582","607708","0","9"
"1190","布朗吉姆","","615","30226","607559","0","9"
"1191","眾魂吞噬者","","616","30148","607585","0","9"
"1193","指揮官厚鬚","","617","24366","607571","0","9"
"1194","大魔導師特雷斯翠","","618","24066","607623","0","9"
"1195","艾諾瑪路斯","","619","26259","607540","0","9"
"1196","『塑樹者』歐爾莫洛克","","620","26298","607735","0","9"
"1197","凱瑞史卓莎","","621","24307","607671","0","9"
"1198","『審問者』德拉高斯","","622","27032","607590","0","9"
"1199","瓦羅斯‧雲行者","","623","27033","607802","0","9"
"1200","法師領主厄隆","","624","25010","607702","0","9"
"1201","地脈守護者伊瑞茍斯","","625","27034","607687","0","9"
"1202","伊銳坎","","626","27488","607597","0","9"
"1203","摩拉革","","627","20590","607717","0","9"
"1204","艾克膿","","628","27487","607654","0","9"
"1205","基沃滋","","629","27486","607821","0","9"
"1206","拉方索","","630","10193","607685","0","9"
"1207","『消滅者』舒拉邁特","","631","27855","607825","0","9"
"1208","霞妮苟莎","","632","27508","607573","0","9"
"1214","『碎顱者』莫克拉","","634","28587","607622","0","9"
"1215","祖爾拓","","634","28588","0","3","9"
"1216","艾瑞西雅‧曦詠","","634","28637","0","1","9"
"1217","魯諾克‧蠻鬃","","634","28597","0","2","9"
"1218","亡靈哨兵威瑟瑞","","634","28589","0","4","9"
"1219","『純淨者』埃卓克","","635","29616","607591","0","9"
"1220","銀白告解者帕爾璀絲","","636","29490","607547","0","9"
"1221","黑騎士","","637","29837","607787","0","9"
"1222","凱雷希斯親王","","638","25338","607743","0","9"
"1223","『建造者』史卡沃","","639","24605","607774","0","65"
"1224","『控制者』達隆恩","","639","26349","607575","1","9"
"1225","『盜掠者』因格瓦","","640","21953","607659","0","65"
"1226","絲瓦拉‧悲傷亡墓","","641","26096","607778","0","9"
"1227","戈托克‧白蹄","","642","27419","607620","0","9"
"1228","兇猛的犀牛","","642","26284","0","1","9"
"1229","大型的蟄猛巨蟲","","642","24564","0","3","9"
"1230","狂亂的狼人","","642","26327","0","2","9"
"1231","極餓的熊怪","","642","23999","0","4","9"
"1232","無情的斯卡迪","","643","27418","607773","0","67"
"1233","依米倫王","","644","28019","607674","0","67"
"1234","裁決者格里斯通","","372","9329","608314","0","9"
"1236","黏性輻射塵","","420","36529","607808","0","9"
"1239","復活的步槍兵","","446","34481","0","1","9"
"1240","暗影祭司塞瑟斯","","487","6441","607770","1","9"
"1252","雷剛","","649","39519","630845","0","9"
"1253","武器大師哈倫","","654","40293","630816","0","9"
"1255","雪迅大師","","657","41902","630841","0","9"
"1257","劉‧焰心","","658","39487","630839","0","9"
"1258","講師冷心","","659","40301","630835","0","9"
"1265","詹迪斯‧巴羅夫","","663","40639","607666","0","9"
"1269","血骨傀儡","","665","31092","607755","0","9"
"1270","莉莉安‧佛斯","","666","40256","630838","0","9"
"1273","跳跳巨兔妖","","669","40339","630832","0","9"
"1275","克羅夫修士","","671","41154","630818","0","9"
"1276","指揮官杜蘭德","","674","41220","607643","1","9"
"1277","高階審判官懷特邁恩","","674","2043","607643","0","9"
"1294","秦璽","","677","41392","0","1","9"
"1295","臻璽","","677","41391","630836","0","9"
"1296","『縛靈者』卡拉賈","","682","41256","630826","0","9"
"1305","塔蘭‧祝","","686","41121","630852","0","9"
"1308","『殘暴王』羌皇","戰王","687","41812","0","1","9"
"1309","『狂顛心』孟帝","狂王","687","41813","630861","0","9"
"1310","『迅矯手』蘇比泰王","盜王","687","41565","0","2","9"
"1312","『靈魂撕裂者』薩爾諾斯","","688","27705","630853","0","9"
"1313","『咒魔』馮","","689","41192","630824","0","9"
"1315","蓋肯","","690","41920","630828","0","9"
"1316","憤怒之煞","","691","41448","630847","0","9"
"1321","黑暗薩滿坷蘭索","","695","42101","608310","0","9"
"1326","馴犬者布勞恩","","660","42264","630833","0","9"
"1334","『蠻士』奎","","708","42058","630842","0","9"
"1335","奸詐的明","","708","42059","0","1","9"
"1336","無人能擋的海嚴","","708","42060","0","2","9"
"1337","信使沃菈齊","","584","27408","607639","0","9"
"1338","阿努巴拉克","","587","27856","607542","0","9"
"1342","布萊恩‧銅鬚","","606","26353","607797","0","9"
"1343","阿達洛葛","","694","38759","608309","0","9"
"1344","斯納格瑪","","696","38391","522251","0","9"
"1345","熔岩守衛哥爾多斯","","697","42100","608315","0","9"
"1346","哈札斯","","459","9584","0","3","9"
"1347","德拉維沃爾","","459","6375","0","1","9"
"1348","摩弗拉斯","","459","7975","0","2","9"
"1383","艾拉岡","","726","41399","630823","0","9"
"1385","沙利斯酋長","","725","42468","0","1","9"
"1386","帆船","","725","42439","630819","0","9"
"1393","黑暗院長加丁","","684","40322","607582","0","9"
"1394","血衛士波洛克","","728","17725","607556","0","9"
"1400","塑珀者翁索克","","737","43126","630815","0","9"
"1401","琥珀巨怪","","737","44140","0","1","9"
"1402","古‧雲擊","","673","39489","630831","0","9"
"1403","蒼蛟","","673","39492","0","1","9"
"1404","織焰者喀格勒","","656","40597","630825","0","9"
"1405","加拉隆","","713","42368","630827","0","9"
"1407","指揮官沃賈克","","738","42169","630822","0","9"
"1412","蕾希","","729","42811","630837","0","65"
"1417","杉齊爾女皇","","743","42730","630830","0","9"
"1421","女皇大臣索拉格","","745","42807","630834","0","9"
"1422","『破壞者』奇普提拉克","","655","43122","630846","0","9"
"1423","黑曜石哨兵","","748","5285","607729","0","9"
"1424","指揮官瑪洛爾","","749","34463","607569","0","9"
"1425","『無窮影』梓安帝","巫王","687","41566","0","3","9"
"1428","打擊者卡多克","","675","43275","630851","0","9"
"1429","指揮官黎莫克","","676","43286","630821","0","9"
"1430","歐克‧歐克","","668","39498","630843","0","9"
"1431","『破罈者』嚴祝","","670","42969","630860","0","65"
"1432","智者瑪利","","672","41125","630858","0","9"
"1433","博學行者石步","","664","39506","630840","0","9"
"1434","疑惑之煞","","335","45980","630848","0","9"
"1435","『武器大師』辛","","698","41987","630859","0","9"
"1439","大臣金巴克","","693","43197","630855","0","9"
"1444","楚龍","在黑夜的時候","742","42532","630854","0","9"
"1465","楚龍","在白天的時候","742","42533","0","1","9"
"1475","飛翼領袖紐若納克","","727","43151","630857","0","9"
"1476","紫晶守護者","","679","41892","630820","0","9"
"1477","碧玉守護者","","679","42644","0","3","9"
"1478","鈷藍守護者","","679","41893","0","1","9"
"1479","翠玉守護者","","679","41894","0","2","9"
"1480","長者阿沙尼","","683","41504","0","2","9"
"1481","長者瑞蓋爾","","683","41502","0","1","9"
"1482","守衛者考蘭","","683","41503","630844","0","9"
"1485","風領主瑪爾加拉克","","741","42645","630856","0","9"
"1488","暴力之煞","","685","43283","630850","0","9"
"1489","莉莉安的靈魂","","666","43908","0","1","9"
"1498","預言者薩隆杰","","591","27072","607790","0","9"
"1516","帕伐拉克將軍","","692","43120","630829","0","9"
"1517","刀鋒領主塔亞克","","744","43141","630817","0","9"
"1519","恐懼之煞","","709","45065","630849","0","9"
"1540","納拉卡","","814","47227","796778","0","9"
"1544","鐵穹","","817","46627","796775","0","9"
"1545","羅剎克","","817","46628","0","1","9"
"1546","魁特灶","","817","46629","0","2","9"
"1547","丹仁","","817","46630","0","3","9"
"1548","獨顱目","","818","47189","796772","0","9"
"1551","普莫迪斯","","820","47009","796780","0","9"
"1558","『沙行者』蘇爾","","816","47505","0","1","9"
"1559","霜王瑪拉卡","","816","47506","0","2","9"
"1561","卡茲拉金","","816","47229","796770","0","9"
"1562","哈里登","","819","47325","796774","0","9"
"1563","黑暗憎惡魔像","","824","47527","796771","0","9"
"1564","托爾托斯","","825","46559","796781","0","9"
"1566","烏達斯塔","","826","47257","796779","0","9"
"1567","『擊破者』金羅克","","827","47552","796776","0","9"
"1569","盧凜","","829","46975","796773","0","9"
"1572","雷神","","832","46770","796777","0","9"
"1573","稷坤","","828","46675","796785","0","9"
"1574","指揮官寇勒格","","833","24352","607568","0","9"
"1575","傑科布‧亞雷瑞斯元帥","","834","28560","607621","0","9"
"1576","克羅索斯","","834","28736","0","4","9"
"1577","安布羅斯‧拴炫","","834","28586","0","1","9"
"1578","菈娜‧頑錘","","834","28564","0","3","9"
"1579","潔琳‧晚歌","","834","28735","0","2","9"
"1580","萊公","","831","47739","828452","0","9"
"1581","蘇茵","","829","46974","0","1","9"
"1582","高階祭司瑪俐","","816","47730","0","3","9"
"1594","劇毒蛇頭","","821","47416","0","1","91"
"1595","火焰蛇頭","","821","47414","796786","0","91"
"1596","冰凍蛇頭","","821","47415","0","2","91"
"1602","馬可羅克","","846","49070","901164","0","9"
"1605","何‧軟足","","849","48917","0","1","9"
"1606","茹克‧石趾","","849","48918","901159","0","9"
"1607","孫‧嫩心","","849","48919","0","2","9"
"1608","納茲格寧姆將軍","","850","48995","901158","0","9"
"1609","柯爾克隆獄卒","","851","49082","0","1","9"
"1610","『嗜血巨龍』梭克","","851","51144","901171","0","9"
"1611","伊莫爾西斯","","852","49056","901160","0","9"
"1614","裂地者哈洛姆","","856","49176","901163","0","9"
"1615","縛浪者卡德里斯","","856","49177","0","1","9"
"1618","赤吉","","857","49237","901155","0","9"
"1619","玉龍","","858","49234","901173","0","9"
"1620","怒兆","","859","49235","901165","0","9"
"1621","雪怒","","860","49236","901172","0","9"
"1623","歐朵斯","","861","49285","901167","0","9"
"1624","鋼鐵破滅邪神","","864","49844","901161","0","9"
"1625","諾努衫","","866","48860","901166","0","66"
"1626","傲慢之煞","","867","49098","901168","0","9"
"1627","葛拉卡斯","","868","49337","901156","0","9"
"1628","卡爾洛斯‧地獄吼","","869","49585","901157","0","9"
"1648","『覓血者』斯其爾","","853","48674","901162","0","9"
"1649","『蟲群守護者』希賽克","","853","48675","0","1","9"
"1650","『暴虐蝗蟲』卡羅茲","","853","48676","0","2","9"
"1651","『至高者』柯爾文","","853","48677","0","3","9"
"1652","『操縱者』卡茲提克","","853","48678","0","4","9"
"1653","『毒化心智』薩瑞爾","","853","48679","0","5","9"
"1654","『開膛手』瑞卡爾","","853","48680","0","6","9"
"1655","『思緒清晰』尹幽卡","","853","48681","0","7","9"
"1656","『奪風者』基爾魯克","","853","48682","0","8","9"
"2827","腐化之煞融合體","","866","49360","0","1","9"
"2830","攻城機匠黑引信","","865","51657","901169","0","9"
"2831","上鎖的熊貓人寶箱","","870","51173","901170","0","9"
"2835","葛拉卡斯","","881","49337","901156","0","9"
"2845","瑪格默拉圖斯","","893","52033","0","1","9"
"2846","鍛造大師戈格杜","","893","52899","1044355","0","9"
"2853","盲眼獵手","","900","52595","1064175","0","9"
"2855","熔岩煉獄水晶","","901","42641","0","2","9"
"2856","卡爾加‧刺肋","","901","31042","607563","0","9"
"2857","毒液釋放水晶","","901","42643","0","3","9"
"2858","潮汐風暴水晶","","901","41366","0","1","9"
"2859","督軍拉姆塔斯","","899","52515","607736","0","9"
"2860","亡語者賈格巴","","899","4756","607584","1","9"
"2861","阿葛金‧棘咒","","899","4645","607531","2","9"
"2862","剃刀沼澤野獸追蹤者","","895","1964","0","3","9"
"2863","剃刀刃衛","","895","6109","0","1","9"
"2864","剃刀沼澤神獵手","","895","1342","0","2","9"
"2865","魯古格","","895","52383","607760","0","9"
"2866","獵人骨牙","","896","52047","607531","0","9"
"2936","阿拉卡太陽狂熱者","","968","55994","0","1","9"
"2938","阿拉卡護盾傀儡","","968","56653","0","2","9"
"2939","屠夫","切切剁剁，敲敲砸砸。","971","53855","1044375","0","9"
"3108","蘭吉特","","965","56015","1044362","0","9"
"3109","阿拉卡納斯","","966","54006","1044334","0","9"
"3111","大賢者維瑞思","","968","56016","1044348","0","9"
"3112","阿拉卡太陽傀儡原型機","","966","56653","0","1","9"
"3125","奴隸看守者庫拉多","","888","52893","1044368","0","9"
"3126","魔翼","","1122","53505","0","2","9"
"3127","獸王達馬克","","1122","53499","1044338","0","9"
"3128","碎鐵者","","1122","53541","0","3","9"
"3129","斷層","","1122","53542","0","4","9"
"3130","虐牙","","1122","53511","0","1","9"
"3131","控火者卡格拉茲","","1123","53471","1044344","0","9"
"3144","傲天者托芙菈","","1133","55630","1044376","0","9"
"3151","卡加斯‧刃拳","","1128","54674","1044352","0","9"
"3152","莎妲娜‧血怒","","1139","54587","1044366","0","9"
"3155","加摩拉","","368","52010","1064179","0","9"
"3156","朵米娜","","436","52034","1064180","0","9"
"3157","征服者寇烏爾","","426","52173","522214","0","9"
"3158","深淵守護者","","447","75359","1064182","0","9"
"3159","暮光領主巴賽爾","","437","52283","1064184","0","9"
"3160","處決者戈爾","","1144","52084","1064183","0","9"
"3161","瑟拉克","","1145","52057","1064181","0","9"
"3162","站長索加爾","","1147","53519","1044357","0","9"
"3163","菲莫斯","","1148","55849","0","1","65"
"3164","博爾","","1148","54385","1044377","0","65"
"3172","熔爐工程師","","1154","53472","0","2","9"
"3173","山脈之心","","1154","53456","1044374","7","9"
"3174","風箱工","","1154","53473","0","3","65"
"3175","熔渣元素","","1154","53481","0","6","9"
"3176","守衛","","1154","53474","0","1","9"
"3177","原始元素師","","1154","53475","0","4","9"
"3178","召火者","","1154","53477","0","5","9"
"3179","工頭費德斯巴","","1154","53470","1044374","0","9"
"3180","法蘭佐克","","1155","53576","1044345","0","9"
"3181","漢斯格爾","","1155","53575","0","1","9"
"3190","耐祖奧","","1160","52769","1044356","0","9"
"3191","戈魯爾","","1161","55050","1044346","0","9"
"3195","攻擊火砲","","1163","55161","0","1","9"
"3197","奈楚格‧雷塔","","1163","55162","1044339","0","9"
"3200","洛托爾","","887","54259","1044363","0","9"
"3226","古格洛克","","889","52902","1044347","0","9"
"3234","警覺的卡薩爾","","1185","58263","1044336","0","9"
"3235","縛魂者妮雅蜜","","1186","53089","1044370","0","9"
"3255","『吞噬者』礦吞","","1202","54317","1044484","0","9"
"3257","真菌食肉者","","1196","58939","0","1","65"
"3265","執行者索爾卡","","1203","53752","0","1","9"
"3266","『血斧』瑪拉克","","1203","53876","0","2","9"
"3267","珈蘭上將","","1203","53982","1044350","0","9"
"3274","熾熱欺詐者","","1216","53112","0","3","9"
"3275","尖笑縱火狂","","1216","19618","0","1","9"
"3276","惡魔守衛","","1216","39908","0","2","9"
"3277","阿扎克爾","","1216","52964","1044337","0","9"
"3284","泰朗戈爾","","1225","54036","1044373","0","9"
"3285","控礦者古拉杉","","1226","53177","1044358","0","9"
"3286","龍獸巨怪","","1227","53010","0","1","9"
"3287","凱拉克","","1227","53005","1044354","0","9"
"3288","指揮官薩貝克","","1228","53689","1044351","0","9"
"3289","鐵刺奪天獸","","1228","55518","0","1","9"
"3290","玄鐵衛兵","","1228","53643","0","2","9"
"3291","怒翼幼龍","","1229","53396","0","1","9"
"3292","狂野的怒翼","","1229","53646","1044361","0","9"
"3300","札伊拉酋長","","1234","54683","1044379","0","9"
"3324","佐格西","","1238","57840","0","1","9"
"3325","史庫洛克","","1238","57836","1044367","0","9"
"3326","寇拉瑪爾","","1238","57837","0","2","9"
"3327","懼牙","","1235","56363","0","1","9"
"3328","『血肉撕裂者』諾加爾","","1235","56351","1044380","0","9"
"3329","馬寇格‧燼刃","","1236","56017","0","1","9"
"3330","亞莉歐可‧杜格魯","","1236","56033","1044340","0","9"
"3331","妮颯‧納克斯","","1236","56029","0","2","9"
"3332","歐席爾","","1237","55352","1044359","0","9"
"3333","大法師蘇兒","","1208","57193","1044335","0","9"
"3334","魯克馬爾","","1262","59089","1044364","0","9"
"3347","盧克然","","967","59007","1044365","0","9"
"3348","『鐵道大師』火箭光","","1138","54096","1044360","0","9"
"3349","『蠻卒』波爾卡","","1138","59069","0","1","9"
"3350","太陽閃焰","","967","54030","0","1","9"
"3351","綠蕨孢子巨人","","1196","58539","1044342","0","65"
"3360","枯木","","1214","56613","1044381","0","9"
"3361","塑地者泰魯","","1207","58016","0","1","9"
"3363","生命看守者葛拉","","1207","57022","0","2","9"
"3364","榭里塔克","","1209","58398","1044382","0","9"
"3365","亞爾努","","1210","57231","1044383","0","9"
"3366","『不朽者』塔爾納","","1211","57232","1044371","0","9"
"3367","泰克塔","","1195","54793","1044372","0","9"
"3369","克羅莫格","","1162","56214","1044353","0","69"
"3370","黑手","","959","53791","1044378","0","9"
"3377","杜爾胡","","1207","59767","1053563","0","9"
"3390","『毀滅者』德羅夫","","1291","58260","1044483","0","9"
"3391","狂怒奔行者","","1291","60733","0","1","9"
"3392","統治者瑪爾戈克","","1197","54329","1044349","0","9"
"3393","寇拉夫","","1153","54825","1044343","0","9"
"3394","燼狼","","1123","53450","0","2","9"
"3395","阿克諾爾‧鋼鐵使者","","1123","53812","0","1","9"
"3396","巨型鞭笞者","","1211","60764","0","2","9"
"3397","狂野魔陀羅","","1211","55767","0","1","9"
"3398","阿魯斯","","1142","27683","607633","0","9"
"3399","肉疙瘩","","1143","52354","1064178","0","66"
"3400","亡語者黑棘","","1146","4644","607584","0","9"
"3401","『寒冰使者』亞門納爾","","1141","32610","607537","0","9"
"3402","祭儀骸骨","","1160","58273","0","1","9"
"3403","食腐骨蟲","","1140","59296","0","1","92"
"3404","骨喉","","1140","59273","1044341","0","92"
"3406","納里旭","","1168","59978","1053564","0","9"
"3407","火眼莫德雷斯","","433","52739","607718","0","9"
"3549","寇姆洛克","","1392","61990","1134504","0","9"
"3551","女暴君維哈里","","1394","62479","1134509","0","9"
"3552","瑪諾洛斯","","1395","62410","1134505","0","9"
"3553","基爾羅格‧亡眼","","1396","62425","1134503","0","9"
"3606","影魔看守者","","1433","62227","0","2","9"
"3607","腐化的泰洛克祭司","","1433","63003","0","3","9"
"3608","暗影領主伊斯卡","","1433","61932","1134506","0","9"
"3609","幻影流亡者","","1433","63004","0","4","9"
"3610","魔化烏鴉","","1433","62494","0","1","9"
"3611","葛塔格‧血沸","","1432","62826","1134501","0","9"
"3612","大劍師裘比索斯","","1432","62815","0","1","9"
"3613","蒂雅‧暗語","","1432","63511","0","2","9"
"3633","鋼鐵劫奪者","","1425","61921","1134499","0","9"
"3634","獄火大砲","","1426","63068","0","1","9"
"3635","攻城大師瑪塔珂","","1426","63404","1134502","0","9"
"3644","至高領主卡札克","","1452","64119","1134508","0","9"
"3645","阿克蒙德","","1438","62423","1134497","0","9"
"3646","惡魔領主札昆","","1391","61830","1134498","0","9"
"3647","血魔","","1372","61913","1134500","0","9"
"3648","縛魂巨像","","1427","61925","1134507","0","9"
"3649","祖霍拉克","","1447","63415","1134510","0","9"
"3656","殘餘能量","每當玩家離開暗影國度時都會產生殘餘能量，並且觸發毀滅之環或毀滅浪潮。","1391","64352","0","1","9"
"3677","督軍帕傑許","","1480","65114","1410992","0","9"
"3678","盤恨破殼者","","1480","20772","0","1","9"
"3679","盤恨乘浪師","","1480","60790","0","2","9"
"3693","巨鱗蛇","","1479","65110","1410978","0","91"
"3694","熾炎多頭蛇爪牙","","1479","65145","0","1","91"
"3695","秘法多頭蛇爪牙","","1479","65146","0","2","91"
"3696","艾薩拉之怒","","1492","66741","1410993","0","9"
"3700","艾胥貢","","1468","65155","1410937","0","9"
"3707","『墮落之王』伊米倫","","1502","65079","1410995","0","65"
"3721","赫柏隆","","1512","67556","1410956","0","65"
"3733","魯西弗隆","","1519","13031","1378993","0","9"
"3734","瑪格曼達","","1520","10193","1378995","0","9"
"3735","基赫納斯","","1521","13030","1378976","0","9"
"3736","加爾","","1522","12110","1378975","0","9"
"3737","沙斯拉爾","","1523","13032","1379013","0","9"
"3738","迦頓男爵","","1524","12129","1378966","0","9"
"3739","喚焰者祭司","","1525","12030","0","1","9"
"3740","薩弗隆先驅者","","1525","13030","1379015","0","9"
"3741","『焚化者』古雷曼格","","1526","11986","1378978","0","9"
"3742","管理者埃克索圖斯","","1527","12029","1378998","0","9"
"3743","喚焰者醫者","","1527","13029","0","1","9"
"3744","喚焰者精英","","1527","12002","0","2","9"
"3745","拉格納羅斯","","1528","11121","522261","0","225"
"3746","狂野的拉佐格爾","","1529","10115","1379008","0","9"
"3747","墮落的瓦拉斯塔茲","","1530","13992","1379022","0","9"
"3748","幼龍領主勒西雷爾","","1531","14308","1378968","0","9"
"3749","費爾默","","1532","6377","1378973","0","9"
"3750","埃博諾克","","1533","6377","1378971","0","9"
"3751","弗萊格爾","","1534","6377","1378974","0","9"
"3752","克洛瑪古斯","","1535","14367","1378969","0","9"
"3753","奈法利安","","1536","11380","1379001","0","9"
"3754","庫林納克斯","","1537","15742","1385749","0","9"
"3755","拉賈克斯將軍","","1538","15376","1385734","0","9"
"3756","莫阿姆","","1539","15392","1385755","0","9"
"3757","『暴食者』布魯","","1540","15654","1385723","0","9"
"3758","『狩獵者』阿亞米斯","","1541","15431","1385718","0","9"
"3760","『無疤者』奧斯里安","","1542","15432","1385759","0","9"
"3761","預言者斯克拉姆","","1543","15345","1385769","0","9"
"3762","戰地衛士沙爾圖拉","","1544","15583","1385720","0","9"
"3765","沙圖拉皇家守衛","","1544","15465","0","1","9"
"3766","不屈的范克里斯","","1545","15743","1385728","0","9"
"3767","哈霍蘭公主","","1546","15739","1385761","0","9"
"3768","亞爾基公主","","1547","15657","0","2","9"
"3769","維姆","","1547","15658","0","1","9"
"3770","克里領主","","1547","15656","1390436","0","9"
"3771","維希度斯","","1548","15686","1385771","0","9"
"3772","維克洛爾大帝","","1549","15778","1390437","0","66"
"3773","維克尼拉斯大帝","","1549","15761","0","1","66"
"3774","奧羅","","1550","15509","1385760","0","87"
"3775","克蘇恩","","1551","15556","1385726","0","9"
"3776","滑翔者薛迪依斯","","1552","16053","0","1","9"
"3777","潛伏者亞奇斯","","1552","15938","0","2","9"
"3778","劫毀者拉卡","","1552","16054","1385766","0","9"
"3779","午夜","","1553","19640","0","1","9"
"3780","獵人阿圖曼","","1553","16416","1378965","0","9"
"3781","摩洛斯","","1554","16540","1378999","0","9"
"3782","貞潔聖女","","1555","16198","1378997","0","67"
"3783","大野狼","","1556","17053","1385758","0","9"
"3784","老巫婆","","1556","17550","0","3","9"
"3785","羅慕歐","","1556","17067","0","1","9"
"3786","茱麗葉","","1556","17068","0","2","9"
"3787","館長","","1557","16958","1379020","0","9"
"3789","埃蘭之影","","1559","16621","1379012","0","9"
"3790","泰瑞斯提安‧疫蹄","","1560","11343","1379017","0","9"
"3791","尼德斯","","1561","15363","1379002","0","9"
"3792","麥迪文的回音","","1562","18720","1385725","0","9"
"3793","莫克札王子","","1563","19274","1379006","0","9"
"3794","大君王莫卡爾","","1564","18649","1378985","0","9"
"3795","克羅斯‧火手","","1564","20194","0","4","9"
"3796","瘋癲者奇克勒","","1564","12472","0","1","9"
"3797","先知盲眼","","1564","11585","0","2","9"
"3798","召喚者歐莫","","1564","20195","0","3","9"
"3799","弒龍者戈魯爾","","1565","18698","1378982","0","9"
"3800","地獄火導魔師","","1566","9865","0","1","9"
"3801","瑪瑟里頓","","1566","18527","1378996","0","9"
"3802","不穩定者海卓司","","1567","20162","1385741","0","9"
"3803","海底潛伏者","","1568","20216","1385768","0","88"
"3804","李奧薩拉斯的陰影","","1569","20568","0","1","9"
"3805","『盲目者』李奧薩拉斯","","1569","20514","1385751","0","9"
"3806","深淵守衛沙卡奇斯","","1570","20671","0","1","9"
"3807","深淵守衛卡利迪斯","","1570","20672","0","3","9"
"3808","深淵守衛提達費斯","","1570","20670","0","2","9"
"3809","深淵之王卡拉薩瑞斯","","1570","20662","1385729","0","9"
"3810","莫洛葛利姆‧潮行者","","1571","20739","1385756","0","9"
"3811","瓦許女士","","1572","20748","1385750","0","9"
"3812","歐爾","","1573","18945","1385712","0","9"
"3813","虛無劫奪者","","1574","18951","1385772","0","9"
"3814","高階星術師索拉瑞恩","","1575","18239","1385739","0","9"
"3815","大星術師卡普尼恩","","1576","20237","0","3","9"
"3816","桑古納爾領主","","1576","20178","0","2","9"
"3817","工程大師泰隆尼卡斯","","1576","20177","0","4","9"
"3818","凱爾薩斯‧逐日者","","1576","20023","607669","0","9"
"3819","『晦暗者』薩拉瑞德","","1576","20236","0","1","9"
"3820","瑞齊‧凜冬","","1577","17444","1385762","0","9"
"3821","安納塞隆","","1578","21069","1385714","0","9"
"3822","卡茲洛加","","1579","17886","1385745","0","9"
"3823","亞茲加洛","","1580","18526","1385719","0","9"
"3824","阿克蒙德","","1581","20939","1385716","0","9"
"3825","高階督軍納珍塔斯","","1582","21174","1378986","0","9"
"3826","瑟普莫斯","","1583","21145","1379016","0","9"
"3827","阿卡瑪的黑暗面","","1584","21357","1379011","0","9"
"3829","葛塔格‧血沸","","1586","21443","1378983","0","9"
"3830","憤怒精華","","1587","21484","0","2","9"
"3831","慾望精華","","1587","21485","0","1","9"
"3832","受難精華","","1587","21483","1385764","0","9"
"3833","薩拉茲女士","","1588","21252","1379000","0","9"
"3834","粉碎者高希歐","","1589","21416","1385743","0","9"
"3835","維拉斯‧深影","","1589","21418","0","3","9"
"3836","高等虛空術師札瑞佛","","1589","21417","0","1","9"
"3837","瑪蘭黛女士","","1589","21419","0","2","9"
"3838","伊利丹‧怒風","","1590","21135","1378987","0","9"
"3839","卡雷苟斯","","1591","23345","1385744","0","9"
"3840","『墮落者』薩索瓦爾","","1591","26628","0","1","9"
"3841","布魯托魯斯","","1592","22711","1385722","0","9"
"3842","魔龍謎霧","","1593","22838","1385730","0","9"
"3843","莎珂蕾希女士","","1594","23177","0","1","9"
"3844","大術士艾黎瑟絲","","1594","23334","1390438","0","9"
"3845","莫魯","","1595","23404","1385757","0","9"
"3846","安卓普斯","","1595","23428","0","1","9"
"3847","基爾加丹","","1596","23200","1385746","0","89"
"3848","泰朗‧血魔","","1585","21262","1379018","0","9"
"3849","『石之看守者』亞夏梵","","1597","26967","1385715","0","64"
"3850","『風暴看守者』艾瑪隆","","1598","27108","1385727","0","64"
"3851","『烈焰看守者』寇拉隆","","1599","29524","1385748","0","64"
"3852","『寒冰看守者』拓拉梵","","1600","31089","1385767","0","65"
"3853","阿努比瑞克漢","","1601","15931","1378964","0","9"
"3854","大寡婦費琳娜","","1602","15940","1378980","0","9"
"3855","梅克絲娜","","1603","15928","1378994","0","9"
"3856","『瘟疫使者』諾斯","","1604","16590","1379004","0","9"
"3857","『不潔者』海根","","1605","16309","1378984","0","9"
"3858","憎恨者","","1606","16110","1378991","0","9"
"3859","死亡騎士實習者","","1607","16539","0","1","9"
"3860","講師拉祖維斯","","1607","16582","1378988","0","9"
"3861","『收割者』高希","","1608","16279","1378979","0","9"
"3862","布洛莫斯女士","","1609","16153","0","2","9"
"3863","瑞文戴爾男爵","","1609","10729","1385732","0","9"
"3864","札里克爵士","","1609","16154","0","3","9"
"3865","寇斯艾茲族長","","1609","16155","0","1","9"
"3866","縫補者","","1610","16174","1379005","0","9"
"3867","葛羅巴斯","","1611","16035","1378981","0","9"
"3868","古魯斯","","1612","16064","1378977","0","9"
"3869","泰迪斯","","1613","16137","1379019","0","64"
"3870","薩菲隆","","1614","16033","1379010","0","9"
"3871","科爾蘇加德","","1615","15945","1378989","0","9"
"3872","夏德朗","","1616","27421","0","2","9"
"3873","坦納伯朗","","1616","27082","0","1","9"
"3874","維斯佩朗","","1616","27039","0","3","9"
"3875","撒爾薩里安","","1616","27035","1385765","0","9"
"3876","瑪里苟斯","","1617","26752","1385753","0","9"
"3877","酸喉與懼鱗","","1618","29815","0","1","9"
"3878","『穿刺者』戈莫克","","1618","29614","1390440","0","9"
"3879","冰嚎","","1618","21601","0","2","9"
"3880","威爾弗雷德‧菲斯巴恩","","1619","29814","0","1","9"
"3881","賈拉克瑟斯領主","","1619","29615","1385752","0","9"
"3883","修庫爾","","1620","29779","0","7","9"
"3884","安薩‧修爐匠","","1620","29767","0","1","9"
"3885","瑟芮莎‧厲濺","","1620","29777","0","6","9"
"3886","艾芮絲‧影步","","1620","29776","0","3","9"
"3887","提瑞斯‧暮刃","","1620","29765","0","8","9"
"3888","諾佐‧嘯棍","","1620","29772","0","5","9"
"3892","梅拉朵‧谷行者","","1620","29780","0","4","9"
"3893","貝爾諾‧攜光者","","1620","29774","0","2","9"
"3895","愛莉希雅‧月巡者","","1620","29770","1390442","0","9"
"3897","嚴厲的凱普司","","1621","29783","0","2","9"
"3898","納霍克‧破鋼者","","1621","29793","0","7","9"
"3900","金賽兒‧凋擲","","1621","29787","0","3","9"
"3901","馬茲迪娜","","1621","29790","0","6","9"
"3902","高葛林‧影斬","","1621","29782","0","4","9"
"3905","薇薇安‧黑語","","1621","29791","0","9","9"
"3906","哈克佐格","","1621","29792","0","5","9"
"3907","碧菈娜‧風暴之蹄","","1621","29781","1390441","0","9"
"3908","伯洛連‧頑角","","1621","29784","0","1","9"
"3909","茹卡","","1621","29786","0","8","9"
"3910","艾狄絲‧暗寂","","1622","29267","0","1","9"
"3911","菲歐拉‧光寂","","1622","29240","1390443","0","9"
"3912","阿努巴拉克","","1623","29268","607542","0","9"
"3913","瑪洛嘉領主","","1624","31119","1378992","0","9"
"3914","亡語女士","","1625","30893","1378990","0","9"
"3915","薩魯法爾霸王","","1626","30416","1385737","0","9"
"3916","穆拉丁‧銅鬚","","1627","30508","1385736","0","9"
"3917","死亡使者薩魯法爾","","1628","30790","1378970","0","9"
"3918","膿腸","","1629","31006","1378972","0","66"
"3919","腐臉","","1630","31005","1379009","0","66"
"3920","普崔希德教授","","1631","30881","1379007","0","9"
"3921","泰爾達朗親王","","1632","30856","0","2","9"
"3922","瓦拉納爾親王","","1632","30858","1385721","0","9"
"3923","凱雷希斯親王","","1632","30857","0","1","9"
"3924","血腥女王菈娜薩爾","","1633","31165","1378967","0","9"
"3925","瓦莉絲瑞雅‧夢行者","","1634","30318","1379023","0","9"
"3926","辛德拉苟莎","","1635","30362","1379014","0","9"
"3927","巫妖王","","1636","30721","607688","0","9"
"3928","烈焰戰輪","","1637","28875","1385731","0","9"
"3929","『火爐之主』伊格尼司","","1638","29185","1385742","0","64"
"3930","銳鱗","","1639","28787","1385763","0","9"
"3931","XT-002拆解者","","1640","28611","1385773","0","9"
"3932","風暴召喚者布倫迪爾","","1641","28324","0","2","9"
"3933","破鋼者","","1641","28344","1390439","0","65"
"3934","符文大師墨吉姆","","1641","28381","0","1","66"
"3935","柯洛剛恩","","1642","28638","1385747","0","90"
"3936","奧芮雅","","1643","28651","1385717","0","67"
"3937","霍迪爾","","1644","28743","1385740","0","65"
"3938","希芙","","1645","28488","0","1","67"
"3939","索林姆","","1645","28977","1385770","0","65"
"3940","石木長者","","1646","29176","0","3","9"
"3941","芙蕾雅","","1646","28777","1385733","0","67"
"3942","亮葉長者","","1646","29174","0","1","9"
"3943","鐵枒長者","","1646","29175","0","2","64"
"3944","彌米倫","","1647","28578","1385754","0","9"
"3945","威札斯將軍","","1648","28548","1385735","0","9"
"3946","尤格薩倫","","1649","28817","1385774","0","9"
"3947","『觀察者』艾爾加隆","","1650","28641","1385713","0","9"
"3948","奧妮克希亞","","1651","8570","1379025","0","9"
"3949","海萊恩","","1652","31952","1385738","0","9"
"3962","羅克摩拉","","1662","62386","1410976","0","9"
"3963","黑爾雅","","1663","65043","1410957","0","9"
"3964","寇達娜","","1470","66480","1410942","0","9"
"3965","烏拉羅格‧塑崖者","","1665","62390","1410990","0","93"
"3967","厄索克","","1667","66676","1410991","0","9"
"3974","夢魘蛋","","1656","60365","0","1","9"
"3976","納拉薩斯","","1673","62391","1410971","0","9"
"3991","笞靈者卡哈杰","","1686","67433","1410969","0","9"
"3992","達古爾","","1687","62392","1410944","0","9"
"3993","米歐菲瑟‧曼納斯頓","","1688","67422","1410968","0","9"
"4001","膿臉","","1693","31006","1410950","0","66"
"4003","賽蘿恩","","1697","67636","1410977","0","9"
"4004","相位蜘蛛","","1697","65920","0","1","9"
"4011","血腥公主薩蕾娜","","1702","67638","1410938","0","9"
"4012","奈珊卓拉","","1703","67904","1410972","0","9"
"4013","泰拉爾","","1704","67745","0","3","9"
"4014","艾莫莉絲","","1704","67747","0","1","9"
"4015","伊索德雷","","1704","67748","1410945","0","9"
"4016","雷索","","1704","67749","0","2","9"
"4025","惡魔領主貝楚格","","1711","67324","1410948","0","9"
"4044","薩維斯","","1726","65636","1410994","0","64"
"4045","腐化之懼","","1726","68390","0","1","9"
"4054","提里埃斯","","1731","68567","1410989","0","9"
"4055","橡心","","1655","68127","1410973","0","9"
"4062","古爾丹","","1737","68500","1410955","0","9"
"4064","無形恐獸","","1726","69215","0","2","9"
"4065","潛伏恐獸","","1726","68972","0","3","9"
"4067","夢魘觸手","","1726","69120","0","4","9"
"4075","艾莉珊德","","1743","69082","1410954","0","9"
"4083","尼索格","","1749","69816","1411029","0","9"
"4084","塞納留斯","","1750","68656","1410940","0","9"
"4085","瑪法里恩‧怒風","","1750","70004","0","1","9"
"4086","熾炎魔符","","1751","1204","0","2","9"
"4087","寒冰魔符","","1751","69885","0","1","9"
"4088","秘法魔符","","1751","70177","0","3","9"
"4089","法刃艾露莉亞","","1751","68819","1410983","0","9"
"4102","克塔羅斯‧黑羽堡主","","1672","64656","1410967","0","9"
"4103","『憎恨者』惡擊","","1664","65304","1410982","0","9"
"4104","伊麗珊娜‧黑羽","","1653","65951","1410961","0","9"
"4105","眾魂融合體","","1518","65837","1410986","0","9"
"4106","諫言者梅朗卓斯","","1720","67346","1410933","0","9"
"4107","塔莉仙‧火冠","","1719","69267","1410985","0","9"
"4108","巡邏隊長葛陀","","1718","68521","1410975","0","9"
"4109","薩維斯之影","","1657","68730","1410979","0","9"
"4110","德瑞薩隆","","1656","69096","1410946","0","9"
"4111","深鬍子大王","","1491","67254","1410964","0","9"
"4112","盤恨女士","","1490","66397","1410966","0","9"
"4113","歐丁","","1489","67230","1410974","0","66"
"4114","神御之王斯寇瓦德","","1488","65873","1410953","0","9"
"4115","芬里爾","","1487","64466","1410949","0","9"
"4116","海爾珈","","1486","65076","1410959","0","9"
"4117","海姆達爾","","1485","67773","1410958","0","65"
"4118","諫言者凡卓斯","","1501","65794","1410934","0","9"
"4119","納爾提拉","","1500","65793","1410970","0","9"
"4120","薩卡爾將軍","","1499","65792","1410951","0","9"
"4121","寇斯提拉斯","","1498","65791","1410943","0","9"
"4122","伊凡爾","","1497","65741","1410963","0","9"
"4123","阿努貝賽特","","1696","67630","1410935","0","9"
"4124","顫喉","","1694","27767","1410980","0","86"
"4125","酷刑審判官","","1695","64719","1410962","0","9"
"4126","格雷瑟","","1469","66204","1410952","0","9"
"4127","泰拉松‧薩瑟里","","1467","65074","1410988","0","9"
"4128","艾樂瑞斯‧雷弗拉爾","","1744","69474","1410947","0","9"
"4129","伊蓋諾斯","","1738","69115","1410960","0","64"
"4130","時光異象","","1725","68970","1410941","0","9"
"4131","克羅索斯","","1713","68323","1410965","0","69"
"4132","斯寇派隆","","1706","67087","1410981","0","9"
"4133","星占師伊崔斯","","1732","68378","1410984","0","9"
"4134","夢魘恐獸","","1738","69231","0","1","64"
"4135","支配者的觸手","","1738","69882","0","4","67"
"4136","死凝觸手","","1738","69881","0","3","67"
"4137","夢魘黏液","","1738","69925","0","5","63"
"4138","腐化觸手","","1738","69880","0","2","67"
"4139","薩索斯","","1763","70659","1411030","0","9"
"4140","麥迪文的回音","","1764","18720","1385724","0","9"
"4151","卡拉米爾","","1774","70975","1411024","0","65"
"4158","夢魘魔怪","","1654","69455","0","1","9"
"4165","惡魔納札卡","","1783","71534","1411028","0","64"
"4173","提克迪奧斯","","1762","68320","1410987","0","63"
"4174","大植物學家泰亞恩","","1761","68963","1410939","0","9"
"4175","自然學家泰亞恩","","1761","70824","0","1","9"
"4176","日能學家泰亞恩","","1761","70822","0","2","9"
"4183","恨裔幼龍","","1656","69908","0","2","9"
"4184","亞娜慕茲","","1790","71277","1411023","0","64"
"4185","『霜血』督剛","","1789","68225","1411025","0","66"
"4186","劫奪者約登","","1756","62703","0","2","9"
"4187","捕魂者梅芙拉","","1756","69803","1411031","0","66"
"4188","赫林隊長","","1756","69849","0","1","9"
"4189","魔化魔符","","1751","69906","0","4","9"
"4190","恐懼憎惡體","","1726","69684","0","5","9"
"4191","凋萎者吉姆","","1796","67466","1472455","0","67"
"4198","休蒙格里斯","","1770","67258","1411026","0","64"
"4199","利薇妲絲","","1769","70946","1411027","0","65"
"4200","毀滅觸手","","1663","66346","0","2","9"
"4201","纏繞觸手","","1663","66618","0","1","9"
"4202","弗洛山","","1795","66811","1472454","0","64"
"4227","麥迪文之影","","1817","18718","1536496","0","9"
"4228","歐丁","","1819","67230","1410974","0","66"
"4230","法力吞噬者","","1818","73157","1536492","0","9"
"4231","艾菲拉","","1820","17550","1536495","0","9"
"4232","嘉琳德","","1820","73156","0","1","9"
"4234","飛翼助手","","1820","73262","0","2","9"
"4241","貞潔聖女","","1825","16198","1378997","0","67"
"4242","莫哩呀","","1826","73161","0","1","9"
"4243","東泥","","1826","73159","1536494","0","9"
"4244","爐鍋太太","","1827","73301","0","2","9"
"4245","葛士頓","","1827","73202","1536493","0","9"
"4246","盧米諾","","1827","65104","0","1","9"
"4247","掃把","","1827","73203","0","3","9"
"4249","黑爾雅","","1829","65043","1410957","0","68"
"4250","秘法學家泰亞恩","","1761","70823","0","3","9"
"4251","加爾姆","","1830","70104","1536491","0","9"
"4252","遲緩的時光元素","","1743","55131","0","1","9"
"4253","加快的時光元素","","1743","55143","0","2","9"
"4254","碎裂的時光粒子","","1725","55561","0","2","9"
"4255","衰弱的時光粒子","","1725","68616","0","1","9"
"4256","大德魯伊葛萊達利斯","","1654","69815","1410936","0","67"
"4263","獵人阿圖曼","","1835","73162","1536490","0","9"
"4264","午夜","","1835","73160","0","1","9"
"4265","摩洛斯","","1837","16540","1378999","0","9"
"4273","『監視者』維茲亞頓","","1838","73709","1536497","0","9"
"4292","哈亞潭","","1856","74020","1579940","0","9"
"4300","館長","","1836","16958","1379020","0","9"
"4301","薩絲茵女士","","1861","74287","1579939","0","9"
"4311","亞崔岡","","1867","74282","1579936","0","70"
"4312","巴烈克","","1867","74283","0","1","65"
"4319","遲緩的時光元素","","1872","55131","0","1","9"
"4320","加快的時光元素","","1872","55143","0","2","9"
"4321","艾莉珊德","","1872","69082","1410954","0","9"
"4322","墮落化身","","1873","74497","1579932","0","65"
"4323","勇氣聖女","","1873","74498","0","1","67"
"4330","剃顎鬥士","","1856","5306","0","2","9"
"4331","暗鱗監工","","1856","74438","0","3","9"
"4332","剃顎癒潮者","","1856","5286","0","1","9"
"4333","梅菲斯托","","1878","74426","1579938","0","9"
"4340","布魯托魯斯","","1883","66677","1385722","0","63"
"4341","梅里費克斯","","1884","63619","1579937","0","63"
"4342","希娃旭","","1885","74528","1579941","0","9"
"4344","苟洛斯","","1862","74493","1579934","0","63"
"4351","戒守聖女","","1897","74875","1579933","0","66"
"4358","靈魂引擎","","1896","74496","1579943","0","9"
"4359","靈魂女王德亞娜","","1896","74861","0","1","67"
"4360","女獵手卡絲佩蕾","","1903","74874","1579935","0","67"
"4361","女祭司月樹","","1903","74775","0","2","67"
"4362","雅賽‧月擊隊長","","1903","74748","0","1","67"
"4364","阿格諾斯","","1905","74482","1579930","0","9"
"4365","『厭惡者』痛咬","","1906","78445","1579942","0","9"
"4372","荒寂聚合體","","1896","75045","0","2","9"
"4417","亞破克隆","","1956","67647","1134499","0","65"
"4418","月爪","","1903","75101","0","3","9"
"4445","多瑪崔斯","","1904","76609","1579931","0","9"
"4446","基爾加丹","","1898","74504","1385746","0","9"
"4453","瓦里瑪薩斯","","1983","76327","1715223","0","9"
"4454","阿格拉瑪","","1984","76570","1715207","0","9"
"4455","『暗夜之母』雅薩拉","","1986","76917","0","1","66"
"4456","『幽寒之母』迪伊瑪","","1986","76918","0","2","9"
"4457","『火焰之母』諾烏拉","","1986","76919","1715222","0","9"
"4468","加洛斯碎界者","","1992","76534","1715210","0","65"
"4469","法爾格","","1987","77004","1715209","0","71"
"4470","沙圖格","","1987","76990","0","1","71"
"4477","路拉","","1982","76770","1715214","0","9"
"4480","斯維拉克斯上將","","1997","78817","1715225","0","9"
"4481","首席工程師伊胥卡","","1997","76921","0","1","9"
"4489","『超凡者』祖拉爾","","1979","77626","1715226","0","9"
"4490","副將聶薩","","1981","76614","1715224","0","9"
"4491","暗牙","","1980","76602","0","1","9"
"4492","賽普瑞許","","1980","76771","1715220","0","9"
"4499","加洛斯毀滅者","","2004","77748","0","3","65"
"4500","加洛斯殲滅者","","2004","77295","0","1","65"
"4501","加洛斯屠殺者","","2004","77299","0","2","65"
"4508","『守門者』海瑟貝爾","","1985","78229","1715219","0","9"
"4509","鬼母佛努娜","","2010","72943","1715215","0","64"
"4510","魔女雅露拉黛兒","","2011","78119","1715216","0","9"
"4511","審判官梅托","","2012","76271","1715212","0","9"
"4512","歐庫雷洛斯","","2013","65156","1715217","0","64"
"4515","大裂隙看守者","","1982","76471","0","1","9"
"4516","衰滅虛無","","1982","29209","0","2","9"
"4517","金加洛斯","","2004","54860","1715213","0","64"
"4530","影翼蝠","","1980","78427","0","2","9"
"4537","『宇宙之母』蘇拉雅","","1986","78463","0","3","66"
"4556","伊洛德斯將軍","","1997","76922","0","2","9"
"4561","梭塔納索","","2014","62714","1715221","0","70"
"4562","深淵領主邪莫斯","","2015","78146","1715218","0","63"
"4563","『獵魂者』伊莫納爾","","2009","78031","1715211","0","70"
"4564","伊歐娜精華","","2025","79794","1715208","0","67"
"4565","暗影畸獸","","1979","19634","0","1","9"
"4566","『滅界者』阿古斯","","2031","78709","1715536","0","70"
"4603","女祭司艾露薩","","2082","80293","1778348","0","9"
"4604","瑞贊","","2083","78188","1778349","0","9"
"4605","古老的骸骨","","2083","33733","0","1","9"
"4620","尤多拉船長","","2093","80346","1778346","0","9"
"4621","喬利船長","","2093","80532","0","1","9"
"4623","哈蘭‧史威特","","2095","80008","1778347","0","9"
"4624","沃卡爾","","2036","79453","1778352","0","9"
"4625","亞茲瑪","","2030","79568","1778353","0","9"
"4628","天空隊長克拉格","","2102","80382","1778351","0","9"
"4629","鯊鯊","","2102","80438","0","1","9"
"4636","惡魔守衛","","2025","9018","0","1","65"
"4637","惡魔領主","","2025","77321","0","5","65"
"4638","魔能匿蹤者","","2025","62227","0","2","64"
"4639","惡魔犬","","2025","70435","0","4","9"
"4640","魔能毀滅者","","2025","79610","0","6","65"
"4641","風掣魔蝠","","2025","65202","0","3","9"
"4642","鯊爆猛拳","","2094","55657","1778350","0","9"
"4649","沙后","","2097","82983","2176753","0","9"
"4650","傑斯‧嚎里斯","","2098","81739","2176733","0","9"
"4651","騎士隊長瓦萊麗","","2099","81498","2176735","0","9"
"4653","拉沃船長","","2093","81060","0","2","9"
"4666","喚孢者贊查","","2130","81977","2176748","0","9"
"4667","感染者岩喉","","2131","82072","2176719","0","9"
"4669","女巫索蕾娜","","2125","82071","0","2","64"
"4670","女巫瑪萊蒂","","2125","81999","0","1","64"
"4671","女巫布萊兒","","2125","81996","2176732","0","64"
"4672","班布里吉中士","","2133","84382","2176746","0","9"
"4673","威奎斯特領主","","2128","83349","2176736","0","64"
"4674","威奎斯特夫人","","2128","87188","0","1","9"
"4675","縛魂巨怪","","2126","79398","2176747","0","64"
"4676","哈達爾‧黑淵","","2134","67541","2176730","0","9"
"4683","特薩恩","","2139","82592","2176755","0","9"
"4688","吉亞拉克","","2141","82392","2176734","0","9"
"4689","吉亞拉克小龍","","2141","76910","0","1","9"
"4694","噬臭者","","2146","82831","2176725","0","9"
"4702","渦庫瑟","","2153","85628","2176712","0","9"
"4703","喚風者菲依","","2154","83273","0","1","9"
"4704","鐵甲修士","","2154","84679","2176754","0","9"
"4706","斯陀頌恩領主","","2155","80996","2176737","0","9"
"4707","『低語者』沃澤斯","","2156","84370","2176759","0","9"
"4708","黎克沙長老","","2157","82394","2176724","0","9"
"4710","阿德利斯","","2142","80545","2176710","0","9"
"4711","艾斯匹","","2142","80566","0","1","9"
"4714","『貪吃鬼』雷爾","","2127","83656","2176744","0","64"
"4715","拋棄式僕人","","2127","82873","0","1","9"
"4725","莫芮克莎","","2143","88585","2176739","0","9"
"4727","劇毒爬蛇","","2143","78250","0","1","9"
"4728","加瓦茲特","","2144","81654","2176727","0","9"
"4730","死觸奴隸","","2129","85978","0","1","9"
"4731","札克沃茲","","2169","85193","2176761","0","9"
"4732","異種蠍戰士","","2169","75705","0","1","9"
"4733","奈幽虛織者","","2169","24130","0","2","9"
"4734","腐化殘跡","","2167","69925","0","1","9"
"4735","古翰","","2147","84102","2176728","0","9"
"4738","心之守護者","","2145","84761","0","2","9"
"4739","咒毒妖術師","","2145","84676","0","1","9"
"4740","瑟沙利斯化身","","2145","83203","2176713","0","9"
"4747","荒疫散佈者觸手","","2147","84808","0","1","91"
"4748","獨眼恐獸","","2147","83793","0","2","91"
"4749","黑暗幼體","","2147","85632","0","3","9"
"4757","塔羅克","","2168","85386","2176749","0","64"
"4771","燃爆血滴","","2168","33006","0","1","9"
"4772","瘟疫醫生","","2145","86210","0","3","9"
"4773","聚合之血","","2168","84871","0","2","9"
"4774","冰雹傀儡","","2197","80964","2176731","0","9"
"4775","艾索埃瑟斯","","2199","58717","2176716","0","9"
"4792","雄獅執盾兵","","2212","85590","0","2","9"
"4793","雄獅之吼","","2212","85236","2176752","0","9"
"4794","雄獅工程師","","2212","85574","0","1","9"
"4795","雄獅戰爭法師","","2212","85591","0","3","9"
"4796","末日之吼","","2213","85735","2176721","0","9"
"4797","末日之吼戰爭法師","","2213","85738","0","3","9"
"4798","末日之吼工程師","","2213","85736","0","1","9"
"4799","末日之吼恐怖戰盾兵","","2213","85737","0","2","9"
"4800","『噬漠者』夸勞克","","2210","86780","2176723","0","9"
"4801","餓扁的拉尼舒","","2210","76382","0","1","9"
"4802","艾澤洛克","","2114","83891","2176714","0","9"
"4803","投幣式群眾鎮壓機器人","","2109","80443","2176718","0","9"
"4804","芮克莎‧熔焰","","2115","81489","2176745","0","9"
"4805","瑞茲當克老大","","2116","81816","2176740","0","9"
"4900","嗜血克洛格","","2195","78853","0","3","9"
"4901","祖爾","","2195","84351","2176762","0","9"
"4902","納茲曼血咒師","","2195","86108","0","2","9"
"4903","納茲曼粉碎者","","2195","86102","0","1","9"
"4904","黃金風蛇","","2165","84202","2176751","0","9"
"4905","『墓葬者』瑪欽巴","","2171","83529","2176738","0","9"
"4906","『屠殺者』庫拉","","2170","84272","0","2","9"
"4907","『征服者』阿卡亞莉","","2170","84269","2176750","0","9"
"4908","『智者』薩納瑟爾","","2170","84271","0","1","9"
"4909","神王達薩","","2172","84352","2176720","0","9"
"4916","腐化血囊","","2146","86494","0","1","9"
"4917","喬巴‧紅鉤","","2132","84821","2176717","0","9"
"4918","恐怖船長洛克伍德","","2173","88579","2176722","0","9"
"4919","無縛異怪","","2158","86632","2176756","0","9"
"4920","監督者寇格斯","","2096","81505","2176743","0","9"
"4921","勾拉圖爾","","2129","85983","2176729","0","66"
"4922","戰爭使者葉南茲","","2198","84332","2176760","0","9"
"4923","母親大人","","2167","85630","2176741","0","67"
"4924","維克提斯","","2166","85116","2176757","0","9"
"4925","揭滅者謎思拉克斯","","2194","84615","2176742","0","9"
"4926","膽汁小軟泥怪","","2127","75044","0","2","9"
"4927","沙殼猛蛇","","2143","78247","0","2","9"
"4928","抗藥性病菌","","2167","84871","0","2","9"
"4929","病毒傳染源","","2167","81077","0","3","9"
"4936","維克高斯","","2140","87990","2176758","0","9"
"4938","葛隆","","2325","88863","2497783","0","9"
"4939","鬥猿挑釁者3000型","","2325","29080","0","2","9"
"4941","『森林之王』伊弗斯","","2329","88956","2497782","0","9"
"4942","芙麗達‧鐵箱","","2333","88795","2497778","0","9"
"4943","受庇佑的侍徒","","2333","89232","0","1","9"
"4944","暗鑄十字軍","","2333","89233","0","2","9"
"4948","獵頭者葛瓦納","","2335","48525","0","3","9"
"4949","突圍者羅卡","","2335","82629","0","4","9"
"4950","伯昂撒姆第","","2335","75961","0","1","9"
"4951","神王拉斯塔哈","","2335","89115","2497784","0","9"
"4952","拉斯塔瑞榮譽守衛","","2335","79770","0","5","9"
"4953","高階教士薩蘭","","2335","83392","0","2","9"
"4956","約瑟夫修士","","2337","89306","0","2","9"
"4958","凱瑟琳修女","","2337","89304","0","1","9"
"4959","拉彌納利亞","","2337","90322","2497786","0","9"
"4966","『復生者』葛隆","","2340","89250","2497780","0","9"
"4967","死亡鬼靈","","2340","89722","0","1","9"
"4971","瑞贊侍徒","","2344","89804","0","1","9"
"4972","若瓦妮‧卡奈","","2344","88796","2497789","0","9"
"4973","贊達拉十字軍","","2344","89805","0","2","9"
"4975","腐爛的伊弗斯","","2345","89962","2497781","0","9"
"4976","烏納特","","2332","88864","2497794","0","9"
"4977","『可怖者』法蘇爾","","2328","89415","0","1","9"
"4978","『語者』札克沙吉","","2328","88850","2497795","0","9"
"4979","大工匠梅卡托克","","2334","7006","2497788","0","9"
"4980","火花機器人","","2334","28573","0","1","9"
"4981","自爆綿羊","","2334","3886","0","2","9"
"4982","珍娜‧普勞德摩爾女士","","2343","87892","2497785","0","9"
"4985","飛行鬥猿","","2325","89712","0","1","9"
"4986","金輝魔靈","","2342","89251","2497790","0","9"
"4987","曼瑟洛伊‧焰拳","","2341","89012","2529383","0","9"
"4988","梅絲翠","","2341","89013","0","1","9"
"4989","瑪拉‧厲牙","","2323","89008","2497787","0","9"
"4990","安納索斯‧喚火者","","2323","89010","0","1","9"
"4991","帕骷的化身","","2330","89050","2497779","0","9"
"4992","金布爾的化身","","2330","89053","0","2","9"
"4993","亞昆達的化身","","2330","89052","0","3","9"
"4994","剛克的化身","","2330","89051","0","1","9"
"4996","札奎爾","","2349","90895","3012064","0","268"
"4999","歐格澤亞","","2351","91613","3012054","0","9"
"5000","澤亞洛伊","","2351","90987","0","1","9"
"5004","深淵指揮官希瓦菈","","2352","91072","3012047","0","9"
"5008","勾巴馬克王","","2357","90502","3012050","0","9"
"5009","廢骨拾荒者","","2357","4905","0","1","9"
"5010","遭竊的電擊線圈","","2357","91082","0","3","9"
"5011","遭竊的廢料機器人","","2357","90821","0","2","9"
"5016","髒克","","2358","91907","3012048","0","9"
"5017","噴灑機器人","","2358","91631","0","1","9"
"5020","機械岡國王","","2331","91120","3012051","0","9"
"5021","首席機械師火熔","","2348","23397","3012053","0","9"
"5022","白金打擊者","","2336","91216","3012060","0","9"
"5023","地精鏟肉機","","2336","91879","0","1","9"
"5024","K.U.-J.0.機械犬","","2339","90775","3012052","0","9"
"5025","『狂熱者』希利瓦茲","","2359","92223","3012057","0","9"
"5026","『狂熱者』帕斯瑪","","2359","91617","0","1","9"
"5027","塞瑞納斯","","2361","91697","0","2","9"
"5028","艾瑟妮","","2361","91696","0","1","9"
"5030","艾薩拉的效忠者","","2361","92040","0","4","9"
"5031","海潮祭司","","2361","91726","0","6","9"
"5032","過度狂熱的巨怪","","2361","80968","0","3","9"
"5033","艾薩拉女王","","2361","86567","3012056","0","9"
"5034","忠實的部屬","","2361","91759","0","7","9"
"5035","恐怖召喚師","","2349","32501","0","1","9"
"5036","恐怖幻象","","2349","92608","0","2","9"
"5037","釋放夢魘","","2349","80423","0","3","64"
"5038","首席秘法師薩莉瑟拉","","2349","67345","0","4","274"
"5039","烏爾瑪斯","","2362","90989","3012061","0","9"
"5040","月之祭司萊亞菈","","2362","91569","0","1","9"
"5041","守護者坦寧","","2362","91573","0","2","9"
"5042","艾薩拉的不撓者","","2361","92328","0","5","9"
"5043","黑水巨鰻","","2347","91379","3012062","0","9"
"5044","艾薩拉光輝","","2353","89445","3012058","0","9"
"5045","艾胥凡女士","","2354","91478","3012055","0","9"
"5046","崔克西‧電槍","","2360","92001","3012059","0","9"
"5047","奈洛‧超擊","","2360","92000","0","1","9"
"5048","HK-8型空中壓制單位","","2355","92099","3012049","0","9"
"5049","威克瑪拉","","2363","92425","3012063","0","9"
"5050","威克瑪拉之子","","2363","91872","0","1","9"
"5051","艾薩利女巫","","2351","91258","0","3","9"
"5052","盤懼巨怪","","2351","74020","0","4","9"
"5053","贊季爾部屬","","2351","91317","0","2","9"
"5054","機輪摩托車","","2360","91634","0","2","9"
"5062","默特","","2365","92912","3256380","0","9"
"5063","恩若司之怒","","2366","94720","3256376","0","9"
"5066","薇希歐娜","","2370","92621","3257677","0","86"
"5067","邪惡刻魂者","","2370","93182","0","3","9"
"5068","狂熱教徒","","2370","93176","0","1","338"
"5069","錮法祭儀師","","2370","93187","0","2","67"
"5070","虛無蛻變者","","2370","92689","0","5","337"
"5071","鐵克里斯","","2372","92756","0","1","9"
"5072","卡吉爾","","2372","93287","3256378","0","9"
"5073","亞基衝刺者","","2372","91810","0","2","9"
"5074","亞基工蟲","","2372","92906","0","3","9"
"5075","黑暗化身","","2365","93869","0","1","9"
"5079","預言者斯奇崔","","2369","93448","3256384","0","64"
"5080","『腐化者』恩若司","","2375","93507","3256381","0","333"
"5082","艾薩拉女王","","2377","86567","0","1","64"
"5084","黑暗審判官克珊內絲","","2377","93159","3256386","0","330"
"5086","『無盡飢餓』薩德哈","","2367","19368","3256383","0","9"
"5087","奈奧羅薩之血","","2374","69925","0","2","9"
"5088","腐化臟器","","2374","93504","0","1","334"
"5089","增生覆蓋的觸手","","2366","93931","0","2","335"
"5090","合體增生","","2366","93174","0","5","64"
"5091","恐怖出血","","2366","93200","0","3","64"
"5092","菌絲囊腫","","2366","93171","0","6","64"
"5093","夢魘抗原","","2366","92610","0","4","9"
"5094","瘋狂凝視","","2366","90717","0","1","336"
"5097","亞基劫毀者","","2372","85193","0","4","64"
"5098","杉札拉女皇","","2378","92227","3284400","0","9"
"5101","札拉席克蟲群衛士","","2378","86379","0","1","9"
"5102","札拉席克塑珀者","","2378","86376","0","2","9"
"5104","亞基甲蟲","","2381","92906","0","1","9"
"5105","『碎地者』巫克拉茲","","2381","85193","3284401","0","9"
"5106","赦免影像","","2369","94424","0","1","64"
"5108","萊公","","2364","93871","3256382","0","65"
"5109","轟雷潛獵者","","2364","65631","0","1","9"
"5110","卓雷阿葛斯之口","","2373","93542","0","2","336"
"5111","卓雷阿葛斯之眼","","2373","93541","0","3","336"
"5112","卓雷阿葛斯","","2373","93543","3256377","0","331"
"5113","卓雷阿葛斯觸手","","2373","94583","0","1","335"
"5114","痛擊觸手","","2366","94788","0","7","335"
"5115","鋼鐵意志執法者","","2370","93738","0","4","338"
"5118","怒西昂","","2368","93334","3256385","0","86"
"5119","伊蓋諾斯","","2374","93513","3256379","0","332"
"5132","貪婪的奎西斯","","2388","93853","3753153","0","64"
"5133","虛無獵人","","2364","60652","0","2","9"
"5134","庫薩洛克","","2389","96088","3753154","0","9"
"5135","『收割者』亞瑪斯","","2391","95231","3753146","0","67"
"5136","再活化的法師","","2391","96062","0","3","67"
"5137","再活化的戰士","","2391","96060","0","2","67"
"5138","骨牙","","2391","94926","0","1","9"
"5140","縫肉的作品","","2392","94046","0","1","9"
"5144","『劇毒者』帕瑟朗","","2397","96503","0","1","9"
"5145","『詛咒者』薩賽爾","","2397","94780","0","2","67"
"5146","『斬首者』黛西亞","","2397","96820","3752153","0","67"
"5147","『未逝者』薩夫","","2390","95439","3752199","0","64"
"5148","希夏","","2398","93596","3753147","0","361"
"5149","歐法蘭樹林長","","2400","95564","0","1","66"
"5150","英拉馬洛克","","2400","95497","3753152","0","67"
"5152","肉排","","2401","95106","3752169","0","9"
"5153","阿祖爾","","2399","93471","3752177","0","9"
"5154","金塔拉","","2399","95068","0","1","65"
"5156","伊克思博士","","2403","96919","3752162","0","9"
"5157","藩侯史特拉達瑪","","2404","95794","3752180","0","9"
"5158","崔朵瓦","","2405","95809","3752194","0","9"
"5159","哈奇厄斯","","2406","94941","3752171","0","65"
"5160","凱厄將軍","","2407","95721","3752167","0","358"
"5162","『奪魂者』哈卡","","2408","95484","3752170","0","9"
"5163","米歐浩斯‧曼納斯頓","","2409","68818","0","1","9"
"5164","米歐菲瑟‧曼納斯頓","","2409","67422","3752193","0","9"
"5166","至高判決者阿利茲","","2411","94503","3753150","0","355"
"5168","恐怖的教區居民","","2411","90425","0","1","9"
"5170","溫圖納斯","","2416","92193","3752198","0","9"
"5171","莫瑞莎","","2417","96078","3752182","0","86"
"5172","艾可隆","","2387","95060","3752165","0","358"
"5173","工藝師希莫斯","","2418","95375","3752156","0","362"
"5174","迅捷化身","","2415","94279","0","1","9"
"5175","處決者塔沃德","","2415","96156","3753148","0","9"
"5176","葛洛格羅","","2419","95844","3752168","0","66"
"5177","黏液凝塊","","2419","96635","0","1","9"
"5178","靈魂灌注者","","2422","95921","0","6","355"
"5179","邪惡神秘學者","","2422","95922","0","5","355"
"5180","岩縛鎮壓者","","2422","95923","0","3","358"
"5181","凱爾薩斯之影","","2422","94481","0","1","9"
"5182","凱爾薩斯‧逐日者","","2422","94482","3753157","0","9"
"5184","多米娜‧毒刃","","2423","96475","3752163","0","9"
"5185","戴納瑟斯王","","2424","92797","3752159","0","63"
"5186","復生的弩手","","2391","96114","0","4","67"
"5187","縫補師縫肉","","2392","96477","3753158","0","9"
"5188","贖罪容器","","2411","96296","0","2","9"
"5189","荒骨","","2395","95467","3752157","0","9"
"5190","食腐骨蟲","","2395","15963","0","1","9"
"5192","『霜縛者』納爾索","","2396","96085","3753155","0","9"
"5193","佐拉慕斯虹吸者","","2396","94091","0","1","67"
"5194","淒翼刺客","","2422","96609","0","4","358"
"5195","擾人的惡魔","","2422","94498","0","7","9"
"5196","高階折磨者達利索斯","","2422","96156","0","2","9"
"5197","石嘯翼蝠","","2393","95719","3752190","0","9"
"5198","赤紅秘術師","","2424","93611","0","2","355"
"5200","凱厄將軍","","2425","95721","3753156","0","358"
"5201","佛蕾妲女爵","","2426","96836","0","1","355"
"5202","守城將領尼克勞斯","","2426","96835","3753159","0","355"
"5203","史塔沃斯勛爵","","2426","96837","0","2","355"
"5204","雷莫尼亞","","2424","96665","0","1","357"
"5205","飢餓破壞者","","2428","94223","3752174","0","66"
"5206","繆薩拉","","2410","96358","3752184","0","66"
"5207","精兵石護衛","","2426","96708","0","3","9"
"5208","怠惰的服務生","","2426","96005","0","4","9"
"5209","泥拳","","2394","95623","3752191","0","66"
"5210","總監督者貝莉亞","","2421","94781","3753149","0","355"
"5211","奧利菲翁","","2414","93502","3752189","0","64"
"5212","德沃絲","","2412","95665","3752160","0","65"
"5213","宮務大臣","","2413","95103","3752179","0","355"
"5214","育巢刺客","","2423","96434","0","1","9"
"5216","滲液殘渣","","2401","94761","0","1","9"
"5220","賀庫提司","","2429","95540","0","3","9"
"5221","巴加斯特","","2429","95538","0","2","9"
"5222","獵人亞提默","","2429","95643","3753151","0","355"
"5223","瑪格雷","","2429","95539","0","1","9"
"5224","茵娜瓦‧暗脈女士","","2420","96806","3752178","0","356"
"5225","黏液混合體","","2419","95790","0","2","9"
"5226","瓦立諾","","2430","93501","3752195","0","65"
"5227","莫塔尼斯","","2431","94814","3752183","0","360"
"5228","『恆枝』奧蘭諾莫諾斯","","2432","98240","3752188","0","65"
"5229","『淤泥化身』納苟許","","2433","96694","3752187","0","65"
"5230","石源魔軍團巨人","","2425","95707","0","3","9"
"5231","石源魔軍團特種兵","","2425","96699","0","2","9"
"5232","喚霧者","","2402","96451","3752181","0","9"
"5233","葛拉薩將軍","","2425","98156","0","1","9"
"5234","泰拉古魯","","2435","99060","4071444","0","9"
"5236","佐菲克斯","","2437","98515","4071449","0","9"
"5240","海布藍德","","2448","70368","4071429","0","65"
"5241","時光船長鉤尾","","2449","100063","4071446","0","9"
"5243","希瓦娜斯‧風行者","","2441","95032","4071443","0","9"
"5248","帶刺的球","","2443","100531","0","1","64"
"5249","亞奇力特","","2454","92534","0","1","9"
"5250","阿克魯斯","","2454","94225","4071447","0","9"
"5251","溫札‧金熔","","2454","100564","0","2","9"
"5253","折磨之球","","2444","100681","0","1","9"
"5256","荒疫之盔","","2444","100741","0","4","9"
"5257","厲惡護手","","2444","100740","0","3","9"
"5258","統御之盔","","2444","100736","0","2","9"
"5259","苦痛工匠拉茲內爾","","2443","100920","4079051","0","9"
"5261","靈魂撕裂者多瑪贊","","2445","100569","4071442","0","9"
"5263","斯凱雅","","2439","100851","0","2","9"
"5264","西格妮","","2439","100853","0","1","9"
"5265","凱拉","","2439","100852","4071445","0","9"
"5266","靈魂劫掠者","","2440","90017","0","1","9"
"5267","霜縛效忠者","","2440","96988","0","2","9"
"5268","科爾蘇加德","","2440","96238","4071435","0","9"
"5269","無法阻止的憎惡體","","2440","96437","0","3","9"
"5270","科爾蘇加德殘靈","","2440","28934","0","4","9"
"5271","海盜蠻兵","時光船長鉤尾手下緩慢但力氣很大的船員。會持續追著玩家直到受到鉤尾的|cFF2959D3|Hspell:350517|h[時間扭曲]|h|r效果加速","2449","81279","0","1","9"
"5272","淵誓折磨者","","2445","101110","0","1","9"
"5273","淵誓主宰","","2445","101000","0","2","9"
"5274","寶庫淨化者","","2448","100495","0","1","9"
"5275","索利亞","","2455","100737","4071441","0","9"
"5276","郵務主管","","2436","100722","4071438","0","9"
"5277","佐戈隆","","2452","100497","4071448","0","9"
"5278","索阿茲米","","2451","99094","4071440","0","9"
"5279","獄主之眼","","2442","100237","4071426","0","9"
"5280","耐祖奧的殘骸","","2444","101216","4071439","0","9"
"5281","首創者的守護者","","2446","101174","4071428","0","9"
"5282","述命者羅卡洛","","2447","100911","4071427","0","379"
"5283","莫傑斯","","2456","98527","4071436","0","9"
"5284","掙脫的靈魂","","2456","100016","0","2","9"
"5285","靈魂牢籠","","2456","98535","0","1","9"
"5286","影鋼餘燼","","2443","38549","0","2","9"
"5287","衍命異常體","","2447","94281","0","2","9"
"5288","衍命巨怪","","2447","94279","0","1","9"
"5289","綠洲保全","","2452","101270","0","3","9"
"5290","鬧事的顧客","","2452","101544","0","1","9"
"5291","鬧場的顧客","","2452","101271","0","2","9"
"5292","命運魔影","","2447","89467","0","3","9"
