Id,SourceText,ItemId,Flags,SourceTypeEnum
"1","|cFFFFD200掉落：|r世界掉落","1973","0","0"
"4","|cFFFFD200黑市拍賣場|r","32566","0","2"
"5","|cFFFFD200黑市拍賣場|r","33223","0","2"
"7","|cFFFFD200黑市拍賣場|r","38578","0","2"
"9","|cFFFFD200節慶：|r愛就在身邊|n|cFFFFD200商人：|r可愛商品商人|n|cFFFFD200區域：|r各大主城|n|cFFFFD200花費：|r10|TINTERFACE\ICONS\INV_VALENTINESCARD01.BLP:0|t|n|n","34480","0","6"
"12","|cFFFFD200促銷活動|r","67097","0","7"
"16","|cFFFFD200商人：|r苔克斯‧電捲|n|cFFFFD200區域：|r艾薩拉|n|cFFFFD200花費：|r5000|TINTERFACE\MONEYFRAME\UI-GOLDICON.BLP:0|t","68806","0","2"
"17","|cFFFFD200商人：|r埃拉‧暗影風暴|n|cFFFFD200區域：|r熔岩前線|n|cFFFFD200花費：|r500|TINTERFACE\MONEYFRAME\UI-GOLDICON.BLP:0|t","70161","0","2"
"18","|cFFFFD200世界事件：|r萬鬼節|n|cFFFFD200商人：|r洽布 / 桃樂西|n|cFFFFD200區域：|r提里斯法林地 / 暴風城|n|cFFFFD200花費：|r150|TINTERFACE\ICONS\ACHIEVEMENT_HALLOWEEN_CANDY_01.BLP:0|t|n|n","70722","0","6"
"19","|cFFFFD200促銷活動|r","72161","0","7"
"20","|cFFFFD200掉落：|r潘達利亞","72231","2","0"
"21","|cFFFFD200掉落：|r『銳眼』尤里克|n|cFFFFD200區域：|r恆春谷","86568","0","0"
"22","|cFFFFD200掉落：|r『偷魂手』康|n|cFFFFD200區域：|r恆春谷","86571","0","0"
"23","|cFFFFD200掉落：|r哈瓦克|n|cFFFFD200區域：|r崑萊峰","72221","2","0"
"24","|cFFFFD200掉落：|r烏果烈|n|cFFFFD200區域：|r恆春谷","86575","0","0"
"25","|cFFFFD200掉落：|r思基席克|n|cFFFFD200區域：|r崑萊峰","72225","2","0"
"29","|cFFFFD200任務：|r伊露恩的祝福|n|cFFFFD200區域：|r月光林地","21540","0","1"
"30","","33079","2","7"
"33","|cFFFFD200專業技能：|r考古學","64651","0","3"
"34","|cFFFFD200商人：|r歐拉特‧酒膽、洛克‧銳頦|n|cFFFFD200區域：|r風暴群山|n|cFFFFD200花費：|r10|TINTERFACE\ICONS\INV_MISC_RUNE_14.BLP:0|t","43499","0","2"
"99","|cFFFFD200掉落：|r泰洛克|n|cFFFFD200區域：|r泰洛卡森林","32782","0","0"
"100","|cFFFFD200黑市拍賣場|r","34499","0","2"
"101","|cFFFFD200掉落：|r北裂境 - 世界掉落","37254","0","0"
"102","|cFFFFD200促銷活動|r","38301","0","7"
"103","|cFFFFD200成就：|r硬幣達人|n|cFFFFD200類別：|r釣魚","44430","0","5"
"109","|cFFFFD200世界事件：|r冬幕節","46709","0","6"
"110","|cFFFFD200促銷活動|r","49703","0","7"
"111","|cFFFFD200促銷活動|r","49704","2","7"
"112","|cFFFFD200任務：|r穆拉丁的悲歌|n|cFFFFD200區域：|r冰冠城塞","52201","0","1"
"114","|cFFFFD200任務：|r希瓦娜斯的復仇|n|cFFFFD200區域：|r冰冠城塞","52253","0","1"
"116","|cFFFFD200專業技能：|r考古學","64358","0","3"
"117","|cFFFFD200專業技能：|r考古學","64361","0","3"
"118","|cFFFFD200專業技能：|r考古學","64373","0","3"
"119","|cFFFFD200專業技能：|r考古學","64383","0","3"
"120","|cFFFFD200專業技能：|r考古學","64456","0","3"
"121","|cFFFFD200專業技能：|r考古學","64481","0","3"
"122","|cFFFFD200專業技能：|r考古學","64482","0","3"
"123","|cFFFFD200專業技能：|r考古學","64646","0","3"
"124","|cFFFFD200專業技能：|r考古學","64881","0","3"
"125","|cFFFFD200商人：|r梅羅什|n|cFFFFD200區域：|r費伍德森林|n|cFFFFD200陣營：|r木喉要塞 - 崇拜|n|cFFFFD200花費：|r75|TINTERFACE\MONEYFRAME\UI-GOLDICON.BLP:0|t","66888","4","2"
"126","|cFFFFD200世界事件：|r兒童週|n|cFFFFD200商人：|r布雷克斯‧爆竹 / 奎苟‧擺頂|n|cFFFFD200區域：|r奧格瑪 / 暴風城|n|cFFFFD200花費：|r10|TINTERFACE\MONEYFRAME\UI-SILVERICON.BLP:0|t","69895","0","2"
"127","|cFFFFD200促銷活動|r","72159","0","7"
"128","|cFFFFD200促銷活動|r","79769","0","7"
"129","|cFFFFD200掉落：|r『流亡者』載|n|cFFFFD200區域：|r崑萊峰","86581","0","0"
"131","|cFFFFD200掉落：|r『神諭者』尼索斯|n|cFFFFD200區域：|r崑萊峰","72224","2","0"
"132","|cFFFFD200掉落：|r『獨眼』魔朵|n|cFFFFD200區域：|r恆春谷","86586","0","0"
"133","|cFFFFD200掉落：|r『漫遊者』阿宏|n|cFFFFD200區域：|r崑萊峰","86588","0","0"
"134","|cFFFFD200掉落：|r艾利‧天鏡|n|cFFFFD200區域：|r悚然荒野","86589","0","0"
"135","|cFFFFD200掉落：|r『疾雲』艾崙|n|cFFFFD200區域：|r恆春谷","72229","2","0"
"136","|cFFFFD200掉落：|r博諾伯|n|cFFFFD200區域：|r四風峽","72227","2","0"
"137","|cFFFFD200掉落：|r靈巧的伊克伊克|n|cFFFFD200區域：|r悚然荒野","86593","0","0"
"139","|cFFFFD200成就：|r向最好的學習|n|cFFFFD200類別：|r釣魚","86596","0","5"
"140","|cFFFFD200成就：|r串酒坊|n|cFFFFD200類別：|r潘達利亞之謎","87528","0","5"
"142","|cFFFFD200商人：|r吉娜‧泥爪|n|cFFFFD200區域：|r四風峽|n|cFFFFD200陣營：|r耕者工會 - 崇拜|n|cFFFFD200花費：|r250|TINTERFACE\MONEYFRAME\UI-GOLDICON.BLP:0|t","90175","4","2"
"143","|cFFFFD200世界事件：|r冬幕節","90883","0","6"
"144","|cFFFFD200世界事件：|r冬幕節","90888","0","6"
"145","|cFFFFD200商人：|r吉瓦斯‧葛萊蓋特|n|cFFFFD200區域：|r暗月島|n|cFFFFD200花費：|r10|TINTERFACE\MONEYFRAME\UI-SILVERICON.BLP:0|t","90899","0","6"
"147","|cFFFFD200給予者：|r奧蘇爾|n|cFFFFD200區域：|r拉文霍德莊園","72220","2","0"
"148","|cFFFFD200掉落：|r拉沙|n|cFFFFD200區域：|r雷王島","72226","2","0"
"151","|cFFFFD200成就：|r托爾托斯隱藏噴泉成就|n|cFFFFD200類別：|r潘達利亞團隊","98132","0","5"
"152","|cFFFFD200掉落：|r巨蝸|n|cFFFFD200區域：|r雷霆王座","98136","0","0"
"153","|cFFFFD200商人：|r演講者固蘭|n|cFFFFD200區域：|r永恆之島","72230","2","2"
"154","|cFFFFD200商人：|r織霧者阿古|n|cFFFFD200區域：|r永恆之島|n|cFFFFD200陣營：|r紹昊大帝 - 崇敬","103685","4","2"
"155","|cFFFFD200掉落：|r腐蝕崖居者|n|cFFFFD200區域：|r永恆之島","104262","0","0"
"156","|cFFFFD200掉落：|r黑焰勇士|n|cFFFFD200區域：|r永恆之島","104302","0","0"
"157","|cFFFFD200掉落：|r永恆掌窯使|n|cFFFFD200區域：|r永恆之島","104309","0","0"
"158","|cFFFFD200世界事件：|r冬幕節","104318","0","6"
"159","|cFFFFD200商人：|r世界商人|n|cFFFFD200花費：|r40|TINTERFACE\MONEYFRAME\UI-GOLDICON.BLP:0|t","104323","0","2"
"160","|cFFFFD200商人：|r世界商人|n|cFFFFD200花費：|r40|TINTERFACE\MONEYFRAME\UI-GOLDICON.BLP:0|t","104324","0","2"
"161","|cFFFFD200掉落：|r歐朵斯高階祭司|n|cFFFFD200區域：|r永恆之島","72233","2","0"
"162","|cFFFFD200掉落：|r『歐朵勇士』賈庫爾|n|cFFFFD200區域：|r永恆之島","104331","0","0"
"164","|cFFFFD200世界事件：|r暗月馬戲團|n|cFFFFD200掉落：|r月牙|n|cFFFFD200區域：|r暗月島","105898","0","6"
"165","|cFFFFD200掉落：|r『毀滅之艦』維蘇威號|n|cFFFFD200區域：|r永恆之島|n","104294","0","0"
"168","|cFFFFD200世界事件：|r札拉贊恩之殞","54653","2","6"
"169","|cFFFFD200世界事件：|r新年節慶|n|n|cFFFFD200商人：|r法莉爾‧星歌|n|cFFFFD200區域：|r月光林地|n|cFFFFD200花費：|r25|TINTERFACE\ICONS\INV_MISC_ELVENCOINS.BLP:0|t","90000","0","6"
"170","|cFFFFD200商人：|r世界商人|n|cFFFFD200花費：|r100|TINTERFACE\ICONS\INV_MISC_COIN_01.BLP:0|t","90427","0","2"
"180","|cFFFFD200世界事件：|r行動：諾姆瑞根","54651","2","6"
"181","|cFFFFD200來源：|r古樹的遺產","72223","2","1"
"182","|cFFFFD200世界事件：|r新年節慶|n|n|cFFFFD200商人：|r法莉爾‧星歌|n|cFFFFD200區域：|r月光林地|n|cFFFFD200花費：|r25|TINTERFACE\ICONS\INV_MISC_ELVENCOINS.BLP:0|t","89999","0","6"
"183","|cFFFFD200商人：|r世界商人|n|cFFFFD200花費：|r40|TINTERFACE\MONEYFRAME\UI-GOLDICON.BLP:0|t","54343","0","2"
"184","|cFFFFD200商人：|r世界商人|n|cFFFFD200花費：|r10|TINTERFACE\MONEYFRAME\UI-GOLDICON.BLP:0|t","54438","0","2"
"185","|cFFFFD200商人：|r世界商人|n|cFFFFD200花費：|r10|TINTERFACE\MONEYFRAME\UI-GOLDICON.BLP:0|t","54437","0","2"
"186","|cFFFFD200商人：|r世界商人|n|cFFFFD200花費：|r250|TINTERFACE\MONEYFRAME\UI-GOLDICON.BLP:0|t","44606","0","2"
"187","|cFFFFD200商人：|r世界商人|n|cFFFFD200花費：|r250|TINTERFACE\MONEYFRAME\UI-GOLDICON.BLP:0|t","45057","0","2"
"188","|cFFFFD200專業技能：|r考古學","69776","0","3"
"189","|cFFFFD200商人：|r伊芙尼奇‧卡莎莉絲夫人|n|cFFFFD200區域：|r寒冰皇冠","46843","0","2"
"190","|cFFFFD200掉落：|r『心之看守者』夏佳隆|n|cFFFFD200區域：|r螳螂荒原","90067","0","0"
"191","|cFFFFD200商人：|r『巧手』雷尼‧麥考伊|n|cFFFFD200區域：|r暴風城|n|cFFFFD200花費：|r200|TINTERFACE\MONEYFRAME\UI-GOLDICON.BLP:0|t","97921","0","2"
"192","|cFFFFD200商人：|r仲夏節商人|n|cFFFFD200區域：|r各大主城|n|cFFFFD200花費：|r350|TINTERFACE\ICONS\INV_SUMMERFEST_FIREFLOWER.BLP:0|t|n|n","34686","0","6"
"193","|cFFFFD200商人：|r啤酒節商人|n|cFFFFD200花費：|r100|TINTERFACE\ICONS\INV_MISC_COIN_01.BLP:0|t","33927","0","6"
"194","|cFFFFD200商人：|r桑‧紅鱗|n|cFFFFD200區域：|r翠玉林|n|cFFFFD200陣營：|r雲蛟衛 - 崇敬|n|cFFFFD200花費：|r1000|TINTERFACE\MONEYFRAME\UI-GOLDICON.BLP:0|t","89222","4","2"
"195","|cFFFFD200世界事件：|r冬幕節","37710","0","6"
"196","|cFFFFD200專業技能：|r工程學","23767","0","3"
"197","|cFFFFD200任務：|r窒息的天空|n|cFFFFD200區域：|r螳螂荒原","88589","0","1"
"198","|cFFFFD200商人：|r魯克‧鷹拳|n|cFFFFD200區域：|r寒冰皇冠","45021","0","2"
"199","|cFFFFD200掉落：|r盜賊偷竊","36863","0","0"
"200","|cFFFFD200商人：|r艾芮希|n|cFFFFD200區域：|r寒冰皇冠","45020","0","2"
"201","|cFFFFD200商人：|r年‧鐵爪|n|cFFFFD200區域：|r四風峽|n|cFFFFD200花費：|r3|TINTERFACE\MONEYFRAME\UI-GOLDICON.BLP:0|t59|TINTERFACE\MONEYFRAME\UI-SILVERICON.BLP:0|t65|TINTERFACE\MONEYFRAME\UI-COPPERICON.BLP:0|t","88801","0","2"
"202","|cFFFFD200黑市拍賣場|r","45063","0","2"
"203","|cFFFFD200促銷活動|r","69227","0","7"
"204","|cFFFFD200商人：|r莎莉‧嘶怒|n|cFFFFD200區域：|r四風峽|n|cFFFFD200花費：|r1000|TINTERFACE\MONEYFRAME\UI-GOLDICON.BLP:0|t","88802","0","2"
"205","|cFFFFD200來源：|r噁心的罐子|n|cFFFFD200商人：|r塔納克|n|cFFFFD200區域：|r休拉薩盆地","44719","0","2"
"206","|cFFFFD200任務：|r拯救未來|n|cFFFFD200區域：|r雷王島","95589","4","1"
"207","|cFFFFD200任務：|r生命之血|n|cFFFFD200區域：|r雷王島","95590","4","1"
"208","|cFFFFD200商人：|r瑞里‧軸螺|n|cFFFFD200區域：|r寒冰皇冠","45019","0","2"
"209","|cFFFFD200專業技能：|r工程學(425)","40895","0","3"
"210","|cFFFFD200黑市拍賣場|r","33219","0","2"
"211","|cFFFFD200任務：|r金色的承諾|n|cFFFFD200區域：|r悚然荒野","88417","0","1"
"212","|cFFFFD200專業技能：|r考古學","69777","0","3"
"213","|cFFFFD200任務：|r猴人神像|n|cFFFFD200區域：|r崑萊峰","88385","0","1"
"214","|cFFFFD200黑市拍賣場|r","32542","0","2"
"215","|cFFFFD200促銷活動|r","54212","0","7"
"216","|cFFFFD200任務：|r振奮精神|n|cFFFFD200區域：|r螳螂荒原","88587","2","1"
"217","|cFFFFD200商人：|r德瑞克‧斑鬚|n|cFFFFD200區域：|r寒冰皇冠","45018","0","2"
"218","|cFFFFD200任務：|r藏匿|n|cFFFFD200區域：|r崑萊峰","88579","0","1"
"219","|cFFFFD200任務：|r祝的絕望|n|cFFFFD200區域：|r喀撒朗蠻荒","88580","0","1"
"220","|cFFFFD200掉落：|r瑟爾林‧卡斯迪諾夫醫生|n|cFFFFD200區域：|r通靈學院","88566","0","0"
"221","|cFFFFD200任務：|r滾動桶子！|n|cFFFFD200區域：|r崑萊峰","88531","0","1"
"222","|cFFFFD200任務：|r往事已成歷史|n|cFFFFD200區域：|r月光林地","71259","0","1"
"223","|cFFFFD200掉落：|r世界掉落","63269","0","0"
"224","|cFFFFD200世界事件：|r暗月馬戲團|n|cFFFFD200掉落：|r月牙|n|cFFFFD200區域：|r暗月島","101571","0","6"
"225","|cFFFFD200商人：|r瓦蘭‧高枝|n|cFFFFD200區域：|r熔岩前線|n|cFFFFD200花費：|r3500|TINTERFACE\MONEYFRAME\UI-GOLDICON.BLP:0|t","70159","0","2"
"226","|cFFFFD200黑市拍賣場|r","46780","0","2"
"227","|cFFFFD200掉落：|r世界掉落","35275","0","0"
"228","|cFFFFD200商人：|r弗雷卡‧血斧|n|cFFFFD200區域：|r寒冰皇冠","45014","0","2"
"229","|cFFFFD200商人：|r吉娜‧泥爪|n|cFFFFD200區域：|r四風峽|n|cFFFFD200陣營：|r耕者工會 - 崇敬|n|cFFFFD200花費：|r250|TINTERFACE\MONEYFRAME\UI-GOLDICON.BLP:0|t","89869","4","2"
"230","|cFFFFD200任務：|r給他們地精式的解脫！|n|cFFFFD200區域：|r劍刃山脈","30690","0","1"
"231","|cFFFFD200寶藏：|r德拉諾巨蚌|n|cFFFFD200區域：|r霜火峰","108739","0","0"
"232","|cFFFFD200任務：|r橫衝直撞的齧齒動物|n|cFFFFD200區域：|r四風峽","88370","0","1"
"233","|cFFFFD200促銷活動|r","71628","0","7"
"234","|cFFFFD200商人：|r沙瑪巴|n|cFFFFD200區域：|r寒冰皇冠","45015","0","2"
"235","|cFFFFD200商人：|r拉維卡|n|cFFFFD200花費：|r10|TINTERFACE\MONEYFRAME\UI-GOLDICON.BLP:0|t","97942","0","2"
"236","|cFFFFD200任務：|r劫掠者首領斯洛凡|n|cFFFFD200區域：|r喀撒朗蠻荒","88387","0","1"
"237","|cFFFFD200商人：|r崔利斯‧晨日|n|cFFFFD200區域：|r寒冰皇冠","45017","0","2"
"238","|cFFFFD200任務：|r道路救援|n|cFFFFD200區域：|r崑萊峰","88381","0","1"
"239","|cFFFFD200專業技能：|r工程學","17716","0","3"
"240","|cFFFFD200商人：|r莎莉‧嘶怒|n|cFFFFD200區域：|r四風峽|n|cFFFFD200花費：|r1000|TINTERFACE\MONEYFRAME\UI-GOLDICON.BLP:0|t","91904","0","2"
"241","|cFFFFD200商人：|r亞瑟‧弗路下士|n|cFFFFD200區域：|r寒冰皇冠","45011","0","2"
"242","|cFFFFD200任務：|r埋藏的猴人寶藏|n|cFFFFD200區域：|r喀撒朗蠻荒","80822","0","1"
"243","|cFFFFD200世界事件：|r愛就在身邊|n|cFFFFD200掉落：|r藥劑師胡默爾","50471","0","6"
"244","|cFFFFD200商人：|r杜魯‧雷角|n|cFFFFD200區域：|r寒冰皇冠","45013","0","2"
"245","|cFFFFD200商人：|r波格|n|cFFFFD200區域：|r托巴拉德半島|n|cFFFFD200陣營：|r地獄吼先鋒 - 尊敬|n|cFFFFD200花費：|r250|TINTERFACE\MONEYFRAME\UI-GOLDICON.BLP:0|t","64997","4","2"
"246","|cFFFFD200商人：|r軍需官布瑞奇|n|cFFFFD200區域：|r托巴拉德半島|n|cFFFFD200陣營：|r巴拉丁鐵衛 - 尊敬|n|cFFFFD200花費：|r250|TINTERFACE\MONEYFRAME\UI-GOLDICON.BLP:0|t","63141","4","2"
"247","|cFFFFD200任務：|r被憎恨同化|n|cFFFFD200區域：|r螳螂荒原","88584","0","1"
"248","|cFFFFD200任務：|r黃加紅等於橘|n|cFFFFD200區域：|r四風峽","88377","0","1"
"249","|cFFFFD200商人：|r伊莉莎‧基里安|n|cFFFFD200區域：|r寒冰皇冠","45016","0","2"
"250","|cFFFFD200來源：|r釣魚藏寶袋","45984","0","0"
"251","|cFFFFD200專業技能：|r考古學","69775","0","3"
"252","|cFFFFD200促銷活動|r","69215","0","7"
"253","|cFFFFD200黑市拍賣場|r","35227","0","2"
"254","|cFFFFD200商人：|r拉維卡|n|cFFFFD200花費：|r25|TINTERFACE\MONEYFRAME\UI-GOLDICON.BLP:0|t","97919","0","2"
"255","|cFFFFD200世界事件：|r冬幕節","17712","0","6"
"256","|cFFFFD200專業技能：|r工程學","18660","0","3"
"257","|cFFFFD200掉落：|r盜賊偷竊","36862","0","0"
"258","|cFFFFD200商人：|r拉維卡|n|cFFFFD200花費：|r5|TINTERFACE\MONEYFRAME\UI-GOLDICON.BLP:0|t","98552","0","2"
"264","|cFFFFD200商人：|r卻斯特|n|cFFFFD200區域：|r暗月島","116139","0","6"
"265","|cFFFFD200世界事件：|r暗月馬戲團|n|cFFFFD200任務：|r破碎的誓言","116067","0","6"
"269","|cFFFFD200商人：|r啤酒節商人|n|cFFFFD200花費：|r200|TINTERFACE\ICONS\INV_MISC_COIN_01.BLP:0|t","71137","0","6"
"270","|cFFFFD200掉落：|r克里奇斯|n|cFFFFD200區域：|r塔拉多爾","116125","0","0"
"271","|cFFFFD200掉落：|r伊格德雷|n|cFFFFD200區域：|r影月谷","113570","0","0"
"272","|cFFFFD200掉落：|r絕息|n|cFFFFD200區域：|r霜火峰","111476","0","0"
"273","|cFFFFD200世界事件：|r暗月馬戲團|n|cFFFFD200成就：|r艾里絲拉卓的後裔","116115","0","6"
"275","|cFFFFD200世界事件：|r暗月馬戲團|n|cFFFFD200商人：|r卡爾‧古德阿|n|cFFFFD200區域：|r暗月島|n|cFFFFD200花費：|r10|TINTERFACE\MONEYFRAME\UI-SILVERICON.BLP:0|t","75042","0","6"
"278","神秘不可解的謎！","118191","2","0"
"279","|cFFFFD200商人：|r走私者|n|cFFFFD200區域：|r阿拉卡山|n|cFFFFD200花費：|r500|TINTERFACE\MONEYFRAME\UI-GOLDICON.BLP:0|t","113096","0","2"
"280","|cFFFFD200專業技能：|r工程學","109183","0","3"
"281","|cFFFFD200Blizzard精品商城|r","112324","0","7"
"282","|cFFFFD200要塞任務|r","118427","0","0"
"283","|cFFFFD200任務：|r再見了，小魚|n|cFFFFD200區域：|r艾薩拉","53057","0","1"
"285","|cFFFFD200任務：|r勇士試煉|n|cFFFFD200區域：|r影月谷","119144","0","1"
"286","|cFFFFD200掉落：|r巴斯頓|n|cFFFFD200區域：|r格古隆德","119432","0","0"
"287","|cFFFFD200掉落：|r曲魂師托雷克|n|cFFFFD200區域：|r影月谷","119178","0","0"
"289","|cFFFFD200寶藏：|r迪賽西雅的悶燒長靴 |n|cFFFFD200區域：|r塔拉多爾","108743","0","0"
"290","|n","110586","2","0"
"293","|cFFFFD200商人：|r貝絲卡‧赤牙|n|cFFFFD200區域：|r戰爭之矛|n|cFFFFD200陣營：|r霜狼獸人 - 尊敬|n|cFFFFD200花費：|r1000|TINTERFACE\MONEYFRAME\UI-GOLDICON.BLP:0|t","115468","4","2"
"294","|cFFFFD200任務：|r鑽石恆久遠|n|cFFFFD200區域：|r霜火峰","115503","0","1"
"295","|cFFFFD200寶藏：|r沼澤螢光蟲巢|n|cFFFFD200區域：|r影月谷","117550","0","0"
"296","|cFFFFD200寶藏：|r古怪的死網蛛蛋|n|cFFFFD200區域：|r塔拉多爾","117569","0","0"
"297","|cFFFFD200給予者：|r安多哈爾的索拉雷","117573","0","0"
"298","|cFFFFD200掉落：|r化石木|n|cFFFFD200區域：|r格古隆德","118221","0","0"
"299","|cFFFFD200掉落：|r鐵鬚船長|n|cFFFFD200區域：|r納葛蘭","118244","0","0"
"301","|cFFFFD200任務：|r霜火之怒|n|cFFFFD200區域：|r霜火峰","119145","0","1"
"302","|cFFFFD200商人：|r奇爾利普|n|cFFFFD200區域：|r貿易站|n|cFFFFD200陣營：|r獰笑骷髏獸人 - 尊敬|n|cFFFFD200花費：|r1250|TINTERFACE\MONEYFRAME\UI-GOLDICON.BLP:0|t","119160","4","2"
"303","","72222","2","-1"
"304","|cFFFFD200掉落：|r『懦弱的』吉博列特|n|cFFFFD200區域：|r霜火峰","72228","2","0"
"305","|cFFFFD200商人：|r瑪莉亞|n|cFFFFD200區域：|r貿易站|n|cFFFFD200陣營：|r撒塔斯守軍 - 尊敬","119182","4","2"
"306","|cFFFFD200成就：|r玩具大師|n|cFFFFD200類別：|r玩具箱","119215","0","5"
"307","|cFFFFD200要塞建築：|r鬥士會堂|n","119217","0","0"
"308","|cFFFFD200要塞建築：|r鬥士會堂|n|n","119218","0","0"
"309","|cFFFFD200寶藏：|r天槌的寶藏|n|cFFFFD200區域：|r大競技場","119219","0","0"
"310","","119220","2","-1"
"311","","119221","2","-1"
"312","|cFFFFD200商人：|r瑪莉亞|n|cFFFFD200區域：|r貿易站|n|cFFFFD200陣營：|r撒塔斯守軍 - 崇敬","119421","4","2"
"319","|cFFFFD200寶藏：|r占星師的箱子|n|cFFFFD200區域：|r影月谷","109739","0","0"
"320","|cFFFFD200掉落：|r燃燒前線|n|cFFFFD200區域：|r塔拉多爾|n","116122","0","0"
"322","|cFFFFD200商人：|r班傑明‧布羅德|n|cFFFFD200花費：|r100|TINTERFACE\MONEYFRAME\UI-GOLDICON.BLP:0|t","119212","0","2"
"324","|cFFFFD200商人：|r班傑明‧布羅德|n|cFFFFD200花費：|r1000|TINTERFACE\MONEYFRAME\UI-GOLDICON.BLP:0|t","119210","0","2"
"325","|cFFFFD200掉落：|r巴希歐克|n|cFFFFD200區域：|r格古隆德","118222","0","0"
"327","|cFFFFD200掉落：|r領軍托姆|n|cFFFFD200區域：|r納葛蘭","120276","0","0"
"328","|cFFFFD200寶藏：|r競技場大師的戰爭號角|n|cFFFFD200區域：|r霜火峰","108735","0","0"
"329","|cFFFFD200掉落：|r莫爾墨的回聲|n|cFFFFD200區域：|r塔拉多爾","113670","0","0"
"330","|cFFFFD200掉落：|r催眠蟾蜍|n|cFFFFD200區域：|r影月谷","113631","0","0"
"331","|cFFFFD200寶藏：|r復仇者的儲物箱|n|cFFFFD200區域：|r影月谷","113375","0","0"
"332","|cFFFFD200寶藏：|r溫暖的戈倫蛋|n|cFFFFD200區域：|r格古隆德","118716","0","0"
"333","|cFFFFD200掉落：|r索菲里歐斯|n|cFFFFD200區域：|r格古隆德","114227","0","0"
"334","|cFFFFD200世界事件：|r愛就在身邊","116651","0","6"
"335","|cFFFFD200世界事件：|r啤酒節|n|cFFFFD200花費：|r100|TINTERFACE\ICONS\INV_MISC_COIN_01.BLP:0|t","116758","0","6"
"336","|cFFFFD200世界事件：|r冬幕節","116763","0","6"
"337","|cFFFFD200世界事件：|r旅人豐年祭","116400","0","6"
"338","|cFFFFD200要塞建築：|r旅店","118937","0","0"
"339","|cFFFFD200要塞建築：|r旅店","118938","0","0"
"340","|cFFFFD200要塞建築：|r旅店","119003","0","0"
"341","|cFFFFD200要塞建築：|r旅店","119039","0","0"
"342","|cFFFFD200要塞建築：|r旅店","119083","0","0"
"343","|cFFFFD200要塞建築：|r旅店","72232","2","-1"
"344","|cFFFFD200商人：|r仲夏節慶商人|n|cFFFFD200花費：|r500|TINTERFACE\ICONS\INV_SUMMERFEST_FIREFLOWER.BLP:0|t|n","116440","0","2"
"345","|cFFFFD200商人：|r仲夏節慶商人|n|cFFFFD200花費：|r350|TINTERFACE\ICONS\INV_SUMMERFEST_FIREFLOWER.BLP:0|t|n","116435","0","6"
"346","|cFFFFD200世界事件：|r啤酒節|n|cFFFFD200花費：|r200|TINTERFACE\ICONS\INV_MISC_COIN_01.BLP:0|t","116757","0","6"
"347","|cFFFFD200世界事件：|r冬幕節","116689","0","6"
"348","|cFFFFD200世界事件：|r冬幕節","116690","0","6"
"349","|cFFFFD200世界事件：|r冬幕節","116691","0","6"
"350","|cFFFFD200世界事件：|r冬幕節","116692","0","6"
"351","|cFFFFD200任務：|r索奎薩爾之怒|n","119134","0","1"
"352","|cFFFFD200偷竊|r|n","120857","2","0"
"357","|cFFFFD200要塞建築：|r旅店","119092","0","0"
"359","|cFFFFD200成就：|r塞拉摩攻防戰|n|cFFFFD200類別：|r偉業","89205","2","5"
"360","|cFFFFD200專業技能：|r工程學","108745","0","3"
"361","|cFFFFD200成就：|r真是一段奇妙的時空穿越之旅|n|cFFFFD200類別：|r地城與團隊","122293","0","5"
"365","|cFFFFD200掉落：|r管理者鹿盔|n|cFFFFD200區域：|r火源之界|n|cFFFFD200職業：|r德魯伊","122304","0","0"
"366","","122283","6","-1"
"367","|cFFFFD200世界事件：|r冬幕節","116456","0","6"
"368","|cFFFFD200成就：|r暗月競速路霸|n|cFFFFD200類別：|r暗月馬戲團","122129","0","5"
"369","|cFFFFD200成就：|r荒野飆客：黃金|n|cFFFFD200類別：|r暗月馬戲團","122126","0","5"
"371","|cFFFFD200成就：|r電能高手：黃金|n|cFFFFD200類別：|r暗月馬戲團","122120","0","5"
"372","|cFFFFD200成就：|r坦克指揮官|n|cFFFFD200類別：|r暗月馬戲團","122122","0","5"
"373","|cFFFFD200成就：|r從不槓龜|n|cFFFFD200類別：|r暗月馬戲團","122123","0","5"
"374","|cFFFFD200任務：|r晶瑩剔透|n|cFFFFD200區域：|r暴風城|n|cFFFFD200區域：|r奧格瑪","122674","0","1"
"375","|cFFFFD200成就：|r艾澤拉斯金曲排行榜|n|cFFFFD200類別：|r要塞","122700","0","5"
"376","|cFFFFD200掉落：|r托葛羅斯|n|cFFFFD200區域：|r霜火峰","119163","0","0"
"377","|cFFFFD200任務：|r撿一隻犛牛|n|cFFFFD200區域：|r螳螂荒原","82467","0","1"
"378","|cFFFFD200掉落：|r爐邊歌手弗瑞斯坦|n|cFFFFD200區域：|r斯坦索姆","13379","0","0"
"379","|cFFFFD200掉落：|r布靈登5000型禮物包|n","123851","0","0"
"381","|cFFFFD200成就：|r火箭俠：黃金|n|cFFFFD200類別：|r暗月馬戲團","122119","0","5"
"383","|cFFFFD200世界事件：|r亡者節|n","116856","0","6"
"384","|cFFFFD200世界事件：|r亡者節|n","116888","0","6"
"385","|cFFFFD200世界事件：|r亡者節|n","116889","0","6"
"386","|cFFFFD200世界事件：|r亡者節|n","116890","0","6"
"387","|cFFFFD200世界事件：|r亡者節|n","116891","0","6"
"388","|cFFFFD200商人：|r加里莎‧日露|n|cFFFFD200區域：|r暗月島","126931","0","2"
"389","|cFFFFD200寶藏：|r奧秘魔典|n|cFFFFD200區域：|r塔南森林","127670","0","0"
"390","|cFFFFD200寶藏：|r地獄火珠寶|n|cFFFFD200區域：|r塔南森林","127668","0","0"
"391","|cFFFFD200任務：|r大掃除|n|cFFFFD200區域：|r阿拉卡山|n|n|cFFFFD200任務：|r不在你的軍隊中|n|cFFFFD200區域：|r阿拉卡山","119001","0","1"
"392","|cFFFFD200商人：|r緹菲‧阱簧、蓋亞達‧金鏈|n|cFFFFD200區域：|r要塞","127695","0","2"
"393","|cFFFFD200商人：|r緹菲‧阱簧、蓋亞達‧金鏈|n|cFFFFD200區域：|r要塞","127696","0","2"
"394","|cFFFFD200商人：|r緹菲‧阱簧、蓋亞達‧金鏈|n|cFFFFD200區域：|r要塞","127707","0","2"
"395","|cFFFFD200寶藏：|r完美的花朵|n|cFFFFD200區域：|r塔南森林","127766","0","0"
"396","|cFFFFD200寶藏：|r奇怪的綠色水果|n|cFFFFD200區域：|r塔南森林","127394","0","-1"
"398","|cFFFFD200寶藏：|r炫光魔棒|n|cFFFFD200區域：|r塔南森林","127859","0","0"
"399","|cFFFFD200商人：|r商人艾蘭達|n|cFFFFD200區域：|r落月之地|n|cFFFFD200花費：|r100|TINTERFACE\MONEYFRAME\UI-GOLDICON.BLP:0|t|n|n|cFFFFD200商人：|r商人達拉克|n|cFFFFD200區域：|r霜牆要塞|n|cFFFFD200花費：|r100|TINTERFACE\MONEYFRAME\UI-GOLDICON.BLP:0|t","127864","0","2"
"400","|cFFFFD200掉落：|r鐵鬚船長|n|cFFFFD200區域：|r塔南森林","127659","0","0"
"401","|cFFFFD200掉落：|r落棘|n|cFFFFD200區域：|r塔南森林","127652","0","0"
"402","|cFFFFD200掉落：|r血月殘渣|n|cFFFFD200區域：|r塔南森林","127666","0","0"
"403","|cFFFFD200要塞任務：|r燃刃大劍師","128310","0","0"
"404","|cFFFFD200世界事件：|r兒童週|n|cFFFFD200花費：|r10|TINTERFACE\MONEYFRAME\UI-SILVERICON.BLP:0|t|n","69896","0","6"
"405","|cFFFFD200NPC：|r史寇勒|n|cFFFFD200區域：|r塔南森林|n","128328","0","4"
"406","|cFFFFD200成就：|r正港荒野飆客：黃金|n|cFFFFD200類別：|r暗月馬戲團","122121","0","5"
"408","|cFFFFD200商人：|r暗影獵手丹傑|n|cFFFFD200區域：|r塔南森林|n|cFFFFD200陣營：|r沃金獵頭者 - 崇敬|n|cFFFFD200花費：|r300|TINTERFACE\MONEYFRAME\UI-GOLDICON.BLP:0|t","128471","4","2"
"409","|cFFFFD200商人：|r復仇者克列索斯|n|cFFFFD200區域：|r塔南森林|n|cFFFFD200陣營：|r預言者之手 - 崇敬|n|cFFFFD200花費：|r300|TINTERFACE\MONEYFRAME\UI-GOLDICON.BLP:0|t","128462","4","2"
"410","|cFFFFD200專業技能：|r附魔","128536","0","3"
"411","|cFFFFD200商人：|r吉瓦斯‧葛萊蓋特|n|cFFFFD200區域：|r暗月島","97994","0","2"
"412","|cFFFFD200世界事件：|r冬幕節|n|n","108635","0","6"
"413","|cFFFFD200掉落：|r史麥辛‧葛拉布|n|cFFFFD200區域：|r塔南森林","108634","0","0"
"415","|cFFFFD200掉落：|r岡達爾|n|cFFFFD200區域：|r塔南森林","108633","0","0"
"416","|cFFFFD200世界事件：|r冬幕節|n","108632","0","6"
"417","|cFFFFD200掉落：|r杜拉昆|n|cFFFFD200區域：|r塔南森林","108631","0","0"
"418","|cFFFFD200掉落：|r哈瓦克|n|cFFFFD200區域：|r崑萊峰","86573","0","0"
"420","|cFFFFD200世界事件：|r冬幕節|n","128776","0","6"
"421","|cFFFFD200世界事件：|r萬鬼節|n","128794","0","6"
"422","|cFFFFD200世界事件：|r萬鬼節|n","128807","0","6"
"425","|cFFFFD200掉落：|r高階祭司伊卡贊|n|cFFFFD200區域：|r塔南森林","122117","0","0"
"428","|cFFFFD200寶藏：|r搶來的血之谷寶藏|n|cFFFFD200區域：|r塔南森林","127709","0","0"
"429","|cFFFFD200成就：|r馴服全世界|n|cFFFFD200類別：|r寵物對戰","92738","0","-1"
"431","|cFFFFD200商人：|r庫普瑞|n|cFFFFD200區域：|r撒塔斯|n","129926","0","-1"
"432","|cFFFFD200商人：|r奧辛恩|n|cFFFFD200區域：|r達拉然","129938","0","-1"
"433","|cFFFFD200商人：|r奧辛恩|n|cFFFFD200區域：|r達拉然","129952","0","-1"
"434","|cFFFFD200專業技能：|r製皮","129956","0","3"
"435","|cFFFFD200商人：|r杰佩托‧樂吱|n|cFFFFD200區域：|r達拉然|n|cFFFFD200花費：|r100|TINTERFACE\MONEYFRAME\UI-GOLDICON.BLP:0|t","129057","0","2"
"436","|cFFFFD200商人：|r庫普瑞|n|cFFFFD200區域：|r撒塔斯城|n|cFFFFD200花費：|r500|TInterface\Icons\pvecurrency-justice.BLP:0|t","129929","0","2"
"437","|cFFFFD200商人：|r戰爭法師卡斯琳|n|cFFFFD200區域：|r破碎海岸|n|cFFFFD200陣營：|r軍團之殞部隊 - 崇敬|n|cFFFFD200花費：|r1500|Hcurrency:1226|h|TInterface\Icons\inv_datacrystal01.BLP:0|t|h","130199","4","2"
"438","|cFFFFD200寶藏：|r藏寶箱|n|cFFFFD200區域：|r維爾薩拉","130194","2","-1"
"439","|cFFFFD200寶藏：|r無人看守的薊葉寶藏|n|cFFFFD200區域：|r維爾薩拉","130147","0","0"
"440","|cFFFFD200寶藏：|r薛斗的箱子","129055","0","0"
"441","|cFFFFD200任務：|r偽裝大師|n|cFFFFD200區域：|r斯鐸海姆","129093","0","1"
"442","|cFFFFD200掉落：|r黑蹄|n|cFFFFD200區域：|r四風峽|n|n|cFFFFD200掉落：|r歐朵守燭者|n|cFFFFD200區域：|r永恆之島","86565","0","-1"
"443","","129111","2","-1"
"444","|cFFFFD200商人：|r琪雅特克|n|cFFFFD200區域：|r奧格瑪 / 暴風城","133511","0","2"
"445","|cFFFFD200商人：|r琪雅特克|n|cFFFFD200區域：|r奧格瑪 / 暴風城","133542","0","-1"
"446","|cFFFFD200商人：|r蘭莎‧灰羽|n|cFFFFD200區域：|r高嶺|n|cFFFFD200陣營：|r高嶺部族 - 崇敬|n|cFFFFD200花費：|r500|TINTERFACE\MONEYFRAME\UI-GOLDICON.BLP:0|t","131812","4","2"
"447","|cFFFFD200區域：|r高嶺","131811","0","-1"
"448","|cFFFFD200促銷活動|r","93672","2","-1"
"449","|cFFFFD200任務：|r艾維娜的要求|n|cFFFFD200區域：|r要塞旅店","119093","0","0"
"451","|cFFFFD200掉落：|r『疾雲』艾崙|n|cFFFFD200區域：|r恆春谷","86590","0","0"
"452","|cFFFFD200掉落：|r『獵潮者』山恩|n|cFFFFD200區域：|r恆春谷","86582","0","0"
"453","|cFFFFD200寶藏：|r水下寶藏|n|cFFFFD200區域：|r維爾薩拉","134024","0","0"
"454","|cFFFFD200掉落：|r沙利斯戰爭斥候|n|cFFFFD200區域：|r四風峽","86583","0","0"
"455","|cFFFFD200專業技能：|r考古學","64488","0","3"
"456","|cFFFFD200掉落：|r『枯索者』卡提克|n|cFFFFD200區域：|r恆春谷","134023","0","0"
"457","|cFFFFD200掉落：|r賈洛克|n|cFFFFD200區域：|r悚然荒野","86578","0","0"
"458","|cFFFFD200掉落：|r巴潤|n|cFFFFD200區域：|r影月谷|n|n","113540","0","0"
"459","|cFFFFD200寶藏：|r工頭的午餐盒|n|cFFFFD200區域：|r塔拉多爾","116120","0","0"
"460","|cFFFFD200任務：|r賽納里奧的擔憂|n|cFFFFD200區域：|r要塞旅店","118935","0","-1"
"461","|cFFFFD200寶藏：|r血之谷蘑菇桶|n|cFFFFD200區域：|r塔南森林","128223","0","-1"
"462","|cFFFFD200掉落：|r頭目南納斯|n|cFFFFD200區域：|r恆春谷","86594","0","0"
"463","|cFFFFD200任務：|r繁殖的源頭|n|cFFFFD200區域：|r四風峽","88375","0","1"
"464","|cFFFFD200專業技能：|r考古學","89614","0","3"
"465","|cFFFFD200成就：|r高等教育|n|cFFFFD200類別：|r一般","43824","0","5"
"466","|cFFFFD200任務：|r古樹的遺產|n|cFFFFD200區域：|r要塞鋸木廠","115506","0","0"
"467","|cFFFFD200商人：|r演講者固蘭|n|cFFFFD200區域：|r永恆之島","102467","0","2"
"468","|cFFFFD200掉落：|r 『神諭者』尼索斯|n|cFFFFD200區域：|r崑萊峰|n|n|cFFFFD200掉落：|r巨型龜怒殼|n|cFFFFD200掉落：|r查蘭|n|cFFFFD200區域：|r永恆之島|n","86584","0","0"
"469","|cFFFFD200掉落：|r真理|n|cFFFFD200區域：|r影月谷","113543","0","-1"
"470","|cFFFFD200掉落：|r歐朵斯高階祭司|n|cFFFFD200區域：|r永恆之島","104329","0","0"
"471","|cFFFFD200促銷活動|r","54452","2","-1"
"472","|cFFFFD200商人：|r德瑞克‧奧茨|n|cFFFFD200商人：|r米森希|n|cFFFFD200區域：|r達拉然|n|n|cFFFFD200商人：|r莫菈‧迷霧行者|n|cFFFFD200區域：|r寒冰皇冠|n","134020","0","2"
"473","|cFFFFD200專業技能：|r工程學(490)","60854","2","3"
"474","|cFFFFD200專業技能：|r工程學(600)","87214","2","3"
"475","|cFFFFD200專業技能：|r工程學","111821","2","3"
"476","|cFFFFD200專業技能：|r工程學(425)","40768","2","3"
"477","|cFFFFD200專業技能：|r工程學(435)","48933","2","3"
"478","|cFFFFD200專業技能：|r工程學(570)","87215","2","3"
"479","|cFFFFD200專業技能：|r工程學","112059","2","3"
"480","|cFFFFD200專業技能：|r工程學","18986","2","3"
"481","|cFFFFD200專業技能：|r工程學","30544","2","3"
"482","|cFFFFD200專業技能：|r工程學","18984","2","3"
"483","|cFFFFD200專業技能：|r工程學","30542","2","3"
"484","|cFFFFD200專業技能：|r工程學(500)","40727","2","3"
"485","|cFFFFD200掉落：|r鬼影熊貓人漁夫|n|cFFFFD200專業技能：|r釣魚|n","85973","2","0"
"486","|cFFFFD200商人：|r納特‧帕格|n|cFFFFD200區域：|r喀撒朗蠻荒|n|cFFFFD200陣營：|r釣手隊 - 崇敬|n|cFFFFD200花費：|r1000|TINTERFACE\MONEYFRAME\UI-GOLDICON.BLP:0|t","85500","6","2"
"487","|cFFFFD200掉落：|r卡洛斯大爺|n|cFFFFD200區域：|r希爾斯布萊德丘陵舊址","134019","0","0"
"488","|cFFFFD200掉落：|r伯吉‧黑心|n|cFFFFD200區域：|r瓦許伊爾|n","134022","0","0"
"489","|cFFFFD200任務：|r回去找主管！|n|cFFFFD200區域：|r虛空風暴","134021","0","1"
"490","|cFFFFD200任務：|r閃亮的獎勵|n|cFFFFD200區域：|r荊棘谷海角","133997","0","-1"
"491","|cFFFFD200任務：|r打開牠們的眼睛|n|cFFFFD200區域：|r費伍德森林","133998","0","1"
"492","|cFFFFD200商人：|r喬納森‧史蒂文斯|n|cFFFFD200商人：|r莫茲戴夫|n|cFFFFD200區域：|r要塞|n","122298","0","2"
"493","|cFFFFD200掉落：|r萊沃許|n|cFFFFD200區域：|r影月谷","113542","0","0"
"494","|cFFFFD200掉落：|r踐踏者克里格|n|cFFFFD200區域：|r格古隆德","118224","0","0"
"495","|cFFFFD200掉落：|r微光之翼|n|cFFFFD200區域：|r塔拉多爾","116113","0","0"
"496","|cFFFFD200掉落：|r『懦弱的』吉博列特|n|cFFFFD200區域：|r霜火峰","119180","0","0"
"497","|cFFFFD200任務：|r沙場點兵|n|cFFFFD200區域：|r螳螂荒原","95567","0","1"
"498","|cFFFFD200任務：|r沙場點兵|n|cFFFFD200區域：|r螳螂荒原","95568","0","1"
"499","|cFFFFD200掉落：|r小鬼召喚師瓦勒莎|n|cFFFFD200區域：|r塔南森林","127655","0","0"
"500","|cFFFFD200寶藏：|r瘋狂酋長的顱骨|n|cFFFFD200區域：|r塔南森林","127669","0","0"
"501","|cFFFFD200商人：|r希莉絲‧芭爾頓n|n|cFFFFD200區域：|r泰洛卡森林|n|cFFFFD200花費：|r5000|TINTERFACE\MONEYFRAME\UI-GOLDICON.BLP:0|t","134007","0","2"
"502","|cFFFFD200商人：|r希莉絲‧芭爾頓n|n|cFFFFD200區域：|r泰洛卡森林|n|cFFFFD200花費：|r3000|TINTERFACE\MONEYFRAME\UI-GOLDICON.BLP:0|t","134004","0","2"
"503","|cFFFFD200寶藏：|r中型藏寶箱|n|cFFFFD200區域：|r維爾薩拉","130169","0","0"
"504","|cFFFFD200商人：|r馬林‧刃翼|n|cFFFFD200區域：|r艾蘇納|n|cFFFFD200陣營：|r看守者 - 尊敬|n|cFFFFD200花費：|r200|TINTERFACE\MONEYFRAME\UI-GOLDICON.BLP:0|t","130157","4","2"
"505","|cFFFFD200商人：|r西爾維亞‧鹿角|n|cFFFFD200區域：|r維爾薩拉|n|cFFFFD200陣營：|r織夢者 - 友善|n|cFFFFD200花費：|r100|TINTERFACE\MONEYFRAME\UI-GOLDICON.BLP:0|t","130158","4","2"
"506","|cFFFFD200掉落：|r席爾曦|n|cFFFFD200區域：|r維爾薩拉","130171","0","0"
"507","|cFFFFD200商人：|r西爾維亞‧鹿角|n|cFFFFD200區域：|r維爾薩拉|n|cFFFFD200陣營：|r織夢者 - 尊敬|n|cFFFFD200花費：|r200|TINTERFACE\MONEYFRAME\UI-GOLDICON.BLP:0|t","130170","4","2"
"508","|cFFFFD200商人：|r馬林‧刃翼|n|cFFFFD200區域：|r艾蘇納|n|cFFFFD200陣營：|r看守者 - 尊敬|n|cFFFFD200花費：|r200|TINTERFACE\MONEYFRAME\UI-GOLDICON.BLP:0|t","130191","4","2"
"509","|cFFFFD200商人：|r西爾維亞‧鹿角|n|cFFFFD200區域：|r維爾薩拉|n|cFFFFD200陣營：|r織夢者 - 崇敬|n|cFFFFD200花費：|r500|TINTERFACE\MONEYFRAME\UI-GOLDICON.BLP:0|t","130232","4","2"
"510","|cFFFFD200掉落：|r亨利|n|cFFFFD200區域：|r維爾薩拉","130214","0","0"
"511","|cFFFFD200寶藏：|r藏寶箱|n|cFFFFD200區域：|r維爾薩拉","130249","2","0"
"512","|cFFFFD200掉落：|r白浪颱風|n|cFFFFD200區域：|r斯鐸海姆","129045","2","0"
"513","|cFFFFD200寶藏：|r藏寶箱|n|cFFFFD200區域：|r斯鐸海姆","129165","0","0"
"514","|cFFFFD200商人：|r布芮妮|n|cFFFFD200區域：|r達拉然|n|cFFFFD200花費：|r75|TINTERFACE\MONEYFRAME\UI-SILVERICON.BLP:0|t","37460","0","-1"
"515","|cFFFFD200商人：|r布芮妮|n|cFFFFD200區域：|r達拉然|n|cFFFFD200花費：|r1|TINTERFACE\MONEYFRAME\UI-GOLDICON.BLP:0|t50|TINTERFACE\MONEYFRAME\UI-SILVERICON.BLP:0|t","44820","0","-1"
"516","|cFFFFD200掉落：|r寵物補給袋|n|cFFFFD200來源：|r戰寵馴獸大師|n","89139","0","0"
"520","|cFFFFD200任務：|r腐化研究|n|cFFFFD200專業技能：|r考古學|n|n","131724","0","1"
"521","","136849","2","-1"
"522","","136846","2","-1"
"525","","136927","2","-1"
"526","","136855","2","-1"
"527","","136928","2","-1"
"528","","136934","2","-1"
"529","","136935","2","-1"
"530","","136937","2","-1"
"531","|cFFFFD200專業技能：|r銘文學","129211","0","3"
"532","|cFFFFD200商人：|r伊朵拉‧莫爾海德|n|cFFFFD200區域：|r達拉然|n|cFFFFD200花費：|r500|TINTERFACE\MONEYFRAME\UI-GOLDICON.BLP:0|t","137294","2","-1"
"533","|cFFFFD200專業技能：|r製皮","129958","0","3"
"534","|cFFFFD200專業技能：|r製皮","129960","0","3"
"535","|cFFFFD200專業技能：|r製皮","129961","0","3"
"536","|cFFFFD200商人：|r杰佩托‧樂吱|n|cFFFFD200花費：|r50|TINTERFACE\MONEYFRAME\UI-GOLDICON.BLP:0|t","137663","0","-1"
"537","|cFFFFD200商人：|r布米‧斯巴克斯|n|cFFFFD200區域：|r暗月島","138202","0","2"
"538","|cFFFFD200世界事件：|r海盜節|n|cFFFFD200掉落：|r老伊瑞|n","138415","0","6"
"539","","138490","2","-1"
"540","|cFFFFD200任務：|r飢火難遏|n|cFFFFD200區域：|r艾蘇納|n|n|cFFFFD200任務：|r飢火難遏|n|cFFFFD200區域：|r艾蘇納","138876","0","1"
"541","|cFFFFD200任務：|r人要衣裝|n|cFFFFD200區域：|r艾蘇納","138873","0","1"
"542","|cFFFFD200商人：|r復仇者努倫|n|cFFFFD200區域：|r暴風之盾|n|cFFFFD200陣營：|r主教議會 - 尊敬|n|cFFFFD200花費：|r1000|TINTERFACE\MONEYFRAME\UI-GOLDICON.BLP:0|t","115472","4","2"
"543","|cFFFFD200商人：|r佛里迪斯‧法隆|n|cFFFFD200區域：|r艾蘇納|n|cFFFFD200陣營：|r法隆迪斯廷衛 - 尊敬|n|cFFFFD200花費：|r100|TINTERFACE\MONEYFRAME\UI-GOLDICON.BLP:0|t","129279","4","2"
"544","|cFFFFD200商人：|r瓦德瑪‧探風者|n|cFFFFD200區域：|r斯鐸海姆|n|cFFFFD200陣營：|r華爾拉亞 - 崇敬|n|cFFFFD200花費：|r500|TINTERFACE\MONEYFRAME\UI-GOLDICON.BLP:0|t","129149","4","2"
"545","|cFFFFD200世界事件：|r冬幕節","139337","0","6"
"546","|cFFFFD200世界事件：|r冬幕節|n","128636","0","6"
"547","|cFFFFD200專業技能：|r珠寶設計","130254","0","3"
"548","|cFFFFD200商人：|r布隆|n|cFFFFD200區域：|r杜洛塔|n|cFFFFD200花費：|r100|TINTERFACE\ICONS\INV_MISC_COIN_01.BLP:0|t|n|n|cFFFFD200商人：|r凱蘭‧唐納修|n|cFFFFD200區域：|r丹莫洛|n|cFFFFD200花費：|r100|TINTERFACE\ICONS\INV_MISC_COIN_01.BLP:0|t","138900","0","2"
"549","|cFFFFD200成就：|r猛禽後裔|n|cFFFFD200區域：|r高嶺|n","139773","0","0"
"550","|cFFFFD200職業大廳：|r無冕者寶庫","139587","0","-1"
"551","|cFFFFD200職業大廳：|r擎天堡榮耀競技場","140160","0","-1"
"552","|cFFFFD200商人：|r德雷穆斯|n|cFFFFD200區域：|r達拉然|n|cFFFFD200花費：|r1000|TINTERFACE\ICONS\ACHIEVEMENT_GUILDPERK_HONORABLEMENTION.BLP:0|t","140231","0","2"
"553","|cFFFFD200商人：|r瘋狂商人|n","140309","0","2"
"554","|cFFFFD200掉落：|r驚懼滲透者|n","140363","0","0"
"557","|cFFFFD200商人：|r蘭莎‧灰羽|n|cFFFFD200區域：|r高嶺|n|cFFFFD200陣營：|r高嶺部族 - 友善|n|cFFFFD200花費：|r100|TINTERFACE\MONEYFRAME\UI-GOLDICON.BLP:0|t","131814","4","2"
"558","|cFFFFD200掉落：|r世界生物","134831","0","0"
"559","|cFFFFD200商人：|r首席秘法師薩莉瑟拉|n|cFFFFD200區域：|r蘇拉瑪爾|n|cFFFFD200陣營：|r夜落精靈 - 崇敬|n|cFFFFD200花費：|r500|TINTERFACE\MONEYFRAME\UI-GOLDICON.BLP:0|t","140325","4","2"
"560","|cFFFFD200商人：|r首席秘法師薩莉瑟拉|n|cFFFFD200區域：|r蘇拉瑪爾|n|cFFFFD200陣營：|r夜落精靈 - 尊敬|n|cFFFFD200花費：|r500|TINTERFACE\MONEYFRAME\UI-GOLDICON.BLP:0|t","140324","4","2"
"561","|cFFFFD200專業技能：|r工程學","132518","0","3"
"562","|cFFFFD200商人：|r禮物店老闆|n|cFFFFD200區域：|r蘇拉瑪爾","130151","0","2"
"563","|cFFFFD200寶藏：|r大漩渦之箱|n|cFFFFD200區域：|r大漩渦","140632","2","0"
"564","|cFFFFD200商人：|r『無恥薩滿』狡蹄|n|cFFFFD200區域：|r高嶺|n|cFFFFD200花費：|r500|TINTERFACE\MONEYFRAME\UI-GOLDICON.BLP:0|t","140336","0","2"
"565","|cFFFFD200任務：|r這是合約的一部份！|n|cFFFFD200區域：|r艾蘇納","138878","0","1"
"566","|cFFFFD200掉落：|r『殘虐者』厄格洛夫族長|n|cFFFFD200區域：|r斯鐸海姆","129113","0","0"
"567","","140779","2","-1"
"568","|cFFFFD200寶藏：|r發光的法拉納爾藏寶箱|n|cFFFFD200區域：|r蘇拉瑪爾","140780","0","-1"
"569","|cFFFFD200專業技能：|r珠寶設計","130251","0","3"
"570","|cFFFFD200寶藏：|r藏寶箱|n|cFFFFD200區域：|r艾蘇納","122681","0","0"
"571","|cFFFFD200任務：|r朋友受困|n|cFFFFD200區域：|r蘇拉瑪爾","130209","0","1"
"572","|cFFFFD200掉落：|rPH|n","119211","2","0"
"573","|cFFFFD200專業技能：|r工程學","109167","0","3"
"574","|cFFFFD200寶藏：|r法拉納爾藏寶箱|n|cFFFFD200區域：|r蘇拉瑪爾","140786","0","-1"
"575","|cFFFFD200寶藏：|r發光的法拉納爾藏寶箱|n|cFFFFD200區域：|r蘇拉瑪爾","141297","0","-1"
"576","|cFFFFD200寶藏：|r發光的法拉納爾藏寶箱|n|cFFFFD200區域：|r蘇拉瑪爾","141300","2","-1"
"577","|cFFFFD200寶藏：|r發光的法拉納爾藏寶箱|n|cFFFFD200區域：|r蘇拉瑪爾","141298","0","-1"
"578","|cFFFFD200寶藏：|r發光的法拉納爾藏寶箱|n|cFFFFD200區域：|r蘇拉瑪爾","141301","0","-1"
"579","|cFFFFD200寶藏：|r發光的法拉納爾藏寶箱|n|cFFFFD200區域：|r蘇拉瑪爾","141306","0","-1"
"580","|cFFFFD200寶藏：|r發光的法拉納爾藏寶箱|n|cFFFFD200區域：|r蘇拉瑪爾","141299","0","-1"
"581","|cFFFFD200寶藏：|r發光的法拉納爾藏寶箱|n|cFFFFD200區域：|r蘇拉瑪爾","141296","0","-1"
"582","|cFFFFD200掉落：|r終極工程師歐米茄布|n","141331","2","0"
"584","|cFFFFD200任務：|r攻擊狼群|n|cFFFFD200區域：|r高嶺","131933","0","1"
"585","|cFFFFD200掉落：|r威嚴領角鹿|n|cFFFFD200區域：|r高嶺","131900","0","0"
"586","|cFFFFD200商人：|r仲夏節慶商人|n|cFFFFD200花費：|r500|TINTERFACE\ICONS\INV_SUMMERFEST_FIREFLOWER.BLP:0|t","141649","0","6"
"587","|cFFFFD200任務：|r我們嘎莫啊的莫咕哇|n|cFFFFD200區域：|r蘇拉瑪爾","141879","0","1"
"588","|cFFFFD200掉落：|r捏刺|n|cFFFFD200區域：|r蘇拉瑪爾","140314","0","0"
"589","|cFFFFD200掉落：|r維維爾博士|n|cFFFFD200區域：|r塵泥沼澤","142265","0","0"
"590","|cFFFFD200世界事件：|r愛就在身邊|n|n|cFFFFD200商人：|r可愛商品商人(聯盟)|n|cFFFFD200地區：|r暴風城|n|cFFFFD200花費：|r270|TINTERFACE\ICONS\INV_VALENTINESCARD01.BLP:0|t|n|n|cFFFFD200商人：|r可愛商品商人(部落)|n|cFFFFD200區域：|r奧格瑪|n|cFFFFD200花費：|r270|TINTERFACE\ICONS\INV_VALENTINESCARD01.BLP:0|t","142341","0","6"
"593","|cFFFFD200任務：|r跟雪羽培養感情|n","142497","0","1"
"594","|cFFFFD200任務：|r跟銳爪培養感情|n","142496","0","1"
"595","|cFFFFD200任務：|r跟恐喙培養感情|n","142495","0","1"
"596","|cFFFFD200任務：|r跟嗜血培養感情|n","142494","0","1"
"597","|cFFFFD200掉落：|r破碎群島釣魚|n","142528","0","0"
"598","|cFFFFD200掉落：|r破碎群島釣魚","142529","0","0"
"599","|cFFFFD200掉落：|r破碎群島釣魚|n","142530","0","0"
"600","|cFFFFD200商人：|r咒術師瑪苟斯|n|cFFFFD200區域：|r達拉然|n|cFFFFD200陣營：|r咒術師瑪苟斯 - 友好|n|cFFFFD200花費：|r100|TINTERFACE\ICONS\INV_ELEMENTAL_PRIMAL_WATER.BLP:0|t","142531","4","-1"
"601","|cFFFFD200商人：|r咒術師瑪苟斯|n|cFFFFD200區域：|r達拉然|n|cFFFFD200陣營：|r咒術師瑪苟斯 - 友好|n|cFFFFD200花費：|r100|Hitem:138777|h|TINTERFACE\ICONS\INV_ELEMENTAL_PRIMAL_WATER.BLP:0|t|h","142532","4","-1"
"602","|cFFFFD200任務：|r接合黑影","142536","0","1"
"603","","143545","2","-1"
"604","|cFFFFD200掉落：|r暗夜堡|n|n|cFFFFD200寶藏：|r夜裔的禮物|n|cFFFFD200區域：|r暗夜堡","143544","0","0"
"605","|cFFFFD200事件：|r暗黑破壞神20週年紀念","143543","2","6"
"606","|cFFFFD200商人：|r瑟里歐斯|n|cFFFFD200區域：|r達拉然|n|cFFFFD200花費：|r50|TInterface\Icons\inv_misc_elvencoins.BLP:0|t","141862","0","2"
"607","|cFFFFD200商人：|r奧辛恩
|cFFFFD200區域：|r水晶之歌森林
|cFFFFD200花費：|r750|TInterface\Icons\pvecurrency-justice.BLP:0|t","129965","0","2"
"608","|cFFFFD200寶藏：|r仿生魔杖|n|cFFFFD200區域：|r達拉然","143534","2","-1"
"609","|cFFFFD200事件：|r暗黑破壞神20週年紀念","142542","2","6"
"610","|cFFFFD200掉落：|r破碎群島釣魚|n","143662","0","0"
"611","|cFFFFD200專業技能：|r剝皮|n|cFFFFD200任務：|r德拉寇納必須死|n|cFFFFD200區域：|r斯鐸海姆","130102","0","-1"
"612","|cFFFFD200任務：|r完成職業大廳劇情任務的破碎海岸部分。","143727","0","1"
"613","|cFFFFD200成就：|r魚人鰭遇記|n","143660","0","5"
"614","|cFFFFD200世界事件：|r新年節慶|n|n|cFFFFD200商人：|r法莉爾‧星歌|n|cFFFFD200區域：|r月光林地|n|cFFFFD200花費：|r25|TINTERFACE\ICONS\INV_MISC_ELVENCOINS.BLP:0|t","143827","0","6"
"615","|cFFFFD200世界事件：|r新年節慶|n|n|cFFFFD200商人：|r法莉爾‧星歌|n|cFFFFD200區域：|r月光林地|n|cFFFFD200花費：|r10|TINTERFACE\ICONS\INV_MISC_ELVENCOINS.BLP:0|t","143828","0","6"
"616","|cFFFFD200世界事件：|r新年節慶|n|n|cFFFFD200商人：|r法莉爾‧星歌|n|cFFFFD200區域：|r月光林地|n|cFFFFD200花費：|r25|TINTERFACE\ICONS\INV_MISC_ELVENCOINS.BLP:0|t","143829","0","6"
"618","|cFFFFD200世界事件：|r愛就在身邊|n|n|cFFFFD200商人：|r可愛商品商人(聯盟)|n|cFFFFD200區域：|r暴風城|n|cFFFFD200花費：|r200|TINTERFACE\ICONS\INV_VALENTINESCARD01.BLP:0|t|n|n|cFFFFD200商人：|r可愛商品商人(部落)|n|cFFFFD200區域：|r奧格瑪|n|cFFFFD200花費：|r200|TINTERFACE\ICONS\INV_VALENTINESCARD01.BLP:0|t","144339","0","6"
"619","|cFFFFD200商人：|r織霧者小霞|n|cFFFFD200區域：|r永恆之島|n|cFFFFD200花費：|r500|Hcurrency:1166|h|TInterface\Icons\pvecurrency-justice.BLP:0|t|h","144393","0","2"
"621","|cFFFFD200商人：|r『水之守衛者』伊莉西亞|n|cFFFFD200區域：|r艾蘇納|n|cFFFFD200專業技能：|r釣魚|n|cFFFFD200聲望：|r『水之守衛者』伊莉西亞 - 最好的朋友|n","147308","0","2"
"622","|cFFFFD200商人：|r英普斯|n|cFFFFD200區域：|r破碎海岸|n|cFFFFD200專業技能：|r釣魚|n|cFFFFD200聲望：|r英普斯 - 最好的朋友","147312","0","2"
"623","|cFFFFD200商人：|r阿庫爾‧河角|n|cFFFFD200區域：|r高嶺|n|cFFFFD200專業技能：|r釣魚|n|cFFFFD200聲望：|r阿庫爾‧河角 - 最好的朋友","147310","0","2"
"624","|cFFFFD200商人：|r柯爾賓|n|cFFFFD200區域：|r斯鐸海姆|n|cFFFFD200專業技能：|r釣魚|n|cFFFFD200聲望：|r柯爾賓 - 最好的朋友","147307","0","2"
"625","|cFFFFD200商人：|r夏蕾斯|n|cFFFFD200區域：|r蘇拉瑪爾|n|cFFFFD200專業技能：|r釣魚|n|cFFFFD200聲望：|r夏蕾斯 - 最好的朋友|n|n","147311","0","2"
"626","|cFFFFD200商人：|r守護者蕾奈|n|cFFFFD200區域：|r維爾薩拉|n|cFFFFD200專業技能：|r釣魚|n|cFFFFD200聲望：|r守護者蕾奈 - 最好的朋友|n","147309","0","2"
"627","|cFFFFD200商人：|r法萊菈‧夜歌|n|cFFFFD200區域：|r馬爾頓，碎裂深淵|n|cFFFFD200花費：|r10000|Hcurrency:1220|h|TInterface\Icons\inv_orderhall_orderresources.BLP:0|t|h","147537","0","2"
"628","|cFFFFD200商人：|r尤塞爾奈|n|cFFFFD200區域：|r守護者殿堂|n|cFFFFD200費用：|r1000|Hcurrency:1220|h|TInterface\ICONS\INV_OrderHall_OrderResources.BLP:0|t|h","147832","0","2"
"629","|cFFFFD200任務：|r進入兔子洞 - 法師戰役|n|cFFFFD200區域：|r守護者殿堂","147838","0","-1"
"630","|cFFFFD200掉落：|r看守者的補給箱|n","147843","0","0"
"631","|cFFFFD200掉落：|r奇怪的蟲舌魔寶箱|n","147867","0","0"
"632","|cFFFFD200商人：|r戰爭法師卡斯琳|n|cFFFFD200區域：|r破碎海岸|n|cFFFFD200陣營：|r軍團之殞部隊 - 崇拜|n|cFFFFD200花費：|r5000|Hcurrency:1226|h|TInterface\Icons\inv_datacrystal01.BLP:0|t|h","147708","4","2"
"633","|cFFFFD200商人：|r織霧者小霞|n|cFFFFD200區域：|r永恆之島|n|cFFFFD200花費：|r1000|Hcurrency:1166|h|TInterface\Icons\pvecurrency-justice.BLP:0|t|h","144072","0","2"
"634","|cFFFFD200商人：|r尋寶大師伊克斯睿吉|n|cFFFFD200區域：|r破碎海岸|n|cFFFFD200花費：|r50000|Hcurrency:1226|h|TInterface\Icons\inv_datacrystal01.BLP:0|t|h","142452","0","2"
"639","|cFFFFD200世界事件：|r海盜節|n|n|cFFFFD200商人：|r愛德華‧特克提|n|cFFFFD200區域：|r荊棘谷海角|n|cFFFFD200花費：|r10|TINTERFACE\MONEYFRAME\UI-GOLDICON.BLP:0|t|n|cFFFFD200所需成就：|r敬禮，艦隊司令！","150547","2","6"
"640","|cFFFFD200商人：|r庫普瑞|n|cFFFFD200區域：|r撒塔斯城|n|cFFFFD200花費：|r750|Hcurrency:1166|h|TInterface\ICONS\PVECurrency-Justice.blp:0|t|h","151016","0","2"
"641","|cFFFFD200世界事件：|r萬鬼節|n|cFFFFD200商人：|r洽布 / 桃樂西|n|cFFFFD200區域：|r提里斯法林地 / 暴風城|n|cFFFFD200花費：|r150|TINTERFACE\ICONS\ACHIEVEMENT_HALLOWEEN_CANDY_01.BLP:0|t|n|n","151271","0","6"
"642","|cFFFFD200世界事件：|r萬鬼節|n|cFFFFD200商人：|r洽布 / 桃樂西|n|cFFFFD200區域：|r提里斯法林地 / 暴風城|n|cFFFFD200花費：|r150|TINTERFACE\ICONS\ACHIEVEMENT_HALLOWEEN_CANDY_01.BLP:0|t|n|n","151270","0","6"
"643","|cFFFFD200世界事件：|r冬幕節|n","151344","0","6"
"644","|cFFFFD200世界事件：|r冬幕節|n","151343","0","6"
"645","|cFFFFD200掉落：|r死金騎士|n|cFFFFD200區域：|r暗月島","151265","0","0"
"646","|cFFFFD200商人：|r庫普瑞|n|cFFFFD200區域：|r撒塔斯城|n|cFFFFD200花費：|r500|Hcurrency:1166|h|TInterface\ICONS\PVECurrency-Justice.blp:0|t|h","151184","0","2"
"647","|cFFFFD200商人：|r克羅姆‧粗臂|n|cFFFFD200區域：|r鐵爐堡|n|cFFFFD200花費：|r10000|TINTERFACE\MONEYFRAME\UI-GOLDICON.BLP:0|t","150743","0","-1"
"651","|cFFFFD200商人：|r克羅姆‧粗臂|n|cFFFFD200區域：|r鐵爐堡|n|cFFFFD200花費：|r10000|TINTERFACE\MONEYFRAME\UI-GOLDICON.BLP:0|t","150746","0","-1"
"652","|cFFFFD200玩家對玩家：|r榮譽等級10|n","134026","0","5"
"653","|cFFFFD200玩家對玩家：|r榮譽等級30","134031","0","5"
"654","|cFFFFD200玩家對玩家：|r榮譽等級60","134032","0","5"
"655","|cFFFFD200玩家對玩家：|r榮譽等級90","134034","0","5"
"656","|cFFFFD200商人：|r艾斯特蕾‧根德瑞|n|cFFFFD200區域：|r幽暗城|n|cFFFFD200花費：|r10000|TINTERFACE\MONEYFRAME\UI-GOLDICON.BLP:0|t|n","150744","0","-1"
"657","|cFFFFD200商人：|r艾斯特蕾‧根德瑞|n|cFFFFD200區域：|r幽暗城|n|cFFFFD200花費：|r10000|TINTERFACE\MONEYFRAME\UI-GOLDICON.BLP:0|t|n","150745","0","-1"
"658","|cFFFFD200偷竊|r|n","151877","2","0"
"659","|cFFFFD200商人：|r阿庫爾‧河角|n|cFFFFD200區域：|r高嶺|n|cFFFFD200專業技能：|r釣魚|n|cFFFFD200聲望：|r阿庫爾‧河角 - 好朋友","152556","0","2"
"660","|cFFFFD200商人：|r柯爾賓|n|cFFFFD200區域：|r斯鐸海姆|n|cFFFFD200專業技能：|r釣魚|n|cFFFFD200聲望：|r柯爾賓 - 最好的朋友","152574","0","2"
"661","|cFFFFD200世界事件：|r冬幕節","151349","0","6"
"662","|cFFFFD200世界事件：|r冬幕節","151348","0","6"
"663","|cFFFFD200商人：|r瓦德瑪‧探風者|n|cFFFFD200區域：|r斯鐸海姆|n|cFFFFD200陣營：|r華爾拉亞 - 尊敬|n|cFFFFD200花費：|r10|TINTERFACE\MONEYFRAME\UI-GOLDICON.BLP:0|t","129367","0","2"
"664","|cFFFFD200掉落：|r『收藏家』維克斯|n|cFFFFD200區域：|r三傑議會之座","152982","2","0"
"665","|cFFFFD200掉落：|r『收藏家』維克斯|n|cFFFFD200區域：|r三傑議會之座","153004","2","0"
"666","|cFFFFD200商人：|r『崇敬者』托爾蘭|n|cFFFFD200區域：|r阿古斯|n|cFFFFD200陣營：|r阿古斯守望 - 尊敬|n|cFFFFD200花費：|r75|TINTERFACE\MONEYFRAME\UI-GOLDICON.BLP:0|t","153039","4","-1"
"667","|cFFFFD200掉落：|r薩布維希亞姊妹|n|cFFFFD200區域：|r克庫恩","153124","0","0"
"668","|cFFFFD200掉落：|r憤怒領主亞瑞茲|n|cFFFFD200區域：|r安托洛斯荒原","153126","0","0"
"669","|cFFFFD200掉落：|r講師塔拉娜|n|cFFFFD200區域：|r麥克艾瑞","153180","0","0"
"670","|cFFFFD200掉落：|r講師塔拉娜|n|cFFFFD200區域：|r麥克艾瑞","153179","0","0"
"671","|cFFFFD200掉落：|r講師塔拉娜|n|cFFFFD200區域：|r麥克艾瑞","153181","0","0"
"672","|cFFFFD200掉落：|r發光的置物箱","153182","0","0"
"673","|cFFFFD200掉落：|r阿古斯","153183","0","0"
"674","|cFFFFD200掉落：|r嗜血的巴魯特|n|cFFFFD200區域：|r麥克艾瑞","153193","0","0"
"675","|cFFFFD200商人：|r『全視者』歐瑞克斯|n|cFFFFD200區域：|r安托洛斯荒原|n|cFFFFD200花費：|r1000|Hitem:153021|h|TInterface\ICONS\INV_Misc_Eye_02.blp:0|t|h","153204","0","2"
"676","|cFFFFD200專業技能：|r工程學","151652","2","3"
"677","|cFFFFD200掉落：|r小隊指揮官維夏克斯","153253","0","-1"
"678","|cFFFFD200掉落：|r末日施法者蘇普雷克斯|n","153194","0","0"
"679","|cFFFFD200掉落：|r『注視者』瑞吉拉|n","153293","0","0"
"680","|cFFFFD200商人：|r格利夫塔|n|cFFFFD200區域：|r祖達薩","156649","0","6"
"681","|cFFFFD200成就：|r限時郵件|n","156833","0","5"
"682","|cFFFFD200任務：|r小小的寶藏|n|cFFFFD200區域：|r祖達薩","156871","0","1"
"683","|cFFFFD200節日：|r魔獸世界週年紀念","158149","0","6"
"684","|cFFFFD200專業技能：|r贊達拉考古學|n","160740","0","3"
"685","|cFFFFD200專業技能：|r佐司特考古學|n","160751","0","3"
"686","","161342","2","-1"
"787","|cFFFFD200商人：|r史丹普‧雷角|n|cFFFFD200區域：|r暗月島|n|cFFFFD200花費：|r50|Hcurrency:515|h|TInterface\ICONS\INV_Misc_Ticket_Darkmoon_01.blp:0|t|h","162539","0","2"
"788","|cFFFFD200商人：|r商人豪利|n|cFFFFD200區域：|r祖達薩|n|cFFFFD200花費：|r66|TINTERFACE\MONEYFRAME\UI-GOLDICON.BLP:0|t","159749","0","2"
"789","|cFFFFD200世界事件：|r冬幕節|n","162643","0","6"
"790","|cFFFFD200世界事件：|r冬幕節|n","162642","0","6"
"791","|cFFFFD200世界事件：|r冬幕節|n","162973","0","6"
"792","|cFFFFD200世界事件：|r萬鬼節","163045","0","6"
"793","|cFFFFD200商人：|r囤積者潔娜|n|cFFFFD200區域：|r沃魯敦|n|cFFFFD200陣營：|r沃魯敦人 - 尊敬|n|cFFFFD200花費：|r1500|TINTERFACE\MONEYFRAME\UI-GOLDICON.BLP:0|t","163211","4","2"
"795","|cFFFFD200商人：|r奈塔哈卡特|n|cFFFFD200區域：|r祖達薩|n|cFFFFD200陣營：|r贊達拉帝國 - 崇敬|n|cFFFFD200花費：|r1000|TINTERFACE\MONEYFRAME\UI-GOLDICON.BLP:0|t","163210","4","2"
"796","|cFFFFD200商人：|r軍需官艾寇恩|n|cFFFFD200區域：|r佐司瓦|n|cFFFFD200陣營：|r燼火會 - 崇敬|n|cFFFFD200花費：|r1000|TINTERFACE\MONEYFRAME\UI-GOLDICON.BLP:0|t","163206","2","2"
"797","|cFFFFD200商人：|r補給官傅瑞|n|cFFFFD200區域：|r提拉加德海灣|n|cFFFFD200陣營：|r普勞德摩爾海軍府 - 尊敬|n|cFFFFD200花費：|r1500|TINTERFACE\MONEYFRAME\UI-GOLDICON.BLP:0|t","163201","4","2"
"798","|cFFFFD200商人：|r補給官傅瑞|n|cFFFFD200區域：|r提拉加德海灣|n|cFFFFD200陣營：|r普勞德摩爾海軍府 - 崇敬|n|cFFFFD200花費：|r1000|TINTERFACE\MONEYFRAME\UI-GOLDICON.BLP:0|t","163200","4","2"
"799","|cFFFFD200商人：|r囤積者潔娜|n|cFFFFD200區域：|r沃魯敦|n|cFFFFD200陣營：|r沃魯敦人 - 尊敬|n|cFFFFD200花費：|r1500|TINTERFACE\MONEYFRAME\UI-GOLDICON.BLP:0|t","159753","4","2"
"800","|cFFFFD200商人：|r囤積者潔娜|n|cFFFFD200區域：|r沃魯敦|n|cFFFFD200陣營：|r沃魯敦人 - 崇敬|n|cFFFFD200花費：|r1000|TINTERFACE\MONEYFRAME\UI-GOLDICON.BLP:0|t","163565","2","2"
"801","|cFFFFD200商人：|r囤積者潔娜|n|cFFFFD200區域：|r沃魯敦|n|cFFFFD200陣營：|r沃魯敦人 - 尊敬|n|cFFFFD200花費：|r1500|TINTERFACE\MONEYFRAME\UI-GOLDICON.BLP:0|t","163566","2","2"
"802","|cFFFFD200寶藏：|r衣櫃|n|cFFFFD200區域：|r佐司瓦","163603","2","0"
"803","|cFFFFD200任務：|r敏銳的思維|n|cFFFFD200區域：|r佐司瓦","163607","0","1"
"804","|cFFFFD200成就：|r贊達拉和庫爾提拉斯戰役|n|cFFFFD200類別：|r戰役","163697","0","5"
"805","|cFFFFD200掉落：|r地卜師弗林塔格|n|cFFFFD200區域：|r阿拉希高地","163713","0","-1"
"806","|cFFFFD200掉落：|r弗爾伯利|n|cFFFFD200區域：|r阿拉希高地","163735","0","-1"
"807","|cFFFFD200掉落：|r可怕的亡魂|n|cFFFFD200區域：|r阿拉希高地","163736","0","-1"
"808","|cFFFFD200掉落：|r詠唱者|n|cFFFFD200區域：|r阿拉希高地","163738","0","-1"
"809","|cFFFFD200掉落：|r盧爾‧巨石|n|cFFFFD200區域：|r阿拉希高地","163741","0","-1"
"810","|cFFFFD200掉落：|r考格雷什|n|cFFFFD200區域：|r阿拉希高地","163744","0","-1"
"811","|cFFFFD200掉落：|r札拉斯‧枯木|n|cFFFFD200區域：|r阿拉希高地","163745","0","-1"
"812","|cFFFFD200掉落：|r考沃克|n|cFFFFD200區域：|r阿拉希高地","163750","0","-1"
"813","|cFFFFD200掉落：|r碎骨者穆羅克|n|cFFFFD200區域：|r阿拉希高地","163775","0","-1"
"814","|cFFFFD200寶藏：|r紋縛寶箱|n|cFFFFD200區域：|r佐司瓦","163742","0","0"
"815","|cFFFFD200寶藏：|r紋縛魂匣|n|cFFFFD200區域：|r佐司瓦","163740","0","0"
"816","|cFFFFD200商人：|r瑪德林‧奈特利|n|cFFFFD200區域：|r 斯陀頌恩谷地|n|cFFFFD200花費：|r500 |Tinterface\icons\inv_currency_petbattle.blp:0|t|n|n|cFFFFD200商人：|r快樂荷拉哇|n|cFFFFD200區域：|r 祖達薩|n|cFFFFD200花費：|r500 |Tinterface\icons\inv_currency_petbattle.blp:0|t","163704","0","-1"
"817","|cFFFFD200商人：|r瑪德林‧奈特利|n|cFFFFD200區域：|r 斯陀頌恩谷地|n|cFFFFD200花費：|r250 |Tinterface\icons\inv_currency_petbattle.blp:0|t|n|n|cFFFFD200商人：|r快樂荷拉哇|n|cFFFFD200區域：|r 祖達薩|n|cFFFFD200花費：|r250 |Tinterface\icons\inv_currency_petbattle.blp:0|t","163705","0","-1"
"819","|cFFFFD200掉落：|r海嶼遠征|n","163795","0","0"
"820","|cFFFFD200掉落：|r末日之吼|n|cFFFFD200區域：|r阿拉希高地","163828","0","0"
"821","|cFFFFD200掉落：|r雄獅之吼|n|cFFFFD200區域：|r阿拉希高地","163829","0","0"
"822","|cFFFFD200掉落：|r海嶼遠征|n","163924","0","0"
"823","|cFFFFD200促銷：|rBlizzCon 2018|n","163987","2","7"
"824","|cFFFFD200促銷：|rBlizzCon 2018|n","163986","2","7"
"827","|cFFFFD200世界任務：|r工作訂單：F.R.I.E.D.|n|cFFFFD200區域：|r佐司瓦|n|n|cFFFFD200世界任務：|r工作訂單：瑞贊之怒|n|cFFFFD200區域：|r祖達薩","160509","0","1"
"828","|cFFFFD200掉落：|r海嶼遠征|n","164375","0","0"
"829","|cFFFFD200掉落：|r海嶼遠征|n","164374","0","0"
"832","|cFFFFD200掉落：|r海嶼遠征|n","164373","0","0"
"834","|cFFFFD200商人：|r莉亞娜修女|n|cFFFFD200區域：|r斯陀頌恩谷地|n|cFFFFD200陣營：|r風暴守望－崇敬|n|cFFFFD200費用：|r1800|TINTERFACE\MONEYFRAME\UI-GOLDICON.BLP:0|t","163463","4","2"
"890","|cFFFFD200玩家對玩家：|r榮譽等級175","164310","0","5"
"891","|cFFFFD200商人：|r倫卡|n|cFFFFD200區域：|r沃魯敦","164983","0","6"
"892","|cFFFFD200商人：|r囤積者潔娜|n|cFFFFD200區域：|r沃魯敦|n|cFFFFD200陣營：|r沃魯敦人 - 崇拜|n|cFFFFD200費用：|r1800|TINTERFACE\MONEYFRAME\UI-GOLDICON.BLP:0|t","165021","4","6"
"893","|cFFFFD200世界事件：|r新年節慶|n|n|cFFFFD200商人：|r法莉爾‧星歌|n|cFFFFD200區域：|r月光林地|n|cFFFFD200花費：|r25|TINTERFACE\ICONS\INV_MISC_ELVENCOINS.BLP:0|t","165671","0","6"
"894","|cFFFFD200世界事件：|r新年節慶|n|n|cFFFFD200商人：|r法莉爾‧星歌|n|cFFFFD200區域：|r月光林地|n|cFFFFD200花費：|r10|TINTERFACE\ICONS\INV_MISC_ELVENCOINS.BLP:0|t","165672","0","6"
"895","|cFFFFD200世界事件：|r新年節慶|n|n|cFFFFD200商人：|r法莉爾‧星歌|n|cFFFFD200區域：|r月光林地|n|cFFFFD200花費：|r25|TINTERFACE\ICONS\INV_MISC_ELVENCOINS.BLP:0|t","165673","0","6"
"896","|cFFFFD200世界事件：|r新年節慶|n|n|cFFFFD200商人：|r法莉爾‧星歌|n|cFFFFD200區域：|r月光林地|n|cFFFFD200花費：|r25|TINTERFACE\ICONS\INV_MISC_ELVENCOINS.BLP:0|t","165674","0","6"
"897","|cFFFFD200世界事件：|r新年節慶|n|n|cFFFFD200商人：|r法莉爾‧星歌|n|cFFFFD200區域：|r月光林地|n|cFFFFD200花費：|r10|TINTERFACE\ICONS\INV_MISC_ELVENCOINS.BLP:0|t","165675","0","6"
"898","|cFFFFD200世界事件：|r新年節慶|n|n|cFFFFD200商人：|r法莉爾‧星歌|n|cFFFFD200區域：|r月光林地|n|cFFFFD200花費：|r25|TINTERFACE\ICONS\INV_MISC_ELVENCOINS.BLP:0|t","165676","0","6"
"899","|cFFFFD200任務：|r戰士之死|n|cFFFFD200區域：|r悲傷沼澤|n|n|cFFFFD200任務：|r老兵|n|cFFFFD200區域：|r杜洛塔","165791","0","1"
"900","|cFFFFD200掉落：|r 塔蘭姬的遠征隊補給品","166308","0","0"
"901","|cFFFFD200成就：|r整頓市民|n|cFFFFD200類別：|r決戰艾澤拉斯","166247","0","5"
"902","|cFFFFD200商人：|r克萊瑞莎船長|n|cFFFFD200區域：|r提拉加德海灣|n|cFFFFD200花費：|r500|Hcurrency:1710|h|TInterface\ICONS\INV_Misc_AzsharaCoin.BLP:0|t|h|n|n|cFFFFD200商人：|r贊塔嘉船長|n|cFFFFD200區域：|r祖達薩|n|cFFFFD200花費：|r500|Hcurrency:1710|h|TInterface\ICONS\INV_Misc_AzsharaCoin.BLP:0|t|h","166461","0","2"
"903","|cFFFFD200商人：|r克萊瑞莎船長|n|cFFFFD200區域：|r提拉加德海灣|n|cFFFFD200花費：|r200|Hcurrency:1710|h|TInterface\ICONS\INV_Misc_AzsharaCoin.BLP:0|t|h|n|n|cFFFFD200商人：|r贊塔嘉船長|n|cFFFFD200區域：|r祖達薩|n|cFFFFD200花費：|r200|Hcurrency:1710|h|TInterface\ICONS\INV_Misc_AzsharaCoin.BLP:0|t|h","166662","0","2"
"904","|cFFFFD200商人：|r克萊瑞莎船長|n|cFFFFD200區域：|r提拉加德海灣|n|cFFFFD200花費：|r150|Hcurrency:1710|h|TInterface\ICONS\INV_Misc_AzsharaCoin.BLP:0|t|h|n|n|cFFFFD200商人：|r贊塔嘉船長|n|cFFFFD200區域：|r祖達薩|n|cFFFFD200花費：|r150|Hcurrency:1710|h|TInterface\ICONS\INV_Misc_AzsharaCoin.BLP:0|t|h","166663","0","2"
"905","|cFFFFD200任務：|r劫後餘燼|n|cFFFFD200區域：|r黑海岸","166678","0","1"
"906","|cFFFFD200任務：|r更多的黑暗遊俠|n|cFFFFD200區域：|r黑海岸","166544","0","1"
"907","|cFFFFD200掉落：|r贊達拉帝國補給品","166701","0","-1"
"908","|cFFFFD200掉落：|r普勞德摩爾海軍府補給品","166702","0","-1"
"909","|cFFFFD200掉落：|r沃魯敦人補給品","166703","0","-1"
"910","|cFFFFD200掉落：|r托爾托追尋者補給品","166704","0","-1"
"911","|cFFFFD200商人：|r補給官斯朵弗基|n|cFFFFD200區域：|r提拉加德海灣|n|cFFFFD200花費：|r125|Hcurrency:1717|h|TInterface\ICONS\INV_AllianceWarEffort.BLP:0|t|h","166744","0","2"
"912","|cFFFFD200商人： |r補給官慕卡菈|n|cFFFFD200區域： |r祖達薩|n|cFFFFD200花費： |r125|Hcurrency:1716|h|TInterface\ICONS\INV_HordeWarEffort.BLP:0|t|h","166743","0","2"
"913","|cFFFFD200遊戲商城|r|n","166778","2","9"
"914","|cFFFFD200遊戲商城|r|n","166777","2","9"
"916","|cFFFFD200世界事件：|r新年節慶","165669","0","-1"
"917","|cFFFFD200世界事件：|r愛就在身邊","165670","0","-1"
"918","|cFFFFD200世界事件：|r貴族花園","165802","0","-1"
"919","|cFFFFD200世界事件：|r仲夏火焰節慶","166746","0","-1"
"920","|cFFFFD200世界事件：|r啤酒節","166747","0","-1"
"921","|cFFFFD200掉落：|r埃瑟里克斯‧納拉辛|n|cFFFFD200區域：|r黑海岸","166784","0","0"
"922","|cFFFFD200掉落：|r格蘭‧裂皮|n|cFFFFD200區域：|r黑海岸","166785","0","0"
"923","|cFFFFD200掉落：|r指揮官拉哀許|n|cFFFFD200區域：|r黑海岸","166787","0","0"
"924","|cFFFFD200掉落：|r工兵歐迪特|n|cFFFFD200區域：|r黑海岸|n|n|cFFFFD200掉落：|r焚滅者第五型|n|cFFFFD200區域：|r黑海岸","166788","0","-1"
"925","|cFFFFD200掉落：|r指揮官卓爾德|n|cFFFFD200區域：|r黑海岸|n|n|cFFFFD200掉落：|r希拉爾‧月擊|n|cFFFFD200區域：|r黑海岸","166790","0","0"
"926","|cFFFFD200遊戲商城|r|n","166779","0","9"
"927","|cFFFFD200掉落：|r沃魯敦人補給品|n","166880","0","0"
"928","|cFFFFD200掉落：|r燼火會補給品|n","166808","0","0"
"929","","166851","2","0"
"930","|cFFFFD200掉落：|r艾澤拉斯勇士補給品|n","166877","0","0"
"931","|cFFFFD200掉落：|r第七軍團補給品|n|n|cFFFFD200掉落：|r 榮勛軍團補給品|n","166879","0","0"
"940","|cFFFFD200掉落：|r鋸截者|n|cFFFFD200區域：|r機械岡","167931","0","0"
"941","|cFFFFD200商人：|r克隆諾斯|n|cFFFFD200區域：|r戰爭之矛|n|cFFFFD200花費：|r500|Hcurrency:1166|h|TInterface\ICONS\PVECurrency-Justice.blp:0|t|h|n|n|cFFFFD200商人：|r坦普拉|n|cFFFFD200區域：|r暴風之盾|n|cFFFFD200花費：|r500|Hcurrency:1166|h|TInterface\ICONS\PVECurrency-Justice.blp:0|t|h","168012","0","2"
"942","|cFFFFD200商人：|r克隆諾斯|n|cFFFFD200區域：|r戰爭之矛|n|cFFFFD200花費：|r750|Hcurrency:1166|h|TInterface\ICONS\PVECurrency-Justice.blp:0|t|h|n|n|cFFFFD200商人：|r坦普拉|n|cFFFFD200區域：|r暴風之盾|n|cFFFFD200花費：|r750|Hcurrency:1166|h|TInterface\ICONS\PVECurrency-Justice.blp:0|t|h","168014","0","2"
"943","|cFFFFD200任務：|r雙眼正凝視著你|n|cFFFFD200區域：|r祖達薩|n|n|cFFFFD200任務：|r雙眼正凝視著你|n|cFFFFD200區域：|r斯陀頌恩谷地","168123","0","-1"
"944","|cFFFFD200成就：|r神秘魚與牠們的產地|n|cFFFFD200類別：|r釣魚","168016","0","5"
"945","|cFFFFD200商人：|r克夫提庫斯‧屈心者|n|cFFFFD200區域：|r艾斯蘭|n|cFFFFD200費用：|r10|Hitem:137642|h|TInterface\ICONS\Ability_PVP_GladiatorMedallion.BLP:0|t|h|n|n|cFFFFD200商人：|r戴澤里安|n|cFFFFD200區域：|r艾斯蘭|n|cFFFFD200費用：|r10|Hitem:137642|h|TInterface\ICONS\Ability_PVP_GladiatorMedallion.BLP:0|t|h","115501","0","-1"
"946","|cFFFFD200商人：|r克夫提庫斯‧屈心者|n|cFFFFD200區域：|r艾斯蘭|n|cFFFFD200陣營：|r烏瑞恩先鋒 - 崇敬|n|cFFFFD200費用：|r10|Hitem:137642|h|TInterface\ICONS\Ability_PVP_GladiatorMedallion.BLP:0|t|h","116396","0","-1"
"947","|cFFFFD200商人：|r戴澤里安|n|cFFFFD200區域：|r艾斯蘭|n|cFFFFD200陣營：|r烏瑞恩先鋒 - 崇敬|n|cFFFFD200費用：|r10|Hitem:137642|h|TInterface\ICONS\Ability_PVP_GladiatorMedallion.BLP:0|t|h","115505","0","-1"
"948","|cFFFFD200專業技能：|r工程學","168807","2","3"
"949","|cFFFFD200專業技能：|r工程學","168808","2","3"
"950","|cFFFFD200寶藏：|r世界秘法寶箱掉落","168824","0","0"
"953","","168836","2","-1"
"955","|cFFFFD200機械岡:|r廢料場工程","168907","0","-1"
"956","|cFFFFD200商人：|r克夫提庫斯‧屈心者|n|cFFFFD200區域：|r納沙塔爾|n|cFFFFD200費用：|r10|Hitem:168802|h|TInterface\ICONS\inv_misc_token_pvp01.BLP:0|t|h|n|n|cFFFFD200商人：|r戴澤里安|n|cFFFFD200區域：|r納沙塔爾|n|cFFFFD200費用：|r10|Hitem:168802|h|TInterface\ICONS\inv_misc_token_pvp01.BLP:0|t|h","169275","0","2"
"957","|cFFFFD200商人：|r克夫提庫斯‧屈心者|n|cFFFFD200區域：|r納沙塔爾|n|cFFFFD200費用：|r10|Hitem:168802|h|TInterface\ICONS\inv_misc_token_pvp01.BLP:0|t|h|n|n|cFFFFD200商人：|r戴澤里安|n|cFFFFD200區域：|r納沙塔爾|n|cFFFFD200費用：|r10|Hitem:168802|h|TInterface\ICONS\inv_misc_token_pvp01.BLP:0|t|h","169276","0","2"
"958","|cFFFFD200商人：|r克夫提庫斯‧屈心者|n|cFFFFD200區域：|r納沙塔爾|n|cFFFFD200費用：|r30|Hitem:168802|h|TInterface\ICONS\inv_misc_token_pvp01.BLP:0|t|h|n|n|cFFFFD200商人：|r戴澤里安|n|cFFFFD200區域：|r納沙塔爾|n|cFFFFD200費用：|r30|Hitem:168802|h|TInterface\ICONS\inv_misc_token_pvp01.BLP:0|t|h","169278","0","2"
"959","|cFFFFD200商人：|r克夫提庫斯‧屈心者|n|cFFFFD200區域：|r納沙塔爾|n|cFFFFD200費用：|r30|Hitem:168802|h|TInterface\ICONS\inv_misc_token_pvp01.BLP:0|t|h|n|n|cFFFFD200商人：|r戴澤里安|n|cFFFFD200區域：|r納沙塔爾|n|cFFFFD200費用：|r30|Hitem:168802|h|TInterface\ICONS\inv_misc_token_pvp01.BLP:0|t|h","169277","0","2"
"960","|cFFFFD200商人：|r勘察員塔雷‧石鎬|n|cFFFFD200區域：|r奧特蘭克山谷|n|n|cFFFFD200商人：|r沃加‧死爪|n|cFFFFD200區域：|r奧特蘭克山谷","169297","0","-1"
"961","|cFFFFD200商人：|r勘察員塔雷‧石鎬|n|cFFFFD200區域：|r奧特蘭克山谷|n|n|cFFFFD200商人：|r沃加‧死爪|n|cFFFFD200區域：|r奧特蘭克山谷","169298","0","-1"
"964","|cFFFFD200掉落：|r鏽蝕王子|n|cFFFFD200區域：|r機械岡","169347","0","0"
"965","|cFFFFD200任務：|r團結一心|n","169768","0","1"
"966","|cFFFFD200任務：|r玩具你我他|n","169796","0","1"
"967","|cFFFFD200世界事件：|r啤酒節","169865","0","0"
"968","|cFFFFD200任務：|r最後的傳家寶|n","170155","2","1"
"969","|cFFFFD200任務：|r淚水之典","170154","2","1"
"970","|cFFFFD200掉落：|r夏瑟菈|n|cFFFFD200區域：|r納沙塔爾","170187","0","0"
"971","|cFFFFD200商人：|r歐蒂菈|n|cFFFFD200區域：|r塔納利斯","170380","0","2"
"972","|cFFFFD200商人：|r工匠歐卡塔|n|cFFFFD200區域：|r納沙塔爾|n|cFFFFD200費用：|r75|Hcurrency:1721|h|TInterface\ICONS\inv_misc_enchantedpearlF.blp:0|t|h|n|n|cFFFFD200商人：|r『尋寶者』普洛克|n|cFFFFD200區域：|r納沙塔爾|n|cFFFFD200費用：|r75|Hcurrency:1721|h|TInterface\ICONS\inv_misc_enchantedpearlF.blp:0|t|h","170204","0","2"
"973","|cFFFFD200區域：|r納沙塔爾|n","170198","0","0"
"974","|cFFFFD200掉落：|r安寇恩補給品|n|n|cFFFFD200掉落：|r破縛者補給品","170203","0","0"
"975","|cFFFFD200區域：|r納沙塔爾|n","170199","0","0"
"976","|cFFFFD200掉落：|r海潮祭司萊絲莘德菈|n|cFFFFD200區域：|r納沙塔爾","170196","0","0"
"977","|cFFFFD200專業技能：|r工程學(175)","168667","2","3"
"978","|cFFFFD200區域：|r納沙塔爾|n","170476","0","0"
"979","|cFFFFD200掉落：|r安寇恩補給品|n|n|cFFFFD200掉落：|r破縛者補給品|n","170469","4","-1"
"980","|cFFFFD200商人：|r失竊的皇家販賣機器人|n|cFFFFD200區域：|r機械岡|n|cFFFFD200陣營：|r鏽栓反抗軍 - 崇敬|n|cFFFFD200花費：|r512|TINTERFACE\MONEYFRAME\UI-GOLDICON.BLP:0|t","169108","4","2"
"981","|cFFFFD200促銷：|r《暗影之境》史詩版","172179","0","7"
"985","|cFFFFD200同盟種族：|r狐狸人|n|cFFFFD200任務：|r輕啜品味|n|cFFFFD200區域：|r蘇拉瑪爾","173727","2","-1"
"986","|cFFFFD200世界任務：|r恩若司的僕人","173951","0","-1"
"991","|cFFFFD200任務：|r我們的一員|n|cFFFFD200區域：|r昇靈堡","174286","0","1"
"992","|cFFFFD200寶藏：|r萬世卷軸|n|cFFFFD200區域：|r昇靈堡","173984","0","0"
"993","|cFFFFD200掉落：|r暗影之境","174445","0","0"
"994","|cFFFFD200成就：|r寵物對戰挑戰：黑石深淵|n|cFFFFD200類別：|r寵物對戰","174830","0","5"
"995","|cFFFFD200成就：|r暗影揭曉|n|cFFFFD200類別：|r寵物對戰","174871","0","5"
"996","|cFFFFD200掉落：|r塔剎拉|n|cFFFFD200區域：|r恆春谷","174873","0","0"
"997","|cFFFFD200掉落：|r『意志劫毀者』伊弗林|n|cFFFFD200區域：|r奧丹姆","174874","0","0"
"998","|cFFFFD200掉落：|r至高處決者|n|cFFFFD200區域：|r奧丹姆","169303","0","0"
"999","|cFFFFD200寶藏：|r髮捲的剃髮工具組|n|cFFFFD200區域：|r奧格瑪幻象","174920","0","-1"
"1000","|cFFFFD200寶藏：|r艾蘭里亞的腐化寶箱|n|cFFFFD200區域：|r暴風城幻象","174928","0","-1"
"1001","|cFFFFD200掉落：|r奎苟‧擺頂|n|cFFFFD200區域：|r暴風城幻象","174926","0","-1"
"1002","|cFFFFD200寶藏：|r澤坎的腐化寶箱|n|cFFFFD200區域：|r奧格瑪幻象","174924","0","-1"
"1003","|cFFFFD200寶藏：|r虛無之觸頭顱|n|cFFFFD200區域：|r暴風城幻象","174921","0","-1"
"1005","|cFFFFD200商人：|r補給官蔻菈|n|cFFFFD200區域：|r奧丹姆|n|cFFFFD200陣營：|r奧丹姆協議者 - 尊敬|n|cFFFFD200費用：|r20|Hitem:163036|h|TInterface\ICONS\INV_Currency_PetBattle.BLP:0|t|h 100|Hcurrency:1719|h|TInterface\ICONS\Archaeology_5_0_MoguCoin.blp:0|t|h","174995","4","2"
"1006","|cFFFFD200掉落：|r恩若司之力|n|cFFFFD200區域：|r恆春谷|n|n|cFFFFD200掉落：|r恩若司之視|n|cFFFFD200區域：|r奧丹姆","175140","0","-1"
"1007","|cFFFFD200任務：|r破殼而出|n|cFFFFD200區域：|r奧丹姆","175063","0","1"
"1063","|cFFFFD200任務：|r微光飛行|n|cFFFFD200區域：|r昇靈堡","177951","0","1"
"1064","|cFFFFD200專業：|r 工程學","172924","2","3"
"1065","|cFFFFD200掉落：|r歐羅菲亞|n|cFFFFD200區域：|r淵喉","181794","0","0"
"1066","|cFFFFD200寶藏：|r醒目軟泥缸|n|cFFFFD200區域：|r瑪卓薩斯","181825","0","0"
"1067","|cFFFFD200掉落：|r『山丘之王』巴西歐佛斯|n|cFFFFD200區域：|r昇靈堡","182655","0","0"
"1068","|cFFFFD200寶藏：|r厚實的巨龍羽毛|n|cFFFFD200區域：|r亞登曠野","182729","0","0"
"1069","|cFFFFD200寶藏：|r死靈寶典|n|cFFFFD200區域：|r瑪卓薩斯","182732","0","0"
"1070","|cFFFFD200商人：|r蘇‧澤泰|n|cFFFFD200區域：|r瑪卓薩斯","182773","0","2"
"1071","|cFFFFD200寶藏：|r時尚遮陽傘|n|cFFFFD200區域：|r瑞文崔斯","182694","0","0"
"1072","|cFFFFD200寶藏：|r女伯爵的貢品|n|cFFFFD200交情：|r朋友|n|cFFFFD200地點：|r餘燼宴會 |n","182696","0","0"
"1073","|cFFFFD200成就：|r陽傘大師|n|cFFFFD200地點：|r瑞文崔斯","182695","0","5"
"1074","|cFFFFD200任務：|r兵貴慎重|n|cFFFFD200區域：|r瑪卓薩斯","183847","0","-1"
"1075","|cFFFFD200任務：|r內心平靜的大師|n|cFFFFD200區域：|r女王的栽培園","183856","0","1"
"1076","|cFFFFD200商人：|r彌海菈女士|n|cFFFFD200區域：|r瑞文崔斯|n|cFFFFD200陣營：|r收割者廷衛 - 尊敬|n|cFFFFD200費用：|r1350|TINTERFACE\MONEYFRAME\UI-GOLDICON.BLP:0|t","183900","4","2"
"1077","|cFFFFD200Quest: |r言語的力量|n|cFFFFD200區域：|r瑞文崔斯","177665","0","1"
"1078","|cFFFFD200寶藏：|r被遺忘的釣竿|n|cFFFFD200區域：|r瑞文崔斯|n","180993","0","0"
"1079","|cFFFFD200寶藏：|r流亡者的淤泥池烹調鍋|n|cFFFFD200區域：|r 瑞文崔斯|n|n","182780","0","0"
"1080","|cFFFFD200商人：|r伊琳卡女士|n|cFFFFD200誓盟活動：|r餘燼宴會|n|cFFFFD200區域：|r瑞文崔斯|n|cFFFFD200費用：|r500|TINTERFACE\MONEYFRAME\UI-GOLDICON.BLP:0|t","183876","0","-1"
"1081","|cFFFFD200汎希爾戰役任務：|r不請自來的入侵|n|cFFFFD200世界任務|r萬萬稅|n|cFFFFD200區域：|r瑞文崔斯","180947","0","-1"
"1082","|cFFFFD200掉落：|r拉迪納斯王|n|cFFFFD200區域：|r瑞文崔斯","180873","0","0"
"1083","|cFFFFD200寶藏：|r嫉妒慾望寶箱|n|cFFFFD200區域：|r瑞文崔斯","179393","0","0"
"1084","|cFFFFD200商人：|r文獻管理員賈尼拉|n|cFFFFD200區域：|r瑞文崔斯|n|cFFFFD200陣營：|r誓復者 - 崇敬|n|cFFFFD200費用：|r500|Hcurrency:1816|h|TInterface\ICONS\6BF_Blackrock_Nova.BLP:0|t|h","182890","4","2"
"1085","|cFFFFD200成就：|r調和大師|n|cFFFFD200類別：|r暗影之境","183903","0","5"
"1086","|cFFFFD200商人：|r賽事長穆卓拉格|n|cFFFFD200地區：|r瑞文崔斯|n|cFFFFD200費用：|r50|Hcurrency:1820|h|TInterface\ICONS\INV_Jewelcrafting_LivingRuby_01.blp:0|t|h","183989","0","2"
"1087","|cFFFFD200Treasure: |rTaskmaster's Trove|n|cFFFFD200Zone: |rRevendreth","183986","0","0"
"1088","|cFFFFD200Treasure: |rForbidden Chamber Lockbox|n|cFFFFD200Zone: |rRevendreth","184075","0","0"
"1089","|cFFFFD200Vendor: |rArchivist Janeera|n|cFFFFD200Zone: |rRevendreth|n|cFFFFD200Faction: |rThe Avowed - Exalted|n|cFFFFD200Cost: |r1000|Hcurrency:1816|h|TInterface\ICONS\6BF_Blackrock_Nova.BLP:0|t|h","184218","0","2"
"1090","|cFFFFD200Achievement: |rTwisting Corridors: Layer 4|n|cFFFFD200Category: |rTorghast","184223","0","5"
"1091","|cFFFFD200Drop: |rMorguliax|n|cFFFFD200Zone: |rThe Maw","184292","0","0"
"1092","|cFFFFD200Drop: |rBorr-Geth|n|cFFFFD200Zone: |rThe Maw","184312","0","0"
"1093","|cFFFFD200Vendor: |rChachi the Artiste|n|cFFFFD200Zone: |rRevendreth|n|cFFFFD200Cost: |r1500|Hcurrency:1813|h|TInterface\ICONS\Spell_AnimaBastion_Orb.BLP:0|t|h","183716","0","2"
