Id,Name,HordeName,ParentTradeSkillCategoryId,SkillLineId,OrderIndex,Flags
"46","分解","","353","333","1020","0"
"47","靴子","","353","333","1100","0"
"48","手套","","353","333","1100","0"
"49","胸甲","","353","333","1100","0"
"50","升級","","353","333","1100","0"
"51","潘達利亞","","353","333","1000","0"
"52","披風","","353","333","1100","0"
"53","戒指","","353","333","1140","0"
"54","盾牌與副手","","353","333","1100","0"
"55","護腕","","353","333","1100","0"
"56","雙手武器","","353","333","1040","0"
"57","武器","","353","333","1030","0"
"58","節慶烹飪","","72","185","4","0"
"59","冬幕","","58","185","0","0"
"60","護腿片，T1","","379","165","0","0"
"61","護腿片，T2","","379","165","0","0"
"63","日常烹飪","","90","185","7","0"
"64","燒烤之道","","90","975","1","1"
"65","快炒之道","","90","976","2","1"
"66","燉煮之道","","90","977","3","1"
"67","蒸煮之道","","90","978","4","1"
"68","烘烤之道","","90","979","5","1"
"69","釀酒之道","","90","980","6","1"
"70","不尋常的點心","","72","185","5","0"
"71","憑感覺做菜","","0","185","6","0"
"72","舊世界食譜","","1016","2548","999","1"
"73","外域風味菜餚","","1017","2547","990","1"
"74","寒冷北方的食譜","","1018","2546","980","1"
"75","大災變食譜","","1019","2545","970","1"
"76","基礎","","379","165","0","0"
"77","物品","","76","165","0","0"
"78","忍者裝備","","76","165","0","0"
"81","自我附魔","","362","197","5","0"
"82","腿部","","81","197","0","0"
"83","披風","","81","197","0","0"
"84","其他","","362","197","10","0"
"90","熊貓人菜餚","","1015","2544","960","1"
"91","雕紋","","450","773","140","0"
"92","雕紋 - 法師","","415","773","170","0"
"93","雕紋 - 牧師","","415","773","200","0"
"94","雕紋 - 術士","","415","773","230","0"
"95","雕紋 - 德魯伊","","415","773","150","0"
"96","雕紋 - 武僧","","415","773","180","0"
"97","雕紋 - 盜賊","","415","773","210","0"
"98","雕紋 - 獵人","","415","773","160","0"
"99","雕紋 - 薩滿","","415","773","220","0"
"100","雕紋 - 聖騎士","","415","773","190","0"
"101","雕紋 - 戰士","","415","773","240","0"
"102","法杖與魔杖","","415","773","70","0"
"103","副手","","415","773","80","0"
"104","墨水","","415","773","20","0"
"105","清心","","415","773","110","0"
"106","卡牌","","415","773","50","0"
"107","卷軸","","415","773","100","0"
"108","研究","","415","773","10","0"
"113","雕紋","","415","773","0","0"
"114","其他","","415","773","250","0"
"115","任務","","415","773","60","0"
"116","工藝品","","415","773","90","0"
"117","傳送","","415","773","120","0"
"118","材料","","415","773","0","0"
"119","肩膀銘文","","763","773","60","0"
"127","自我","","415","773","30","0"
"128","裝備綁定","","415","773","20","0"
"129","帳號綁定","","415","773","10","0"
"130","使用綁定","","415","773","20","0"
"131","拾取綁定","","415","773","10","0"
"134","藥水","","337","171","40","0"
"135","藥劑","","337","171","50","0"
"136","精煉藥劑","","337","171","30","0"
"137","轉化","","337","171","20","0"
"138","飾品","","337","171","100","0"
"139","塗劑","","337","171","100","0"
"140","研究","","337","171","10","0"
"141","材料","","337","171","100","0"
"142","大鍋","","337","171","100","0"
"143","特殊","","337","171","100","0"
"144","坐騎","","337","171","100","0"
"150","繃帶","","397","129","100","0"
"151","解毒劑","","397","129","200","0"
"152","手杖","","353","333","1150","0"
"153","魔杖","","353","333","1150","0"
"154","塗劑","","353","333","1100","0"
"155","零星物品","","353","333","1100","0"
"156","寵物","","353","333","1100","0"
"157","材料","","353","333","1010","0"
"164","藍色寶石","","372","755","15","0"
"165","拳套","","372","755","90","0"
"166","綠色寶石","","372","755","30","0"
"167","皇冠","","372","755","80","0"
"168","材料","","372","755","65","0"
"169","變換寶石","","372","755","40","0"
"170","坐騎","","372","755","60","0"
"171","項鍊","","372","755","55","0"
"172","橘色寶石","","372","755","25","0"
"173","稜彩寶石","","372","755","45","0"
"174","紫色寶石","","372","755","35","0"
"175","紅色寶石","","372","755","10","0"
"176","戒指","","372","755","50","0"
"177","稜光","","372","755","70","0"
"178","雕像","","372","755","95","0"
"179","寵物及工藝品","","372","755","75","0"
"180","飾品","","372","755","85","0"
"181","黃色寶石","","372","755","20","0"
"182","組件","","419","202","1025","0"
"183","零件","","419","202","1020","0"
"184","炸藥","","419","202","1030","0"
"185","護目鏡","","419","202","1040","0"
"186","護甲，可穿戴","","419","202","1050","0"
"187","護甲，飾品","","419","202","1060","0"
"188","裝置","","419","202","1070","0"
"189","槍與弓","","419","202","1080","0"
"190","瞄準鏡","","419","202","1090","0"
"191","工具","","419","202","1100","0"
"192","坐騎","","419","202","1110","0"
"193","榫輪","","419","202","1100","0"
"194","煙火","","419","202","1100","0"
"195","釣魚","","419","202","1100","0"
"196","機器人","","419","202","1100","0"
"197","移動","","419","202","1100","0"
"198","腰帶","","419","202","1100","0"
"199","手套","","419","202","1100","0"
"200","披風","","419","202","1100","0"
"201","致命","","419","202","1100","0"
"202","消耗品","","419","202","1100","0"
"203","用品","","419","202","1100","0"
"204","強化的護甲","","419","202","1000","0"
"210","符文","","0","960","0","0"
"214","研究","","372","755","65535","0"
"215","材料","","590","164","10","0"
"216","武器加工","","590","164","20","0"
"217","護甲加工","","590","164","30","0"
"218","頭盔","","590","164","40","0"
"219","護肩","","590","164","50","0"
"220","胸甲","","590","164","60","0"
"221","護手","","590","164","70","0"
"222","護腕","","590","164","80","0"
"223","腰帶","","590","164","90","0"
"224","腿部","","590","164","100","0"
"225","靴子","","590","164","110","0"
"226","護盾","","590","164","120","0"
"227","武器","","590","164","130","0"
"228","骷髏鑰匙","","590","164","140","0"
"229","插槽","","590","164","150","0"
"230","材料","","362","197","10","0"
"231","刺繡","","362","197","20","0"
"232","法術絲線","","362","197","30","0"
"233","背包","","362","197","40","0"
"234","帽子與兜帽","","362","197","50","0"
"235","護肩","","362","197","60","0"
"236","長袍與外套","","362","197","70","0"
"237","護腕","","362","197","80","0"
"238","腰帶","","362","197","90","0"
"239","手套","","362","197","100","0"
"240","褲子","","362","197","110","0"
"241","靴子","","362","197","120","0"
"242","披風","","362","197","130","0"
"243","襯衣","","362","197","140","0"
"244","坐騎","","362","197","150","0"
"245","網子","","362","197","160","0"
"246","特殊","","362","197","170","0"
"247","材料","","379","165","10","0"
"248","浮雕","","379","165","20","0"
"249","護甲片","","379","165","30","0"
"250","背包","","379","165","40","0"
"251","頭盔","","379","165","50","0"
"252","護肩","","379","165","60","0"
"253","胸甲","","379","165","70","0"
"254","護腕","","379","165","80","0"
"255","手套","","379","165","90","0"
"256","腰帶","","379","165","100","0"
"257","褲子","","379","165","110","0"
"258","靴子","","379","165","120","0"
"259","披風","","379","165","130","0"
"260","特殊","","379","165","140","0"
"261","鼓","","379","165","35","0"
"264","熔煉","","1078","186","0","0"
"265","元素","","1076","186","1","0"
"296","研究","","379","165","1","0"
"297","訓練計畫","","590","164","160","0"
"332","德拉諾鍊金術","","594","2480","950","1"
"333","材料與研究","","332","171","100","0"
"334","精煉藥劑","","332","171","200","0"
"335","藥水與藥劑","","332","171","300","0"
"336","飾品與飾品升級","","332","171","400","0"
"337","古老的鍊金術配方","","0","171","100","0"
"342","德拉諾食物","","1013","2543","950","1"
"343","肉類餐點","","342","185","20","0"
"344","魚類餐點","","342","185","30","0"
"345","筵席","","342","185","0","0"
"346","佳餚","","342","185","10","0"
"347","德拉諾工程學","","711","2501","950","1"
"348","德拉諾附魔","","648","2488","950","1"
"349","披風","","348","333","200","0"
"350","頸部","","348","333","300","0"
"351","戒指","","348","333","400","0"
"352","武器","","348","333","100","0"
"353","古老的附魔","","0","333","1000","0"
"354","其他","","348","333","500","0"
"361","物品強化","","410","773","200","0"
"362","裁縫圖樣","","957","2540","999","1"
"363","護甲","","369","197","40","0"
"364","染料與針線","","369","197","30","0"
"365","背包","","369","197","20","0"
"366","材料與研究","","369","197","10","0"
"367","其他","","369","197","50","0"
"368","披風","","369","197","45","0"
"369","德拉諾圖樣","","948","2535","950","1"
"372","珠寶設計圖","","816","2524","999","1"
"373","德拉諾設計圖","","807","2519","950","1"
"374","材料與研究","","373","755","10","0"
"375","珠寶強化","","373","755","20","0"
"376","珠寶","","373","755","30","0"
"377","寶石","","373","755","40","0"
"378","其他","","373","755","50","0"
"379","製皮圖樣","","874","2532","999","1"
"380","德拉諾圖樣","","873","2527","950","1"
"381","材料與研究","","380","165","10","0"
"382","皮甲","","380","165","40","0"
"383","鎖甲","","380","165","50","0"
"384","護甲強化","","380","165","30","0"
"385","披風","","380","165","60","0"
"386","背包","","380","165","20","0"
"388","其他","","380","165","70","0"
"389","德拉諾設計圖","","551","2472","950","1"
"390","材料與研究","","389","164","10","0"
"391","物品強化","","389","164","30","0"
"392","護甲","","389","164","40","0"
"393","武器與盾牌","","389","164","50","0"
"394","其他","","389","164","60","0"
"395","古老的設計圖","","0","164","100","0"
"396","德拉諾的藥品","","0","129","10","0"
"397","舊的藥方","","0","129","100","0"
"399","幻象","","0","333","0","0"
"400","戰旗","","369","197","10","0"
"401","其他","","369","197","10","0"
"402","帳篷","","380","165","50","0"
"403","貿易訂單","","0","773","20","0"
"404","移除","","0","333","0","0"
"407","材料與研究","","347","202","0","0"
"408","齒輪消耗品","","347","202","100","0"
"409","材料與研究","","348","333","0","0"
"410","德拉諾銘文學","","761","2509","950","1"
"411","法杖與魔杖","","410","773","500","0"
"412","卡牌","","410","773","400","0"
"413","副手","","410","773","600","0"
"414","材料與研究","","410","773","100","0"
"415","銘文學","","770","2514","999","1"
"416","護目鏡","","347","202","100","0"
"417","機器人","","347","202","300","0"
"418","裝置","","347","202","200","0"
"419","工程學","","720","2506","999","1"
"420","小工具","","410","773","100","0"
"423","轉化","","332","171","200","0"
"424","訓練","","0","164","0","0"
"425","軍團採礦","","1066","2566","940","1"
"426","軍團設計圖","","545","2454","940","1"
"427","護甲","","426","164","40","0"
"428","其他","","426","164","60","0"
"429","材料","","426","164","10","0"
"430","軍團圖樣","","947","2534","940","1"
"431","披風","","430","197","30","0"
"432","訓練","","0","197","0","0"
"433","破碎群島鍊金術","","593","2479","940","1"
"434","戰鬥藥水","","433","171","1","0"
"435","精煉藥劑","","433","171","1","0"
"436","轉化","","433","171","1","0"
"437","輔助藥水","","433","171","1","0"
"438","飾品","","433","171","1","0"
"439","大鍋","","433","171","1","0"
"440","大量研磨","","410","773","101","0"
"443","軍團附魔","","649","2487","940","1"
"444","項鍊附魔","","443","333","30","0"
"445","戒指附魔","","443","333","10","0"
"446","披風附魔","","443","333","20","0"
"447","肩部附魔","","443","333","40","0"
"448","手套附魔","","443","333","50","0"
"449","玩具，寵物與坐騎","","443","333","60","0"
"450","軍團銘文學","","760","2508","940","1"
"451","卡牌","","450","773","100","0"
"453","梵陀符文","","450","773","200","0"
"454","書籍與卷軸","","450","773","400","0"
"455","雕紋 - 惡魔獵人","","415","773","140","0"
"456","軍團草藥學","","1031","2550","940","1"
"459","軍團剝皮","","1047","2558","940","1"
"460","軍團圖樣","","872","2526","940","1"
"461","皮甲","","460","165","40","0"
"462","鎖甲","","460","165","40","0"
"463","其他","","460","165","40","0"
"464","軍團設計圖","","806","2518","940","1"
"465","戒指","","464","755","30","0"
"466","寶石","","464","755","40","0"
"467","其他","","464","755","50","0"
"468","訓練","","0","165","0","0"
"469","軍團工程學","","710","2500","940","1"
"470","護目鏡","","469","202","10","0"
"471","戰鬥工具","","469","202","20","0"
"472","裝置","","469","202","30","0"
"473","玩具、寵物及用具","","469","202","40","0"
"474","機器人","","469","202","50","0"
"475","破碎群島食物","","1014","2542","940","1"
"476","點心","","475","185","10","0"
"477","輕食","","475","185","20","0"
"478","大餐","","475","185","30","0"
"479","佳餚","","475","185","40","0"
"480","筵席","","475","185","50","0"
"481","破碎群島的藥品","","0","129","5","0"
"484","材料準備","","468","165","10","0"
"485","鞣製","","468","165","20","0"
"486","塑造","","468","165","30","0"
"487","縫製","","468","165","40","0"
"488","聖物","","426","164","30","0"
"489","聖物","","469","202","30","0"
"490","聖物","","443","333","60","0"
"491","聖物","","450","773","400","0"
"492","大量研磨","","450","773","101","0"
"495","布甲","","430","197","20","0"
"496","材料","","430","197","10","0"
"497","其他","","430","197","40","0"
"500","幻象","","353","333","1050","0"
"501","幻象","","348","333","600","0"
"505","大量勘探","","464","755","1000","0"
"506","分解","","443","333","0","0"
"507","項鍊","","464","755","35","0"
"509","寵物","","415","773","90","0"
"535","皇冠","","464","755","50","0"
"536","訓練","","0","755","0","0"
"541","庫爾提拉斯鍛造 - 標題","贊達拉鍛造 - 標題","0","164","2","0"
"542","庫爾提拉斯設計圖","贊達拉設計圖","541","2437","1","1"
"545","軍團設計圖 - 標題","","0","164","940","0"
"547","護甲","","542","164","10","0"
"548","武器","","542","164","20","0"
"549","其他","","542","164","30","0"
"550","交易工具","","542","164","999","0"
"551","德拉諾設計圖 - 標題","","0","164","950","0"
"552","熊貓人設計圖 - 標題","","0","164","960","0"
"553","潘達利亞設計圖","","552","2473","960","1"
"554","頭盔","","553","164","30","0"
"555","護肩","","553","164","40","0"
"556","材料","","553","164","10","0"
"557","裝備加工","","553","164","20","0"
"559","胸甲","","553","164","50","0"
"560","護手","","553","164","60","0"
"561","護腕","","553","164","70","0"
"562","腰帶","","553","164","80","0"
"563","多腳","","553","164","90","0"
"564","靴子","","553","164","100","0"
"565","護盾","","553","164","110","0"
"566","武器","","553","164","120","0"
"567","骷髏鑰匙","","553","164","130","0"
"568","大災變設計圖 - 標題","","0","164","970","0"
"569","大災變設計圖","","568","2474","970","1"
"570","護甲","","569","164","30","0"
"571","武器","","569","164","50","0"
"572","材料","","569","164","10","0"
"573","護盾","","569","164","40","0"
"574","裝備加工","","569","164","20","0"
"575","骷髏鑰匙","","569","164","60","0"
"576","北裂境設計圖 - 標題","","0","164","980","0"
"577","北裂境設計圖","","576","2475","980","1"
"578","裝備加工","","577","164","10","0"
"579","護甲","","577","164","20","0"
"580","護盾","","577","164","30","0"
"581","武器","","577","164","40","0"
"582","骷髏鑰匙","","577","164","50","0"
"583","外域設計圖 - 標題","","0","164","990","0"
"584","外域設計圖","","583","2476","990","1"
"585","裝備加工","","584","164","10","0"
"586","護甲","","584","164","20","0"
"588","武器","","584","164","30","0"
"589","艾澤拉斯設計圖 - 標題","","0","164","999","0"
"590","鍛造設計圖","","589","2477","999","1"
"591","庫爾提拉斯鍊金術 - 標題","贊達拉鍊金術 - 標題","0","171","930","0"
"592","庫爾提拉斯鍊金術","贊達拉鍊金術","591","2478","930","1"
"593","破碎群島鍊金術 - 標題","","0","171","940","0"
"594","德拉諾鍊金術 - 標題","","0","171","950","0"
"595","潘達利亞鍊金術 - 標題","","0","171","960","0"
"596","潘達利亞鍊金術","","595","2481","960","1"
"597","大災變鍊金術 - 標題","","0","171","970","0"
"598","大災變鍊金術","","597","2482","970","1"
"599","北裂境鍊金術 - 標題","","0","171","980","0"
"600","北裂境鍊金術","","599","2483","980","1"
"601","外域鍊金術 - 標題","","0","171","990","0"
"602","外域鍊金術","","601","2484","990","1"
"603","艾澤拉斯鍊金術 - 標題","","0","171","999","0"
"604","鍊金術","","603","2485","999","1"
"605","戰鬥藥水","","592","171","10","0"
"606","輔助藥水","","592","171","20","0"
"607","精煉藥劑","","592","171","30","0"
"608","轉化","","592","171","40","0"
"609","飾品","","592","171","50","0"
"610","交易工具","","592","171","999","0"
"611","藥水","","596","171","10","0"
"612","藥劑","","596","171","20","0"
"613","精煉藥劑","","596","171","30","0"
"614","轉化","","596","171","40","0"
"615","飾品","","596","171","50","0"
"616","塗劑","","596","171","60","0"
"617","大鍋","","598","171","5","0"
"618","藥水","","598","171","10","0"
"619","藥劑","","598","171","20","0"
"620","精煉藥劑","","598","171","30","0"
"621","轉化","","598","171","40","0"
"622","飾品","","598","171","50","0"
"623","塗劑","","598","171","60","0"
"624","坐騎","","598","171","70","0"
"625","研究","","600","171","5","0"
"626","藥水","","600","171","10","0"
"627","藥劑","","600","171","20","0"
"628","精煉藥劑","","600","171","30","0"
"629","轉化","","600","171","40","0"
"630","飾品","","600","171","50","0"
"631","塗劑","","600","171","60","0"
"632","大鍋","","602","171","5","0"
"633","藥水","","602","171","10","0"
"634","藥劑","","602","171","20","0"
"635","精煉藥劑","","602","171","30","0"
"636","轉化","","602","171","40","0"
"637","飾品","","602","171","50","0"
"638","藥水","","604","171","10","0"
"639","藥劑","","604","171","20","0"
"640","精煉藥劑","","604","171","30","0"
"641","轉化","","604","171","40","0"
"642","飾品","","604","171","50","0"
"643","塗劑","","604","171","60","0"
"644","材料","","604","171","5","0"
"645","特殊","","604","171","70","0"
"646","庫爾提拉斯附魔 - 標題","贊達拉附魔 - 標題","0","333","930","0"
"647","庫爾提拉斯附魔","贊達拉附魔","646","2486","930","1"
"648","德拉諾附魔 - 標題","","0","333","950","0"
"649","軍團附魔 - 標題","","0","333","940","0"
"650","手套附魔","","647","333","10","0"
"651","戒指附魔","","647","333","20","0"
"652","武器附魔","","647","333","30","0"
"653","幻象","","348","333","1","0"
"654","材料","","656","333","10","0"
"655","潘達利亞附魔 - 標題","","0","333","960","0"
"656","潘達利亞附魔","","655","2489","960","1"
"657","護甲附魔","","656","333","20","0"
"658","武器附魔","","656","333","30","0"
"659","盾牌與副手附魔","","656","333","40","0"
"660","大災變附魔 - 標題","","0","333","970","0"
"661","大災變附魔","","660","2491","970","1"
"662","北裂境附魔 - 標題","","0","333","980","0"
"663","北裂境附魔","","662","2492","980","1"
"664","外域附魔 - 標題","","0","333","990","0"
"665","外域附魔","","664","2493","990","1"
"666","艾澤拉斯附魔 - 標題","","0","333","999","0"
"667","附魔","","666","2494","999","1"
"668","護甲附魔","","661","333","10","0"
"669","武器附魔","","661","333","20","0"
"670","盾牌與副手附魔","","661","333","30","0"
"671","寵物","","661","333","40","0"
"672","材料","","663","333","10","0"
"673","長靴附魔","","663","333","20","0"
"674","手套附魔","","663","333","30","0"
"675","胸部附魔","","663","333","40","0"
"676","披風附魔","","663","333","50","0"
"677","護腕附魔","","663","333","60","0"
"678","武器附魔","","663","333","70","0"
"679","盾牌附魔","","663","333","80","0"
"680","材料","","665","333","10","0"
"681","長靴附魔","","665","333","20","0"
"682","護腕附魔","","665","333","30","0"
"683","胸部附魔","","665","333","40","0"
"684","披風附魔","","665","333","50","0"
"685","手套附魔","","665","333","60","0"
"686","武器附魔","","665","333","70","0"
"687","盾牌附魔","","665","333","80","0"
"688","塗劑","","665","333","90","0"
"689","其他","","665","333","100","0"
"690","長靴附魔","","667","333","10","0"
"691","護腕附魔","","667","333","20","0"
"692","胸部附魔","","667","333","30","0"
"693","披風附魔","","667","333","40","0"
"694","手套附魔","","667","333","50","0"
"695","武器附魔","","667","333","60","0"
"696","盾牌附魔","","667","333","70","0"
"697","手杖","","667","333","1","0"
"698","魔杖","","667","333","80","0"
"699","塗劑","","667","333","90","0"
"700","飾品","","667","333","100","0"
"701","材料","","667","333","5","0"
"702","幻象","","656","333","1","0"
"703","幻象","","661","333","1","0"
"704","幻象","","663","333","1","0"
"705","幻象","","665","333","1","0"
"706","幻象","","667","333","2","0"
"707","材料","","661","333","1","0"
"708","庫爾提拉斯工程學 - 標題","贊達拉工程學 - 標題","0","202","930","0"
"709","庫爾提拉斯工程學","贊達拉工程學","708","2499","930","1"
"710","軍團工程學 - 標題","","0","202","940","0"
"711","德拉諾工程學 - 標題","","0","202","950","0"
"712","潘達利亞工程學 - 標題","","0","202","960","0"
"713","潘達利亞工程學","","712","2502","960","1"
"714","大災變工程學 - 標題","","0","202","970","0"
"715","大災變工程學","","714","2503","970","1"
"716","北裂境工程學 - 標題","","0","202","980","0"
"717","北裂境工程學","","716","2504","980","1"
"718","外域工程學 - 標題","","0","202","990","0"
"719","外域工程學","","718","2505","990","1"
"720","艾澤拉斯工程學 - 標題","","0","202","999","0"
"721","炸彈","","709","202","10","0"
"722","裝置","","709","202","20","0"
"723","武器","","709","202","30","0"
"724","坐騎與寵物","","709","202","50","0"
"725","煙火","","347","202","1100","0"
"726","炸藥","","713","202","10","0"
"727","煙火","","713","202","20","0"
"728","裝置","","713","202","30","0"
"729","材料","","713","202","40","0"
"730","護目鏡","","713","202","50","0"
"731","槍械","","713","202","60","0"
"732","瞄準鏡","","713","202","70","0"
"733","坐騎","","713","202","80","0"
"734","榫輪","","713","202","90","0"
"735","組件","","715","202","10","0"
"736","材料","","715","202","20","0"
"737","炸藥","","715","202","30","0"
"738","護目鏡","","715","202","40","0"
"739","裝置","","715","202","50","0"
"740","武器","","715","202","60","0"
"741","瞄準鏡","","715","202","70","0"
"742","組件","","717","202","10","0"
"743","材料","","717","202","20","0"
"744","炸藥","","717","202","30","0"
"745","護目鏡","","717","202","40","0"
"746","裝置","","717","202","50","0"
"747","武器","","717","202","60","0"
"748","瞄準鏡","","717","202","70","0"
"749","坐騎","","717","202","70","0"
"750","材料","","719","202","10","0"
"751","炸藥","","719","202","20","0"
"752","護目鏡","","719","202","30","0"
"753","裝置","","719","202","40","0"
"754","武器","","719","202","50","0"
"755","瞄準鏡","","719","202","60","0"
"756","坐騎","","719","202","70","0"
"757","煙火","","719","202","80","0"
"758","庫爾提拉斯銘文學 - 標題","贊達拉銘文學 - 標題","0","773","930","0"
"759","庫爾提拉斯銘文學","贊達拉銘文學","758","2507","930","1"
"760","軍團銘文學 - 標題","","0","773","940","0"
"761","德拉諾銘文學 - 標題","","0","773","950","0"
"762","潘達利亞銘文學 - 標題","","0","773","960","0"
"763","潘達利亞銘文學","","762","2510","960","1"
"764","大災變銘文學 - 標題","","0","773","970","0"
"765","大災變銘文學","","764","2511","970","1"
"766","北裂境銘文學 - 標題","","0","773","980","0"
"767","北裂境銘文學","","766","2512","980","1"
"768","外域銘文學 - 標題","","0","773","990","0"
"769","外域銘文學","","768","2513","990","1"
"770","艾澤拉斯銘文學 - 標題","","0","773","999","0"
"771","書籍與卷軸","","759","773","10","0"
"772","合約","","759","773","20","0"
"773","飾品","","759","773","30","0"
"774","副手","","759","773","40","0"
"775","大量研磨","","759","773","50","0"
"776","梵陀符文","","759","773","60","0"
"777","雕紋","","763","773","20","0"
"778","法杖與副手","","763","773","30","0"
"779","墨水","","763","773","10","0"
"780","卡牌","","763","773","40","0"
"781","卷軸與研究","","763","773","50","0"
"782","任務","","763","773","70","0"
"783","玩具與寵物","","763","773","80","0"
"784","飾品","","763","773","35","0"
"785","墨水","","765","773","10","0"
"786","雕紋","","765","773","20","0"
"787","卷軸與研究","","765","773","30","0"
"788","卡牌","","765","773","40","0"
"789","肩膀銘文","","765","773","50","0"
"790","武器與副手","","765","773","60","0"
"791","任務","","765","773","70","0"
"792","玩具","","765","773","80","0"
"793","墨水","","767","773","10","0"
"794","雕紋","","767","773","20","0"
"795","卷軸與研究","","767","773","30","0"
"796","卡牌","","767","773","40","0"
"797","副手","","767","773","50","0"
"798","肩膀銘文","","767","773","60","0"
"799","墨水","","769","773","10","0"
"800","雕紋","","769","773","20","0"
"801","卡牌","","769","773","30","0"
"802","卷軸與研究","","769","773","40","0"
"803","副手","","769","773","50","0"
"804","庫爾提拉斯設計圖 - 標題","贊達拉設計圖 - 標題","0","755","930","0"
"805","庫爾提拉斯設計圖","贊達拉設計圖","804","2517","930","1"
"806","軍團設計圖 - 標題","","0","755","940","0"
"807","德拉諾設計圖 - 標題","","0","755","950","0"
"808","潘達利亞設計圖 - 標題","","0","755","960","0"
"809","潘達利亞設計圖","","808","2520","960","1"
"810","大災變設計圖 - 標題","","0","755","970","0"
"811","大災變設計圖","","810","2521","970","1"
"812","北裂境設計圖 - 標題","","0","755","980","0"
"813","北裂境設計圖","","812","2522","980","1"
"814","外域設計圖 - 標題","","0","755","990","0"
"815","外域設計圖","","814","2523","990","1"
"816","艾澤拉斯設計圖 - 標題","","0","755","999","0"
"817","寶石","","805","755","10","0"
"818","大量勘探","","805","755","20","0"
"819","戒指","","805","755","30","0"
"820","武器","","805","755","40","0"
"821","藍色寶石","","809","755","10","0"
"822","綠色寶石","","809","755","20","0"
"823","橘色寶石","","809","755","30","0"
"824","紫色寶石","","809","755","40","0"
"825","紅色寶石","","809","755","50","0"
"826","紫色寶石","","809","755","60","0"
"827","變換寶石","","809","755","70","0"
"828","項鍊","","809","755","80","0"
"829","戒指","","809","755","90","0"
"830","坐騎","","809","755","100","0"
"831","研究","","809","755","5","0"
"832","玩具與寵物","","809","755","110","0"
"833","黃色寶石","","809","755","65","0"
"834","藍色寶石","","811","755","10","0"
"835","綠色寶石","","811","755","20","0"
"836","橘色寶石","","811","755","30","0"
"837","紫色寶石","","811","755","40","0"
"838","紅色寶石","","811","755","50","0"
"839","黃色寶石","","811","755","60","0"
"840","變換寶石","","811","755","70","0"
"841","項鍊","","811","755","80","0"
"842","戒指","","811","755","90","0"
"843","皇冠","","811","755","100","0"
"844","拳套","","811","755","110","0"
"845","玩具與稜光","","811","755","120","0"
"846","藍色寶石","","813","755","10","0"
"847","綠色寶石","","813","755","20","0"
"848","橘色寶石","","813","755","30","0"
"849","紫色寶石","","813","755","40","0"
"850","紅色寶石","","813","755","50","0"
"851","黃色寶石","","813","755","60","0"
"852","變換寶石","","813","755","70","0"
"853","項鍊","","813","755","80","0"
"854","戒指","","813","755","90","0"
"855","稜彩寶石","","813","755","75","0"
"856","寵物及工藝品","","813","755","100","0"
"857","藍色寶石","","815","755","10","0"
"858","綠色寶石","","815","755","20","0"
"859","橘色寶石","","815","755","30","0"
"860","紫色寶石","","815","755","40","0"
"861","紅色寶石","","815","755","50","0"
"862","黃色寶石","","815","755","60","0"
"863","變換寶石","","815","755","70","0"
"864","項鍊","","815","755","80","0"
"865","戒指","","815","755","90","0"
"866","飾品","","815","755","100","0"
"867","稜光與雕像","","815","755","110","0"
"868","材料","","815","755","5","0"
"869","皇冠","","815","755","95","0"
"870","庫爾提拉斯圖樣 - 標題","贊達拉圖樣 - 標題","0","165","930","0"
"871","庫爾提拉斯圖樣","贊達拉圖樣","870","2525","930","1"
"872","軍團圖樣 - 標題","","0","165","940","0"
"873","德拉諾圖樣 - 標題","","0","165","950","0"
"874","艾澤拉斯圖樣 - 標題","","0","165","999","0"
"875","潘達利亞圖樣 - 標題","","0","165","960","0"
"876","潘達利亞圖樣","","875","2528","960","1"
"877","大災變圖樣 - 標題","","0","165","970","0"
"878","大災變圖樣","","877","2529","970","1"
"879","北裂境圖樣 - 標題","","0","165","980","0"
"880","北裂境圖樣","","879","2530","980","1"
"881","外域圖樣 - 標題","","0","165","990","0"
"882","外域圖樣","","881","2531","990","1"
"883","皮甲","","871","165","10","0"
"884","鎖甲","","871","165","20","0"
"885","武器","","871","165","30","0"
"886","其他","","871","165","40","0"
"887","材料","","876","165","10","0"
"888","浮雕","","876","165","20","0"
"889","護甲片","","876","165","30","0"
"890","背包","","876","165","40","0"
"891","頭盔","","876","165","50","0"
"892","護肩","","876","165","60","0"
"893","胸甲","","876","165","70","0"
"894","護腕","","876","165","80","0"
"895","手套","","876","165","90","0"
"896","腰帶","","876","165","100","0"
"897","褲子","","876","165","110","0"
"898","靴子","","876","165","120","0"
"899","披風","","876","165","130","0"
"900","鼓","","876","165","140","0"
"901","研究","","876","165","150","0"
"902","材料","","878","165","10","0"
"903","護甲片","","878","165","20","0"
"904","背包","","878","165","30","0"
"905","頭盔","","878","165","40","0"
"906","護肩","","878","165","50","0"
"907","胸甲","","878","165","60","0"
"908","護腕","","878","165","70","0"
"909","手套","","878","165","80","0"
"910","腰帶","","878","165","90","0"
"911","褲子","","878","165","100","0"
"912","靴子","","878","165","110","0"
"913","披風","","878","165","120","0"
"914","材料","","880","165","10","0"
"915","護甲片","","880","165","20","0"
"916","背包","","880","165","30","0"
"917","頭盔","","880","165","40","0"
"918","護肩","","880","165","50","0"
"919","胸甲","","880","165","60","0"
"920","護腕","","880","165","70","0"
"921","手套","","880","165","80","0"
"922","腰帶","","880","165","90","0"
"923","褲子","","880","165","100","0"
"924","靴子","","880","165","110","0"
"925","披風","","880","165","120","0"
"926","鼓","","880","165","130","0"
"927","材料","","882","165","10","0"
"928","護甲片","","882","165","20","0"
"929","背包","","882","165","30","0"
"930","頭盔","","882","165","40","0"
"931","護肩","","882","165","50","0"
"932","胸甲","","882","165","60","0"
"933","護腕","","882","165","70","0"
"934","手套","","882","165","80","0"
"935","腰帶","","882","165","90","0"
"936","褲子","","882","165","100","0"
"937","靴子","","882","165","110","0"
"938","披風","","882","165","120","0"
"939","特殊","","882","165","130","0"
"940","鼓","","882","165","140","0"
"941","庫爾提拉斯圖樣 - 標題","贊達拉圖樣 - 標題","0","197","930","0"
"942","庫爾提拉斯圖樣","贊達拉圖樣","941","2533","930","1"
"943","背包","","942","197","10","0"
"944","護甲","","942","197","20","0"
"945","戰鬥旗幟","","942","197","30","0"
"946","其他","","942","197","40","0"
"947","軍團圖樣 - 標題","","0","197","940","0"
"948","德拉諾圖樣 - 標題","","0","197","950","0"
"949","潘達利亞圖樣 - 標題","","0","197","960","0"
"950","潘達利亞圖樣","","949","2536","960","1"
"951","大災變圖樣 - 標題","","0","197","970","0"
"952","大災變圖樣","","951","2537","970","1"
"953","北裂境圖樣 - 標題","","0","197","980","0"
"954","北裂境圖樣","","953","2538","980","1"
"955","外域圖樣 - 標題","","0","197","990","0"
"956","外域圖樣","","955","2539","990","1"
"957","艾澤拉斯圖樣 - 標題","","0","197","999","0"
"958","材料","","950","197","10","0"
"959","刺繡","","950","197","20","0"
"960","法術絲線","","950","197","30","0"
"961","背包","","950","197","40","0"
"962","帽子與兜帽","","950","197","50","0"
"963","護肩","","950","197","60","0"
"964","長袍與外套","","950","197","70","0"
"965","護腕","","950","197","80","0"
"966","腰帶","","950","197","90","0"
"967","手套","","950","197","100","0"
"968","褲子","","950","197","110","0"
"969","靴子","","950","197","120","0"
"970","披風","","950","197","130","0"
"971","其他","","950","197","140","0"
"972","材料","","952","197","10","0"
"973","法術絲線","","952","197","20","0"
"974","背包","","952","197","30","0"
"975","帽子與兜帽","","952","197","40","0"
"976","護肩","","952","197","50","0"
"977","長袍與外套","","952","197","60","0"
"978","護腕","","952","197","70","0"
"979","腰帶","","952","197","80","0"
"980","手套","","952","197","90","0"
"981","褲子","","952","197","100","0"
"982","靴子","","952","197","110","0"
"983","披風","","952","197","120","0"
"984","網子","","952","197","130","0"
"985","材料","","954","197","10","0"
"986","法術絲線","","954","197","20","0"
"987","背包","","954","197","30","0"
"988","帽子與兜帽","","954","197","40","0"
"989","護肩","","954","197","50","0"
"990","長袍與外套","","954","197","60","0"
"991","護腕","","954","197","70","0"
"992","腰帶","","954","197","80","0"
"993","手套","","954","197","90","0"
"994","褲子","","954","197","100","0"
"995","靴子","","954","197","110","0"
"996","披風","","954","197","120","0"
"997","襯衣","","954","197","130","0"
"998","坐騎","","954","197","140","0"
"999","網子","","954","197","150","0"
"1000","材料","","956","197","10","0"
"1001","法術絲線","","956","197","20","0"
"1002","背包","","956","197","30","0"
"1003","帽子與兜帽","","956","197","40","0"
"1004","護肩","","956","197","50","0"
"1005","長袍與外套","","956","197","60","0"
"1006","護腕","","956","197","70","0"
"1007","腰帶","","956","197","80","0"
"1008","手套","","956","197","90","0"
"1009","褲子","","956","197","100","0"
"1010","靴子","","956","197","110","0"
"1011","披風","","956","197","120","0"
"1012","網子","","956","197","130","0"
"1013","德拉諾食物 - 標題","","0","185","950","0"
"1014","破碎群島食物 - 標題","","0","185","940","0"
"1015","熊貓人菜餚 - 標題","","0","185","960","0"
"1016","舊世界食譜 - 標題","","0","185","999","0"
"1017","外域風味菜餚 - 標題","","0","185","990","0"
"1018","寒冷北方的食譜 - 標題","","0","185","980","0"
"1019","大災變食譜 - 標題","","0","185","970","0"
"1020","日常烹飪","","75","185","10","0"
"1021","迷人的飲料","","75","185","20","0"
"1022","釣餌","","75","185","30","0"
"1023","日常烹飪","","72","185","0","0"
"1024","日常烹飪","","73","185","0","0"
"1025","日常烹飪","","74","185","0","0"
"1026","墨水","","759","773","5","0"
"1027","瞄準鏡與彈藥","","709","202","40","0"
"1028","庫爾提拉斯草藥學 - 標題","贊達拉草藥學 - 標題","0","182","930","0"
"1029","庫爾提拉斯草藥學","贊達拉草藥學","1028","2549","930","1"
"1030","採集技能","","1029","182","0","0"
"1031","軍團草藥學 - 標題","","0","182","940","0"
"1032","採集技能","","456","182","0","0"
"1033","德拉諾草藥學 - 標題","","0","182","950","0"
"1034","德拉諾草藥學","","1033","2551","950","1"
"1035","潘達利亞草藥學 - 標題","","0","182","960","0"
"1036","潘達利亞草藥學","","1035","2552","960","1"
"1037","大災變草藥學 - 標題","","0","182","970","0"
"1038","大災變草藥學","","1037","2553","970","1"
"1039","北裂境草藥學 - 標題","","0","182","980","0"
"1040","北裂境草藥學","","1039","2554","980","1"
"1041","外域草藥學 - 標題","","0","182","990","0"
"1042","外域草藥學","","1041","2555","990","1"
"1043","艾澤拉斯草藥學 - 標題","","0","182","999","0"
"1044","草藥學","","1043","2556","999","1"
"1045","庫爾提拉斯剝皮 - 標題","贊達拉剝皮 - 標題","0","393","930","0"
"1046","庫爾提拉斯剝皮","贊達拉剝皮","1045","2557","930","1"
"1047","軍團剝皮 - 標題","","0","393","940","0"
"1049","德拉諾剝皮 - 標題","","0","393","950","0"
"1050","德拉諾剝皮","","1049","2559","950","1"
"1051","潘達利亞剝皮 - 標題","","0","393","960","0"
"1052","潘達利亞剝皮","","1051","2560","960","1"
"1053","大災變剝皮 - 標題","","0","393","970","0"
"1054","大災變剝皮","","1053","2561","970","1"
"1055","北裂境剝皮 - 標題","","0","393","980","0"
"1056","北裂境剝皮","","1055","2562","980","1"
"1057","外域剝皮 - 標題","","0","393","990","0"
"1058","外域剝皮","","1057","2563","990","1"
"1059","艾澤拉斯剝皮 - 標題","","0","393","999","0"
"1060","剝皮","","1059","2564","999","1"
"1061","剝皮技能","","1046","393","0","0"
"1062","剝皮技能","","459","393","0","0"
"1064","庫爾提拉斯採礦 - 標題","贊達拉採礦 - 標題","0","186","930","0"
"1065","庫爾提拉斯採礦","贊達拉採礦","1064","2565","930","1"
"1066","軍團採礦 - 標題","","0","186","940","0"
"1067","德拉諾採礦 - 標題","","0","186","950","0"
"1068","德拉諾採礦","","1067","2567","950","1"
"1069","潘達利亞採礦 - 標題","","0","186","960","0"
"1070","潘達利亞採礦","","1069","2568","960","1"
"1071","大災變採礦 - 標題","","0","186","970","0"
"1072","大災變採礦","","1071","2569","970","1"
"1073","北裂境採礦 - 標題","","0","186","980","0"
"1074","北裂境採礦","","1073","2570","980","1"
"1075","外域採礦 - 標題","","0","186","990","0"
"1076","外域採礦","","1075","2571","990","1"
"1077","艾澤拉斯採礦 - 標題","","0","186","999","0"
"1078","採礦","","1077","2572","999","1"
"1079","採礦技術","","1065","186","0","0"
"1080","採礦技術","","425","186","0","0"
"1081","熔煉","","1076","186","2","0"
"1082","熔煉","","1074","186","1","0"
"1083","熔煉","","1072","186","1","0"
"1084","熔煉","","1070","186","1","0"
"1085","坐騎裝備","","542","164","50","0"
"1086","繃帶","","942","197","50","0"
"1087","德拉諾的藥品","","369","197","999","0"
"1088","破碎群島的藥品","","430","197","999","0"
"1089","繃帶","","362","197","999","0"
"1090","繃帶","","956","197","999","0"
"1091","繃帶","","954","197","999","0"
"1092","繃帶","","952","197","999","0"
"1093","繃帶","","950","197","999","0"
"1096","腰部配件","","709","202","5","0"
"1097","魔杖","","647","333","40","0"
"1098","手腕附魔","","647","333","35","0"
"1099","艾澤拉斯釣魚 - 標題","","0","356","1000","0"
"1100","釣魚","","1099","2592","999","1"
"1101","外域釣魚 - 標題","","0","356","990","0"
"1102","外域釣魚","","1101","2591","990","1"
"1103","北裂境釣魚 - 標題","","0","356","980","0"
"1104","北裂境釣魚","","1103","2590","980","1"
"1105","大災變釣魚 - 標題","","0","356","970","0"
"1106","大災變釣魚","","1105","2589","970","1"
"1107","潘達利亞釣魚 - 標題","","0","356","960","0"
"1108","潘達利亞釣魚","","1107","2588","960","1"
"1109","德拉諾釣魚 - 標題","","0","356","950","0"
"1110","德拉諾釣魚","","1109","2587","950","1"
"1111","軍團釣魚 - 標題","","0","356","940","0"
"1112","軍團釣魚","","1111","2586","940","1"
"1113","庫爾提拉斯釣魚 - 標題","贊達拉釣魚 - 標題","0","356","930","0"
"1114","庫爾提拉斯釣魚","贊達拉釣魚","1113","2585","930","1"
"1115","布甲護目鏡","","709","202","21","0"
"1116","刺繡","","942","197","1","0"
"1117","庫爾提拉斯烹飪 - 標題","贊達拉烹飪 - 標題","0","185","930","0"
"1118","庫爾提拉斯烹飪","贊達拉烹飪","1117","2541","930","1"
"1119","甜點","","1118","185","10","0"
"1120","輕食","","1118","185","5","0"
"1121","大餐","","1118","185","20","0"
"1122","筵席","","1118","185","30","0"
"1123","藥品與藥劑","","332","171","100","0"
"1124","抗毒藥劑","","604","171","100","0"
"1125","雕紋 - 死亡騎士","","415","773","139","0"
"1126","雕紋","","415","773","140","0"
"1127","雕紋","","410","773","140","0"
"1130","雕紋","","759","773","70","0"
"1228","大鍋","","592","171","1","0"
"1229","追隨者裝備","","709","202","100","0"
"1230","追隨者裝備","","942","197","999","0"
"1231","追隨者裝備","","542","164","999","0"
"1232","追隨者裝備","","647","333","999","0"
"1233","追隨者裝備","","805","755","999","0"
"1234","追隨者裝備","","592","171","999","0"
"1235","追隨者裝備","","759","773","999","0"
"1236","追隨者裝備","","871","165","999","0"
"1237","寵物","","647","333","50","0"
"1238","轉化","","592","171","60","0"
"1239","轉化","","542","164","60","0"
"1240","轉化","","647","333","60","0"
"1241","轉化","","709","202","60","0"
"1242","轉化","","759","773","80","0"
"1243","轉化","","805","755","50","0"
"1244","轉化","","871","165","50","0"
"1245","轉化","","942","197","60","0"
"1246","皮甲護目鏡","","709","202","22","0"
"1247","鎖甲護目鏡","","709","202","23","0"
"1248","鎧甲護目鏡","","709","202","24","0"
"1249","交易工具","","647","333","999","0"
"1250","訓練","","0","171","0","0"
"1251","分解","","647","333","70","0"
"1254","交易工具","","709","202","999","0"
"1255","訓練","","0","333","0","0"
"1256","炸藥","","1257","2720","20","0"
"1257","廢料場工程","","0","2720","0","0"
"1259","零件和工具","","1257","2720","50","0"
"1261","其他","","1257","2720","100","0"
"1262","交易工具","","759","773","999","0"
"1266","交易工具","","942","197","999","0"
"1267","交易工具","","871","165","999","0"
"1275","坐騎","","1257","2720","80","0"
"1276","鮮血合約","","759","773","990","0"
"1278","交易工具","","805","755","999","0"
"1279","鏽栓升級配件","","1257","2720","70","0"
"1280","零件工具行","","1257","2720","30","0"
"1281","資源","","1257","2720","10","0"
"1282","***[未經授權]***","","1257","2720","200","0"
"1283","裝備","","1257","2720","5","0"
"1284","Placeholder - Report If Visible","","1257","2720","999","0"
"1285","交通工具","","1257","2720","40","0"
"1288","坐騎裝備","","871","165","40","0"
"1289","坐騎裝備","","942","197","150","0"
"1290","坐騎裝備","","647","333","60","0"
"1291","機器人","","1257","2720","45","0"
"1304","法器","","592","171","990","0"
"1305","法器","","542","164","990","0"
"1306","法器","","709","202","990","0"
"1307","法器","","805","755","990","0"
"1308","法器","","871","165","990","0"
"1309","法器","","942","197","990","0"
"1449","佳餚","","1118","185","0","0"
